id,pkg,github,split,file,qualname,rule_first,ver_first,ver_last,n_versions_observed,label,days_span,fixed_ver_before,fixed_ver_after,signals_added,attribution_status,attributed_pr,attributed_commit_url,commits_in_window
deepteam:0.0.1:attack_simulator/attack_simulator.py:AttackSimulator.generate_remote_attack:d34d7ab66bc9da33,deepteam,confident-ai/deepteam,held-out,attack_simulator/attack_simulator.py,AttackSimulator.generate_remote_attack,,0.0.1,0.0.9,3,FIXED,,0.0.5,0.0.9,raise,ok,,https://github.com/confident-ai/deepteam/commit/ec46b0848c187f81d3c727962bbb9acf42b558b7,2
deepteam:0.0.5:__init__.py:check_for_update:55baab301208bde2,deepteam,confident-ai/deepteam,held-out,__init__.py,check_for_update,no-action,0.0.5,1.0.9,9,SURVIVED,497.4,,,,,,,
deepteam:0.0.5:__init__.py:check_for_update:de50b0d58920d41e,deepteam,confident-ai/deepteam,held-out,__init__.py,check_for_update,no-action,0.0.5,1.0.9,9,SURVIVED,497.4,,,,,,,
deepteam:0.2.7:attacks/multi_turn/bad_likert_judge/template.py:BadLikertJudgeTemplate.extract_score_3_example:455e0968e6efb7db,deepteam,confident-ai/deepteam,held-out,attacks/multi_turn/bad_likert_judge/template.py,BadLikertJudgeTemplate.extract_score_3_example,,0.2.7,1.0.9,4,SURVIVED,303.2,,,,,,,
deepteam:0.2.7:attacks/multi_turn/utils.py:a_enhance_attack:05d299d359373737,deepteam,confident-ai/deepteam,held-out,attacks/multi_turn/utils.py,a_enhance_attack,,0.2.7,1.0.9,4,SURVIVED,303.2,,,,,,,
deepteam:0.2.7:attacks/multi_turn/utils.py:enhance_attack:04b0effe7a085565,deepteam,confident-ai/deepteam,held-out,attacks/multi_turn/utils.py,enhance_attack,,0.2.7,1.0.9,4,SURVIVED,303.2,,,,,,,
deepteam:0.2.3:guardrails/guardrails.py:Guardrails.a_guard_input:3374cb068e81ac12,deepteam,confident-ai/deepteam,held-out,guardrails/guardrails.py,Guardrails.a_guard_input,,0.2.3,1.0.9,5,SURVIVED,364.8,,,,,,,
deepteam:0.2.3:guardrails/guardrails.py:Guardrails.a_guard_output:3374cb068e81ac12,deepteam,confident-ai/deepteam,held-out,guardrails/guardrails.py,Guardrails.a_guard_output,,0.2.3,1.0.9,5,SURVIVED,364.8,,,,,,,
deepteam:0.2.3:guardrails/guardrails.py:Guardrails.guard_input:45f71a442be787e1,deepteam,confident-ai/deepteam,held-out,guardrails/guardrails.py,Guardrails.guard_input,,0.2.3,1.0.9,5,SURVIVED,364.8,,,,,,,
deepteam:0.2.3:guardrails/guardrails.py:Guardrails.guard_output:ba4c27a848a0220b,deepteam,confident-ai/deepteam,held-out,guardrails/guardrails.py,Guardrails.guard_output,,0.2.3,1.0.9,5,SURVIVED,364.8,,,,,,,
deepteam:0.2.3:guardrails/guards/base_guard.py:BaseGuard._guard:01c6982752596116,deepteam,confident-ai/deepteam,held-out,guardrails/guards/base_guard.py,BaseGuard._guard,,0.2.3,1.0.9,5,SURVIVED,364.8,,,,,,,
deepteam:0.2.3:guardrails/guards/base_guard.py:BaseGuard.a_guard:30da7aea0f9e3a98,deepteam,confident-ai/deepteam,held-out,guardrails/guards/base_guard.py,BaseGuard.a_guard,,0.2.3,1.0.9,5,SURVIVED,364.8,,,,,,,
deepteam:0.1.7:metrics/agentic/amnesia_assessment/amnesia_assessment.py:AmnesiaAssessmentMetric.__init__:34d4e675ec36b4ed,deepteam,confident-ai/deepteam,held-out,metrics/agentic/amnesia_assessment/amnesia_assessment.py,AmnesiaAssessmentMetric.__init__,silent-fallback,0.1.7,1.0.9,6,SURVIVED,406.5,,,,,,,
deepteam:0.2.7:metrics/agentic/amnesia_assessment/amnesia_assessment.py:AmnesiaAssessmentMetric._a_evaluate:1bf122185a1f78f7,deepteam,confident-ai/deepteam,held-out,metrics/agentic/amnesia_assessment/amnesia_assessment.py,AmnesiaAssessmentMetric._a_evaluate,,0.2.7,1.0.9,4,SURVIVED,303.2,,,,,,,
deepteam:0.2.7:metrics/agentic/amnesia_assessment/amnesia_assessment.py:AmnesiaAssessmentMetric.a_generate_purpose:53e294f9e79441ec,deepteam,confident-ai/deepteam,held-out,metrics/agentic/amnesia_assessment/amnesia_assessment.py,AmnesiaAssessmentMetric.a_generate_purpose,,0.2.7,1.0.9,4,SURVIVED,303.2,,,,,,,
deepteam:0.2.7:metrics/agentic/amnesia_assessment/amnesia_assessment.py:AmnesiaAssessmentMetric.evaluate:062fa2a202e11736,deepteam,confident-ai/deepteam,held-out,metrics/agentic/amnesia_assessment/amnesia_assessment.py,AmnesiaAssessmentMetric.evaluate,,0.2.7,1.0.9,4,SURVIVED,303.2,,,,,,,
deepteam:0.2.7:metrics/agentic/amnesia_assessment/amnesia_assessment.py:AmnesiaAssessmentMetric.generate_purpose:8f5a465d08cdcc29,deepteam,confident-ai/deepteam,held-out,metrics/agentic/amnesia_assessment/amnesia_assessment.py,AmnesiaAssessmentMetric.generate_purpose,,0.2.7,1.0.9,4,SURVIVED,303.2,,,,,,,
deepteam:0.1.7:metrics/agentic/amnesia_assessment/amnesia_assessment.py:AmnesiaAssessmentMetric.is_successful:0245c88b4c5cc5a1,deepteam,confident-ai/deepteam,held-out,metrics/agentic/amnesia_assessment/amnesia_assessment.py,AmnesiaAssessmentMetric.is_successful,silent-fallback,0.1.7,1.0.9,6,SURVIVED,406.5,,,,,,,
deepteam:0.1.7:metrics/agentic/boundary_violation/boundary_violation.py:BoundaryViolationMetric.__init__:34d4e675ec36b4ed,deepteam,confident-ai/deepteam,held-out,metrics/agentic/boundary_violation/boundary_violation.py,BoundaryViolationMetric.__init__,silent-fallback,0.1.7,1.0.9,6,SURVIVED,406.5,,,,,,,
deepteam:0.2.7:metrics/agentic/boundary_violation/boundary_violation.py:BoundaryViolationMetric._a_evaluate:1bf122185a1f78f7,deepteam,confident-ai/deepteam,held-out,metrics/agentic/boundary_violation/boundary_violation.py,BoundaryViolationMetric._a_evaluate,,0.2.7,1.0.9,4,SURVIVED,303.2,,,,,,,
deepteam:0.2.7:metrics/agentic/boundary_violation/boundary_violation.py:BoundaryViolationMetric.a_generate_purpose:53e294f9e79441ec,deepteam,confident-ai/deepteam,held-out,metrics/agentic/boundary_violation/boundary_violation.py,BoundaryViolationMetric.a_generate_purpose,,0.2.7,1.0.9,4,SURVIVED,303.2,,,,,,,
deepteam:0.2.7:metrics/agentic/boundary_violation/boundary_violation.py:BoundaryViolationMetric.evaluate:062fa2a202e11736,deepteam,confident-ai/deepteam,held-out,metrics/agentic/boundary_violation/boundary_violation.py,BoundaryViolationMetric.evaluate,,0.2.7,1.0.9,4,SURVIVED,303.2,,,,,,,
deepteam:0.2.7:metrics/agentic/boundary_violation/boundary_violation.py:BoundaryViolationMetric.generate_purpose:8f5a465d08cdcc29,deepteam,confident-ai/deepteam,held-out,metrics/agentic/boundary_violation/boundary_violation.py,BoundaryViolationMetric.generate_purpose,,0.2.7,1.0.9,4,SURVIVED,303.2,,,,,,,
deepteam:0.1.7:metrics/agentic/boundary_violation/boundary_violation.py:BoundaryViolationMetric.is_successful:0245c88b4c5cc5a1,deepteam,confident-ai/deepteam,held-out,metrics/agentic/boundary_violation/boundary_violation.py,BoundaryViolationMetric.is_successful,silent-fallback,0.1.7,1.0.9,6,SURVIVED,406.5,,,,,,,
deepteam:0.1.7:metrics/agentic/domain_validation/domain_validation.py:DomainValidationMetric.__init__:34d4e675ec36b4ed,deepteam,confident-ai/deepteam,held-out,metrics/agentic/domain_validation/domain_validation.py,DomainValidationMetric.__init__,silent-fallback,0.1.7,1.0.9,6,SURVIVED,406.5,,,,,,,
deepteam:0.2.7:metrics/agentic/domain_validation/domain_validation.py:DomainValidationMetric._a_evaluate:1bf122185a1f78f7,deepteam,confident-ai/deepteam,held-out,metrics/agentic/domain_validation/domain_validation.py,DomainValidationMetric._a_evaluate,,0.2.7,1.0.9,4,SURVIVED,303.2,,,,,,,
deepteam:0.2.7:metrics/agentic/domain_validation/domain_validation.py:DomainValidationMetric.a_generate_purpose:53e294f9e79441ec,deepteam,confident-ai/deepteam,held-out,metrics/agentic/domain_validation/domain_validation.py,DomainValidationMetric.a_generate_purpose,,0.2.7,1.0.9,4,SURVIVED,303.2,,,,,,,
deepteam:0.2.7:metrics/agentic/domain_validation/domain_validation.py:DomainValidationMetric.evaluate:062fa2a202e11736,deepteam,confident-ai/deepteam,held-out,metrics/agentic/domain_validation/domain_validation.py,DomainValidationMetric.evaluate,,0.2.7,1.0.9,4,SURVIVED,303.2,,,,,,,
deepteam:0.2.7:metrics/agentic/domain_validation/domain_validation.py:DomainValidationMetric.generate_purpose:8f5a465d08cdcc29,deepteam,confident-ai/deepteam,held-out,metrics/agentic/domain_validation/domain_validation.py,DomainValidationMetric.generate_purpose,,0.2.7,1.0.9,4,SURVIVED,303.2,,,,,,,
deepteam:0.1.7:metrics/agentic/domain_validation/domain_validation.py:DomainValidationMetric.is_successful:0245c88b4c5cc5a1,deepteam,confident-ai/deepteam,held-out,metrics/agentic/domain_validation/domain_validation.py,DomainValidationMetric.is_successful,silent-fallback,0.1.7,1.0.9,6,SURVIVED,406.5,,,,,,,
deepteam:0.1.7:metrics/agentic/escalation_success/escalation_success.py:EscalationSuccessMetric.__init__:34d4e675ec36b4ed,deepteam,confident-ai/deepteam,held-out,metrics/agentic/escalation_success/escalation_success.py,EscalationSuccessMetric.__init__,silent-fallback,0.1.7,1.0.9,6,SURVIVED,406.5,,,,,,,
deepteam:0.2.7:metrics/agentic/escalation_success/escalation_success.py:EscalationSuccessMetric._a_evaluate:1bf122185a1f78f7,deepteam,confident-ai/deepteam,held-out,metrics/agentic/escalation_success/escalation_success.py,EscalationSuccessMetric._a_evaluate,,0.2.7,1.0.9,4,SURVIVED,303.2,,,,,,,
deepteam:0.2.7:metrics/agentic/escalation_success/escalation_success.py:EscalationSuccessMetric.a_generate_purpose:53e294f9e79441ec,deepteam,confident-ai/deepteam,held-out,metrics/agentic/escalation_success/escalation_success.py,EscalationSuccessMetric.a_generate_purpose,,0.2.7,1.0.9,4,SURVIVED,303.2,,,,,,,
deepteam:0.2.7:metrics/agentic/escalation_success/escalation_success.py:EscalationSuccessMetric.evaluate:062fa2a202e11736,deepteam,confident-ai/deepteam,held-out,metrics/agentic/escalation_success/escalation_success.py,EscalationSuccessMetric.evaluate,,0.2.7,1.0.9,4,SURVIVED,303.2,,,,,,,
deepteam:0.2.7:metrics/agentic/escalation_success/escalation_success.py:EscalationSuccessMetric.generate_purpose:8f5a465d08cdcc29,deepteam,confident-ai/deepteam,held-out,metrics/agentic/escalation_success/escalation_success.py,EscalationSuccessMetric.generate_purpose,,0.2.7,1.0.9,4,SURVIVED,303.2,,,,,,,
deepteam:0.1.7:metrics/agentic/escalation_success/escalation_success.py:EscalationSuccessMetric.is_successful:0245c88b4c5cc5a1,deepteam,confident-ai/deepteam,held-out,metrics/agentic/escalation_success/escalation_success.py,EscalationSuccessMetric.is_successful,silent-fallback,0.1.7,1.0.9,6,SURVIVED,406.5,,,,,,,
deepteam:0.1.7:metrics/agentic/extraction_success/extraction_success.py:ExtractionSuccessMetric.__init__:34d4e675ec36b4ed,deepteam,confident-ai/deepteam,held-out,metrics/agentic/extraction_success/extraction_success.py,ExtractionSuccessMetric.__init__,silent-fallback,0.1.7,1.0.9,6,SURVIVED,406.5,,,,,,,
deepteam:0.2.7:metrics/agentic/extraction_success/extraction_success.py:ExtractionSuccessMetric._a_evaluate:1bf122185a1f78f7,deepteam,confident-ai/deepteam,held-out,metrics/agentic/extraction_success/extraction_success.py,ExtractionSuccessMetric._a_evaluate,,0.2.7,1.0.9,4,SURVIVED,303.2,,,,,,,
deepteam:0.2.7:metrics/agentic/extraction_success/extraction_success.py:ExtractionSuccessMetric.a_generate_purpose:53e294f9e79441ec,deepteam,confident-ai/deepteam,held-out,metrics/agentic/extraction_success/extraction_success.py,ExtractionSuccessMetric.a_generate_purpose,,0.2.7,1.0.9,4,SURVIVED,303.2,,,,,,,
deepteam:0.2.7:metrics/agentic/extraction_success/extraction_success.py:ExtractionSuccessMetric.evaluate:062fa2a202e11736,deepteam,confident-ai/deepteam,held-out,metrics/agentic/extraction_success/extraction_success.py,ExtractionSuccessMetric.evaluate,,0.2.7,1.0.9,4,SURVIVED,303.2,,,,,,,
deepteam:0.2.7:metrics/agentic/extraction_success/extraction_success.py:ExtractionSuccessMetric.generate_purpose:8f5a465d08cdcc29,deepteam,confident-ai/deepteam,held-out,metrics/agentic/extraction_success/extraction_success.py,ExtractionSuccessMetric.generate_purpose,,0.2.7,1.0.9,4,SURVIVED,303.2,,,,,,,
deepteam:0.1.7:metrics/agentic/extraction_success/extraction_success.py:ExtractionSuccessMetric.is_successful:0245c88b4c5cc5a1,deepteam,confident-ai/deepteam,held-out,metrics/agentic/extraction_success/extraction_success.py,ExtractionSuccessMetric.is_successful,silent-fallback,0.1.7,1.0.9,6,SURVIVED,406.5,,,,,,,
deepteam:0.1.7:metrics/agentic/goal_drift/goal_drift.py:GoalDriftMetric.__init__:34d4e675ec36b4ed,deepteam,confident-ai/deepteam,held-out,metrics/agentic/goal_drift/goal_drift.py,GoalDriftMetric.__init__,silent-fallback,0.1.7,1.0.9,6,SURVIVED,406.5,,,,,,,
deepteam:0.2.7:metrics/agentic/goal_drift/goal_drift.py:GoalDriftMetric._a_evaluate:1bf122185a1f78f7,deepteam,confident-ai/deepteam,held-out,metrics/agentic/goal_drift/goal_drift.py,GoalDriftMetric._a_evaluate,,0.2.7,1.0.9,4,SURVIVED,303.2,,,,,,,
deepteam:0.2.7:metrics/agentic/goal_drift/goal_drift.py:GoalDriftMetric.a_generate_purpose:53e294f9e79441ec,deepteam,confident-ai/deepteam,held-out,metrics/agentic/goal_drift/goal_drift.py,GoalDriftMetric.a_generate_purpose,,0.2.7,1.0.9,4,SURVIVED,303.2,,,,,,,
deepteam:0.2.7:metrics/agentic/goal_drift/goal_drift.py:GoalDriftMetric.evaluate:062fa2a202e11736,deepteam,confident-ai/deepteam,held-out,metrics/agentic/goal_drift/goal_drift.py,GoalDriftMetric.evaluate,,0.2.7,1.0.9,4,SURVIVED,303.2,,,,,,,
deepteam:0.2.7:metrics/agentic/goal_drift/goal_drift.py:GoalDriftMetric.generate_purpose:8f5a465d08cdcc29,deepteam,confident-ai/deepteam,held-out,metrics/agentic/goal_drift/goal_drift.py,GoalDriftMetric.generate_purpose,,0.2.7,1.0.9,4,SURVIVED,303.2,,,,,,,
deepteam:0.1.7:metrics/agentic/goal_drift/goal_drift.py:GoalDriftMetric.is_successful:0245c88b4c5cc5a1,deepteam,confident-ai/deepteam,held-out,metrics/agentic/goal_drift/goal_drift.py,GoalDriftMetric.is_successful,silent-fallback,0.1.7,1.0.9,6,SURVIVED,406.5,,,,,,,
deepteam:0.1.7:metrics/agentic/hallucination_detection/hallucination_detection.py:HallucinationDetectionMetric.__init__:34d4e675ec36b4ed,deepteam,confident-ai/deepteam,held-out,metrics/agentic/hallucination_detection/hallucination_detection.py,HallucinationDetectionMetric.__init__,silent-fallback,0.1.7,1.0.9,6,SURVIVED,406.5,,,,,,,
deepteam:0.2.7:metrics/agentic/hallucination_detection/hallucination_detection.py:HallucinationDetectionMetric._a_evaluate:1bf122185a1f78f7,deepteam,confident-ai/deepteam,held-out,metrics/agentic/hallucination_detection/hallucination_detection.py,HallucinationDetectionMetric._a_evaluate,,0.2.7,1.0.9,4,SURVIVED,303.2,,,,,,,
deepteam:0.2.7:metrics/agentic/hallucination_detection/hallucination_detection.py:HallucinationDetectionMetric.a_generate_purpose:53e294f9e79441ec,deepteam,confident-ai/deepteam,held-out,metrics/agentic/hallucination_detection/hallucination_detection.py,HallucinationDetectionMetric.a_generate_purpose,,0.2.7,1.0.9,4,SURVIVED,303.2,,,,,,,
deepteam:0.2.7:metrics/agentic/hallucination_detection/hallucination_detection.py:HallucinationDetectionMetric.evaluate:062fa2a202e11736,deepteam,confident-ai/deepteam,held-out,metrics/agentic/hallucination_detection/hallucination_detection.py,HallucinationDetectionMetric.evaluate,,0.2.7,1.0.9,4,SURVIVED,303.2,,,,,,,
deepteam:0.2.7:metrics/agentic/hallucination_detection/hallucination_detection.py:HallucinationDetectionMetric.generate_purpose:8f5a465d08cdcc29,deepteam,confident-ai/deepteam,held-out,metrics/agentic/hallucination_detection/hallucination_detection.py,HallucinationDetectionMetric.generate_purpose,,0.2.7,1.0.9,4,SURVIVED,303.2,,,,,,,
deepteam:0.1.7:metrics/agentic/hallucination_detection/hallucination_detection.py:HallucinationDetectionMetric.is_successful:0245c88b4c5cc5a1,deepteam,confident-ai/deepteam,held-out,metrics/agentic/hallucination_detection/hallucination_detection.py,HallucinationDetectionMetric.is_successful,silent-fallback,0.1.7,1.0.9,6,SURVIVED,406.5,,,,,,,
deepteam:0.1.7:metrics/agentic/hierarchy_consistency/hierarchy_consistency.py:HierarchyConsistencyMetric.__init__:34d4e675ec36b4ed,deepteam,confident-ai/deepteam,held-out,metrics/agentic/hierarchy_consistency/hierarchy_consistency.py,HierarchyConsistencyMetric.__init__,silent-fallback,0.1.7,1.0.9,6,SURVIVED,406.5,,,,,,,
deepteam:0.2.7:metrics/agentic/hierarchy_consistency/hierarchy_consistency.py:HierarchyConsistencyMetric._a_evaluate:1bf122185a1f78f7,deepteam,confident-ai/deepteam,held-out,metrics/agentic/hierarchy_consistency/hierarchy_consistency.py,HierarchyConsistencyMetric._a_evaluate,,0.2.7,1.0.9,4,SURVIVED,303.2,,,,,,,
deepteam:0.2.7:metrics/agentic/hierarchy_consistency/hierarchy_consistency.py:HierarchyConsistencyMetric.a_generate_purpose:53e294f9e79441ec,deepteam,confident-ai/deepteam,held-out,metrics/agentic/hierarchy_consistency/hierarchy_consistency.py,HierarchyConsistencyMetric.a_generate_purpose,,0.2.7,1.0.9,4,SURVIVED,303.2,,,,,,,
deepteam:0.2.7:metrics/agentic/hierarchy_consistency/hierarchy_consistency.py:HierarchyConsistencyMetric.evaluate:062fa2a202e11736,deepteam,confident-ai/deepteam,held-out,metrics/agentic/hierarchy_consistency/hierarchy_consistency.py,HierarchyConsistencyMetric.evaluate,,0.2.7,1.0.9,4,SURVIVED,303.2,,,,,,,
deepteam:0.2.7:metrics/agentic/hierarchy_consistency/hierarchy_consistency.py:HierarchyConsistencyMetric.generate_purpose:8f5a465d08cdcc29,deepteam,confident-ai/deepteam,held-out,metrics/agentic/hierarchy_consistency/hierarchy_consistency.py,HierarchyConsistencyMetric.generate_purpose,,0.2.7,1.0.9,4,SURVIVED,303.2,,,,,,,
deepteam:0.1.7:metrics/agentic/hierarchy_consistency/hierarchy_consistency.py:HierarchyConsistencyMetric.is_successful:0245c88b4c5cc5a1,deepteam,confident-ai/deepteam,held-out,metrics/agentic/hierarchy_consistency/hierarchy_consistency.py,HierarchyConsistencyMetric.is_successful,silent-fallback,0.1.7,1.0.9,6,SURVIVED,406.5,,,,,,,
deepteam:0.1.7:metrics/agentic/leakage_rate/leakage_rate.py:LeakageRateMetric.__init__:34d4e675ec36b4ed,deepteam,confident-ai/deepteam,held-out,metrics/agentic/leakage_rate/leakage_rate.py,LeakageRateMetric.__init__,silent-fallback,0.1.7,1.0.9,6,SURVIVED,406.5,,,,,,,
deepteam:0.2.7:metrics/agentic/leakage_rate/leakage_rate.py:LeakageRateMetric._a_evaluate:1bf122185a1f78f7,deepteam,confident-ai/deepteam,held-out,metrics/agentic/leakage_rate/leakage_rate.py,LeakageRateMetric._a_evaluate,,0.2.7,1.0.9,4,SURVIVED,303.2,,,,,,,
deepteam:0.2.7:metrics/agentic/leakage_rate/leakage_rate.py:LeakageRateMetric.a_generate_purpose:53e294f9e79441ec,deepteam,confident-ai/deepteam,held-out,metrics/agentic/leakage_rate/leakage_rate.py,LeakageRateMetric.a_generate_purpose,,0.2.7,1.0.9,4,SURVIVED,303.2,,,,,,,
deepteam:0.2.7:metrics/agentic/leakage_rate/leakage_rate.py:LeakageRateMetric.evaluate:062fa2a202e11736,deepteam,confident-ai/deepteam,held-out,metrics/agentic/leakage_rate/leakage_rate.py,LeakageRateMetric.evaluate,,0.2.7,1.0.9,4,SURVIVED,303.2,,,,,,,
deepteam:0.2.7:metrics/agentic/leakage_rate/leakage_rate.py:LeakageRateMetric.generate_purpose:8f5a465d08cdcc29,deepteam,confident-ai/deepteam,held-out,metrics/agentic/leakage_rate/leakage_rate.py,LeakageRateMetric.generate_purpose,,0.2.7,1.0.9,4,SURVIVED,303.2,,,,,,,
deepteam:0.1.7:metrics/agentic/leakage_rate/leakage_rate.py:LeakageRateMetric.is_successful:0245c88b4c5cc5a1,deepteam,confident-ai/deepteam,held-out,metrics/agentic/leakage_rate/leakage_rate.py,LeakageRateMetric.is_successful,silent-fallback,0.1.7,1.0.9,6,SURVIVED,406.5,,,,,,,
deepteam:0.1.7:metrics/agentic/manipulation_assessment/manipulation_assessment.py:ManipulationAssessmentMetric.__init__:34d4e675ec36b4ed,deepteam,confident-ai/deepteam,held-out,metrics/agentic/manipulation_assessment/manipulation_assessment.py,ManipulationAssessmentMetric.__init__,silent-fallback,0.1.7,1.0.9,6,SURVIVED,406.5,,,,,,,
deepteam:0.2.7:metrics/agentic/manipulation_assessment/manipulation_assessment.py:ManipulationAssessmentMetric._a_evaluate:1bf122185a1f78f7,deepteam,confident-ai/deepteam,held-out,metrics/agentic/manipulation_assessment/manipulation_assessment.py,ManipulationAssessmentMetric._a_evaluate,,0.2.7,1.0.9,4,SURVIVED,303.2,,,,,,,
deepteam:0.2.7:metrics/agentic/manipulation_assessment/manipulation_assessment.py:ManipulationAssessmentMetric.a_generate_purpose:53e294f9e79441ec,deepteam,confident-ai/deepteam,held-out,metrics/agentic/manipulation_assessment/manipulation_assessment.py,ManipulationAssessmentMetric.a_generate_purpose,,0.2.7,1.0.9,4,SURVIVED,303.2,,,,,,,
deepteam:0.2.7:metrics/agentic/manipulation_assessment/manipulation_assessment.py:ManipulationAssessmentMetric.evaluate:062fa2a202e11736,deepteam,confident-ai/deepteam,held-out,metrics/agentic/manipulation_assessment/manipulation_assessment.py,ManipulationAssessmentMetric.evaluate,,0.2.7,1.0.9,4,SURVIVED,303.2,,,,,,,
deepteam:0.2.7:metrics/agentic/manipulation_assessment/manipulation_assessment.py:ManipulationAssessmentMetric.generate_purpose:8f5a465d08cdcc29,deepteam,confident-ai/deepteam,held-out,metrics/agentic/manipulation_assessment/manipulation_assessment.py,ManipulationAssessmentMetric.generate_purpose,,0.2.7,1.0.9,4,SURVIVED,303.2,,,,,,,
deepteam:0.1.7:metrics/agentic/manipulation_assessment/manipulation_assessment.py:ManipulationAssessmentMetric.is_successful:0245c88b4c5cc5a1,deepteam,confident-ai/deepteam,held-out,metrics/agentic/manipulation_assessment/manipulation_assessment.py,ManipulationAssessmentMetric.is_successful,silent-fallback,0.1.7,1.0.9,6,SURVIVED,406.5,,,,,,,
deepteam:0.1.7:metrics/agentic/misinterpretation/misinterpretation.py:MisinterpretationMetric.__init__:34d4e675ec36b4ed,deepteam,confident-ai/deepteam,held-out,metrics/agentic/misinterpretation/misinterpretation.py,MisinterpretationMetric.__init__,silent-fallback,0.1.7,1.0.9,6,SURVIVED,406.5,,,,,,,
deepteam:0.2.7:metrics/agentic/misinterpretation/misinterpretation.py:MisinterpretationMetric._a_evaluate:1bf122185a1f78f7,deepteam,confident-ai/deepteam,held-out,metrics/agentic/misinterpretation/misinterpretation.py,MisinterpretationMetric._a_evaluate,,0.2.7,1.0.9,4,SURVIVED,303.2,,,,,,,
deepteam:0.2.7:metrics/agentic/misinterpretation/misinterpretation.py:MisinterpretationMetric.a_generate_purpose:53e294f9e79441ec,deepteam,confident-ai/deepteam,held-out,metrics/agentic/misinterpretation/misinterpretation.py,MisinterpretationMetric.a_generate_purpose,,0.2.7,1.0.9,4,SURVIVED,303.2,,,,,,,
deepteam:0.2.7:metrics/agentic/misinterpretation/misinterpretation.py:MisinterpretationMetric.evaluate:062fa2a202e11736,deepteam,confident-ai/deepteam,held-out,metrics/agentic/misinterpretation/misinterpretation.py,MisinterpretationMetric.evaluate,,0.2.7,1.0.9,4,SURVIVED,303.2,,,,,,,
deepteam:0.2.7:metrics/agentic/misinterpretation/misinterpretation.py:MisinterpretationMetric.generate_purpose:8f5a465d08cdcc29,deepteam,confident-ai/deepteam,held-out,metrics/agentic/misinterpretation/misinterpretation.py,MisinterpretationMetric.generate_purpose,,0.2.7,1.0.9,4,SURVIVED,303.2,,,,,,,
deepteam:0.1.7:metrics/agentic/misinterpretation/misinterpretation.py:MisinterpretationMetric.is_successful:0245c88b4c5cc5a1,deepteam,confident-ai/deepteam,held-out,metrics/agentic/misinterpretation/misinterpretation.py,MisinterpretationMetric.is_successful,silent-fallback,0.1.7,1.0.9,6,SURVIVED,406.5,,,,,,,
deepteam:0.1.7:metrics/agentic/poisoning_assessment/poisoning_assessment.py:PoisoningAssessmentMetric.__init__:34d4e675ec36b4ed,deepteam,confident-ai/deepteam,held-out,metrics/agentic/poisoning_assessment/poisoning_assessment.py,PoisoningAssessmentMetric.__init__,silent-fallback,0.1.7,1.0.9,6,SURVIVED,406.5,,,,,,,
deepteam:0.2.7:metrics/agentic/poisoning_assessment/poisoning_assessment.py:PoisoningAssessmentMetric._a_evaluate:1bf122185a1f78f7,deepteam,confident-ai/deepteam,held-out,metrics/agentic/poisoning_assessment/poisoning_assessment.py,PoisoningAssessmentMetric._a_evaluate,,0.2.7,1.0.9,4,SURVIVED,303.2,,,,,,,
deepteam:0.2.7:metrics/agentic/poisoning_assessment/poisoning_assessment.py:PoisoningAssessmentMetric.a_generate_purpose:53e294f9e79441ec,deepteam,confident-ai/deepteam,held-out,metrics/agentic/poisoning_assessment/poisoning_assessment.py,PoisoningAssessmentMetric.a_generate_purpose,,0.2.7,1.0.9,4,SURVIVED,303.2,,,,,,,
deepteam:0.2.7:metrics/agentic/poisoning_assessment/poisoning_assessment.py:PoisoningAssessmentMetric.evaluate:062fa2a202e11736,deepteam,confident-ai/deepteam,held-out,metrics/agentic/poisoning_assessment/poisoning_assessment.py,PoisoningAssessmentMetric.evaluate,,0.2.7,1.0.9,4,SURVIVED,303.2,,,,,,,
deepteam:0.2.7:metrics/agentic/poisoning_assessment/poisoning_assessment.py:PoisoningAssessmentMetric.generate_purpose:8f5a465d08cdcc29,deepteam,confident-ai/deepteam,held-out,metrics/agentic/poisoning_assessment/poisoning_assessment.py,PoisoningAssessmentMetric.generate_purpose,,0.2.7,1.0.9,4,SURVIVED,303.2,,,,,,,
deepteam:0.1.7:metrics/agentic/poisoning_assessment/poisoning_assessment.py:PoisoningAssessmentMetric.is_successful:0245c88b4c5cc5a1,deepteam,confident-ai/deepteam,held-out,metrics/agentic/poisoning_assessment/poisoning_assessment.py,PoisoningAssessmentMetric.is_successful,silent-fallback,0.1.7,1.0.9,6,SURVIVED,406.5,,,,,,,
deepteam:0.1.7:metrics/agentic/subversion_success/subversion_success.py:SubversionSuccessMetric.__init__:34d4e675ec36b4ed,deepteam,confident-ai/deepteam,held-out,metrics/agentic/subversion_success/subversion_success.py,SubversionSuccessMetric.__init__,silent-fallback,0.1.7,1.0.9,6,SURVIVED,406.5,,,,,,,
deepteam:0.2.7:metrics/agentic/subversion_success/subversion_success.py:SubversionSuccessMetric._a_evaluate:1bf122185a1f78f7,deepteam,confident-ai/deepteam,held-out,metrics/agentic/subversion_success/subversion_success.py,SubversionSuccessMetric._a_evaluate,,0.2.7,1.0.9,4,SURVIVED,303.2,,,,,,,
deepteam:0.2.7:metrics/agentic/subversion_success/subversion_success.py:SubversionSuccessMetric.a_generate_purpose:53e294f9e79441ec,deepteam,confident-ai/deepteam,held-out,metrics/agentic/subversion_success/subversion_success.py,SubversionSuccessMetric.a_generate_purpose,,0.2.7,1.0.9,4,SURVIVED,303.2,,,,,,,
deepteam:0.2.7:metrics/agentic/subversion_success/subversion_success.py:SubversionSuccessMetric.evaluate:062fa2a202e11736,deepteam,confident-ai/deepteam,held-out,metrics/agentic/subversion_success/subversion_success.py,SubversionSuccessMetric.evaluate,,0.2.7,1.0.9,4,SURVIVED,303.2,,,,,,,
deepteam:0.2.7:metrics/agentic/subversion_success/subversion_success.py:SubversionSuccessMetric.generate_purpose:8f5a465d08cdcc29,deepteam,confident-ai/deepteam,held-out,metrics/agentic/subversion_success/subversion_success.py,SubversionSuccessMetric.generate_purpose,,0.2.7,1.0.9,4,SURVIVED,303.2,,,,,,,
deepteam:0.1.7:metrics/agentic/subversion_success/subversion_success.py:SubversionSuccessMetric.is_successful:0245c88b4c5cc5a1,deepteam,confident-ai/deepteam,held-out,metrics/agentic/subversion_success/subversion_success.py,SubversionSuccessMetric.is_successful,silent-fallback,0.1.7,1.0.9,6,SURVIVED,406.5,,,,,,,
deepteam:0.1.7:metrics/agentic/temporal_assessment/temporal_assessment.py:TemporalAssessmentMetric.__init__:34d4e675ec36b4ed,deepteam,confident-ai/deepteam,held-out,metrics/agentic/temporal_assessment/temporal_assessment.py,TemporalAssessmentMetric.__init__,silent-fallback,0.1.7,1.0.9,6,SURVIVED,406.5,,,,,,,
deepteam:0.2.7:metrics/agentic/temporal_assessment/temporal_assessment.py:TemporalAssessmentMetric._a_evaluate:1bf122185a1f78f7,deepteam,confident-ai/deepteam,held-out,metrics/agentic/temporal_assessment/temporal_assessment.py,TemporalAssessmentMetric._a_evaluate,,0.2.7,1.0.9,4,SURVIVED,303.2,,,,,,,
deepteam:0.2.7:metrics/agentic/temporal_assessment/temporal_assessment.py:TemporalAssessmentMetric.a_generate_purpose:53e294f9e79441ec,deepteam,confident-ai/deepteam,held-out,metrics/agentic/temporal_assessment/temporal_assessment.py,TemporalAssessmentMetric.a_generate_purpose,,0.2.7,1.0.9,4,SURVIVED,303.2,,,,,,,
deepteam:0.2.7:metrics/agentic/temporal_assessment/temporal_assessment.py:TemporalAssessmentMetric.evaluate:062fa2a202e11736,deepteam,confident-ai/deepteam,held-out,metrics/agentic/temporal_assessment/temporal_assessment.py,TemporalAssessmentMetric.evaluate,,0.2.7,1.0.9,4,SURVIVED,303.2,,,,,,,
deepteam:0.2.7:metrics/agentic/temporal_assessment/temporal_assessment.py:TemporalAssessmentMetric.generate_purpose:8f5a465d08cdcc29,deepteam,confident-ai/deepteam,held-out,metrics/agentic/temporal_assessment/temporal_assessment.py,TemporalAssessmentMetric.generate_purpose,,0.2.7,1.0.9,4,SURVIVED,303.2,,,,,,,
deepteam:0.1.7:metrics/agentic/temporal_assessment/temporal_assessment.py:TemporalAssessmentMetric.is_successful:0245c88b4c5cc5a1,deepteam,confident-ai/deepteam,held-out,metrics/agentic/temporal_assessment/temporal_assessment.py,TemporalAssessmentMetric.is_successful,silent-fallback,0.1.7,1.0.9,6,SURVIVED,406.5,,,,,,,
deepteam:0.1.7:metrics/agentic/unauthorized_execution/unauthorized_execution.py:UnauthorizedExecutionMetric.__init__:34d4e675ec36b4ed,deepteam,confident-ai/deepteam,held-out,metrics/agentic/unauthorized_execution/unauthorized_execution.py,UnauthorizedExecutionMetric.__init__,silent-fallback,0.1.7,1.0.9,6,SURVIVED,406.5,,,,,,,
deepteam:0.2.7:metrics/agentic/unauthorized_execution/unauthorized_execution.py:UnauthorizedExecutionMetric._a_evaluate:1bf122185a1f78f7,deepteam,confident-ai/deepteam,held-out,metrics/agentic/unauthorized_execution/unauthorized_execution.py,UnauthorizedExecutionMetric._a_evaluate,,0.2.7,1.0.9,4,SURVIVED,303.2,,,,,,,
deepteam:0.2.7:metrics/agentic/unauthorized_execution/unauthorized_execution.py:UnauthorizedExecutionMetric.a_generate_purpose:53e294f9e79441ec,deepteam,confident-ai/deepteam,held-out,metrics/agentic/unauthorized_execution/unauthorized_execution.py,UnauthorizedExecutionMetric.a_generate_purpose,,0.2.7,1.0.9,4,SURVIVED,303.2,,,,,,,
deepteam:0.2.7:metrics/agentic/unauthorized_execution/unauthorized_execution.py:UnauthorizedExecutionMetric.evaluate:062fa2a202e11736,deepteam,confident-ai/deepteam,held-out,metrics/agentic/unauthorized_execution/unauthorized_execution.py,UnauthorizedExecutionMetric.evaluate,,0.2.7,1.0.9,4,SURVIVED,303.2,,,,,,,
deepteam:0.2.7:metrics/agentic/unauthorized_execution/unauthorized_execution.py:UnauthorizedExecutionMetric.generate_purpose:8f5a465d08cdcc29,deepteam,confident-ai/deepteam,held-out,metrics/agentic/unauthorized_execution/unauthorized_execution.py,UnauthorizedExecutionMetric.generate_purpose,,0.2.7,1.0.9,4,SURVIVED,303.2,,,,,,,
deepteam:0.1.7:metrics/agentic/unauthorized_execution/unauthorized_execution.py:UnauthorizedExecutionMetric.is_successful:0245c88b4c5cc5a1,deepteam,confident-ai/deepteam,held-out,metrics/agentic/unauthorized_execution/unauthorized_execution.py,UnauthorizedExecutionMetric.is_successful,silent-fallback,0.1.7,1.0.9,6,SURVIVED,406.5,,,,,,,
deepteam:0.1.7:metrics/agentic/verification_assessment/verification_assessment.py:VerificationAssessmentMetric.__init__:34d4e675ec36b4ed,deepteam,confident-ai/deepteam,held-out,metrics/agentic/verification_assessment/verification_assessment.py,VerificationAssessmentMetric.__init__,silent-fallback,0.1.7,1.0.9,6,SURVIVED,406.5,,,,,,,
deepteam:0.2.7:metrics/agentic/verification_assessment/verification_assessment.py:VerificationAssessmentMetric._a_evaluate:1bf122185a1f78f7,deepteam,confident-ai/deepteam,held-out,metrics/agentic/verification_assessment/verification_assessment.py,VerificationAssessmentMetric._a_evaluate,,0.2.7,1.0.9,4,SURVIVED,303.2,,,,,,,
deepteam:0.2.7:metrics/agentic/verification_assessment/verification_assessment.py:VerificationAssessmentMetric.a_generate_purpose:53e294f9e79441ec,deepteam,confident-ai/deepteam,held-out,metrics/agentic/verification_assessment/verification_assessment.py,VerificationAssessmentMetric.a_generate_purpose,,0.2.7,1.0.9,4,SURVIVED,303.2,,,,,,,
deepteam:0.2.7:metrics/agentic/verification_assessment/verification_assessment.py:VerificationAssessmentMetric.evaluate:062fa2a202e11736,deepteam,confident-ai/deepteam,held-out,metrics/agentic/verification_assessment/verification_assessment.py,VerificationAssessmentMetric.evaluate,,0.2.7,1.0.9,4,SURVIVED,303.2,,,,,,,
deepteam:0.2.7:metrics/agentic/verification_assessment/verification_assessment.py:VerificationAssessmentMetric.generate_purpose:8f5a465d08cdcc29,deepteam,confident-ai/deepteam,held-out,metrics/agentic/verification_assessment/verification_assessment.py,VerificationAssessmentMetric.generate_purpose,,0.2.7,1.0.9,4,SURVIVED,303.2,,,,,,,
deepteam:0.1.7:metrics/agentic/verification_assessment/verification_assessment.py:VerificationAssessmentMetric.is_successful:0245c88b4c5cc5a1,deepteam,confident-ai/deepteam,held-out,metrics/agentic/verification_assessment/verification_assessment.py,VerificationAssessmentMetric.is_successful,silent-fallback,0.1.7,1.0.9,6,SURVIVED,406.5,,,,,,,
deepteam:0.0.1:metrics/bfla/bfla.py:BFLAGrader.__init__:34d4e675ec36b4ed,deepteam,confident-ai/deepteam,held-out,metrics/bfla/bfla.py,BFLAGrader.__init__,silent-fallback,0.0.1,1.0.9,10,SURVIVED,523.3,,,,,,,
deepteam:0.0.1:metrics/bfla/bfla.py:BFLAGrader.is_successful:0245c88b4c5cc5a1,deepteam,confident-ai/deepteam,held-out,metrics/bfla/bfla.py,BFLAGrader.is_successful,silent-fallback,0.0.1,1.0.9,10,SURVIVED,523.3,,,,,,,
deepteam:0.2.7:metrics/bfla/bfla.py:BFLAMetric._a_evaluate:1bf122185a1f78f7,deepteam,confident-ai/deepteam,held-out,metrics/bfla/bfla.py,BFLAMetric._a_evaluate,,0.2.7,1.0.9,4,SURVIVED,303.2,,,,,,,
deepteam:0.2.7:metrics/bfla/bfla.py:BFLAMetric.a_generate_purpose:53e294f9e79441ec,deepteam,confident-ai/deepteam,held-out,metrics/bfla/bfla.py,BFLAMetric.a_generate_purpose,,0.2.7,1.0.9,4,SURVIVED,303.2,,,,,,,
deepteam:0.2.7:metrics/bfla/bfla.py:BFLAMetric.evaluate:062fa2a202e11736,deepteam,confident-ai/deepteam,held-out,metrics/bfla/bfla.py,BFLAMetric.evaluate,,0.2.7,1.0.9,4,SURVIVED,303.2,,,,,,,
deepteam:0.2.7:metrics/bfla/bfla.py:BFLAMetric.generate_purpose:8f5a465d08cdcc29,deepteam,confident-ai/deepteam,held-out,metrics/bfla/bfla.py,BFLAMetric.generate_purpose,,0.2.7,1.0.9,4,SURVIVED,303.2,,,,,,,
deepteam:0.0.1:metrics/bias/bias.py:BiasGrader.__init__:34d4e675ec36b4ed,deepteam,confident-ai/deepteam,held-out,metrics/bias/bias.py,BiasGrader.__init__,silent-fallback,0.0.1,1.0.9,10,SURVIVED,523.3,,,,,,,
deepteam:0.0.1:metrics/bias/bias.py:BiasGrader.is_successful:0245c88b4c5cc5a1,deepteam,confident-ai/deepteam,held-out,metrics/bias/bias.py,BiasGrader.is_successful,silent-fallback,0.0.1,1.0.9,10,SURVIVED,523.3,,,,,,,
deepteam:0.2.7:metrics/bias/bias.py:BiasMetric._a_evaluate:1bf122185a1f78f7,deepteam,confident-ai/deepteam,held-out,metrics/bias/bias.py,BiasMetric._a_evaluate,,0.2.7,1.0.9,4,SURVIVED,303.2,,,,,,,
deepteam:0.2.7:metrics/bias/bias.py:BiasMetric.a_generate_purpose:53e294f9e79441ec,deepteam,confident-ai/deepteam,held-out,metrics/bias/bias.py,BiasMetric.a_generate_purpose,,0.2.7,1.0.9,4,SURVIVED,303.2,,,,,,,
deepteam:0.2.7:metrics/bias/bias.py:BiasMetric.evaluate:062fa2a202e11736,deepteam,confident-ai/deepteam,held-out,metrics/bias/bias.py,BiasMetric.evaluate,,0.2.7,1.0.9,4,SURVIVED,303.2,,,,,,,
deepteam:0.2.7:metrics/bias/bias.py:BiasMetric.generate_purpose:8f5a465d08cdcc29,deepteam,confident-ai/deepteam,held-out,metrics/bias/bias.py,BiasMetric.generate_purpose,,0.2.7,1.0.9,4,SURVIVED,303.2,,,,,,,
deepteam:0.0.1:metrics/bola/bola.py:BOLAGrader.__init__:34d4e675ec36b4ed,deepteam,confident-ai/deepteam,held-out,metrics/bola/bola.py,BOLAGrader.__init__,silent-fallback,0.0.1,1.0.9,10,SURVIVED,523.3,,,,,,,
deepteam:0.0.1:metrics/bola/bola.py:BOLAGrader.is_successful:0245c88b4c5cc5a1,deepteam,confident-ai/deepteam,held-out,metrics/bola/bola.py,BOLAGrader.is_successful,silent-fallback,0.0.1,1.0.9,10,SURVIVED,523.3,,,,,,,
deepteam:0.2.7:metrics/bola/bola.py:BOLAMetric._a_evaluate:1bf122185a1f78f7,deepteam,confident-ai/deepteam,held-out,metrics/bola/bola.py,BOLAMetric._a_evaluate,,0.2.7,1.0.9,4,SURVIVED,303.2,,,,,,,
deepteam:0.2.7:metrics/bola/bola.py:BOLAMetric.a_generate_entities:b00dbcd35be38ee0,deepteam,confident-ai/deepteam,held-out,metrics/bola/bola.py,BOLAMetric.a_generate_entities,,0.2.7,1.0.9,4,SURVIVED,303.2,,,,,,,
deepteam:0.2.7:metrics/bola/bola.py:BOLAMetric.evaluate:062fa2a202e11736,deepteam,confident-ai/deepteam,held-out,metrics/bola/bola.py,BOLAMetric.evaluate,,0.2.7,1.0.9,4,SURVIVED,303.2,,,,,,,
deepteam:0.2.7:metrics/bola/bola.py:BOLAMetric.generate_entities:18d4687a6dab10c3,deepteam,confident-ai/deepteam,held-out,metrics/bola/bola.py,BOLAMetric.generate_entities,,0.2.7,1.0.9,4,SURVIVED,303.2,,,,,,,
deepteam:0.0.1:metrics/competitors/competitors.py:CompetitorsGrader.is_successful:0245c88b4c5cc5a1,deepteam,confident-ai/deepteam,held-out,metrics/competitors/competitors.py,CompetitorsGrader.is_successful,silent-fallback,0.0.1,1.0.9,10,SURVIVED,523.3,,,,,,,
deepteam:0.2.7:metrics/competitors/competitors.py:CompetitorsMetric._a_evaluate:1bf122185a1f78f7,deepteam,confident-ai/deepteam,held-out,metrics/competitors/competitors.py,CompetitorsMetric._a_evaluate,,0.2.7,1.0.9,4,SURVIVED,303.2,,,,,,,
deepteam:0.2.7:metrics/competitors/competitors.py:CompetitorsMetric.a_generate_purpose:53e294f9e79441ec,deepteam,confident-ai/deepteam,held-out,metrics/competitors/competitors.py,CompetitorsMetric.a_generate_purpose,,0.2.7,1.0.9,4,SURVIVED,303.2,,,,,,,
deepteam:0.2.7:metrics/competitors/competitors.py:CompetitorsMetric.evaluate:062fa2a202e11736,deepteam,confident-ai/deepteam,held-out,metrics/competitors/competitors.py,CompetitorsMetric.evaluate,,0.2.7,1.0.9,4,SURVIVED,303.2,,,,,,,
deepteam:0.2.7:metrics/competitors/competitors.py:CompetitorsMetric.generate_purpose:8f5a465d08cdcc29,deepteam,confident-ai/deepteam,held-out,metrics/competitors/competitors.py,CompetitorsMetric.generate_purpose,,0.2.7,1.0.9,4,SURVIVED,303.2,,,,,,,
deepteam:0.0.1:metrics/contracts/contracts.py:ContractsGrader.is_successful:0245c88b4c5cc5a1,deepteam,confident-ai/deepteam,held-out,metrics/contracts/contracts.py,ContractsGrader.is_successful,silent-fallback,0.0.1,1.0.9,10,SURVIVED,523.3,,,,,,,
deepteam:0.2.7:metrics/contracts/contracts.py:ContractsMetric._a_evaluate:1bf122185a1f78f7,deepteam,confident-ai/deepteam,held-out,metrics/contracts/contracts.py,ContractsMetric._a_evaluate,,0.2.7,1.0.9,4,SURVIVED,303.2,,,,,,,
deepteam:0.2.7:metrics/contracts/contracts.py:ContractsMetric.evaluate:062fa2a202e11736,deepteam,confident-ai/deepteam,held-out,metrics/contracts/contracts.py,ContractsMetric.evaluate,,0.2.7,1.0.9,4,SURVIVED,303.2,,,,,,,
deepteam:0.0.1:metrics/debug_access/debug_access.py:DebugAccessGrader.is_successful:0245c88b4c5cc5a1,deepteam,confident-ai/deepteam,held-out,metrics/debug_access/debug_access.py,DebugAccessGrader.is_successful,silent-fallback,0.0.1,1.0.9,10,SURVIVED,523.3,,,,,,,
deepteam:0.2.7:metrics/debug_access/debug_access.py:DebugAccessMetric._a_evaluate:1bf122185a1f78f7,deepteam,confident-ai/deepteam,held-out,metrics/debug_access/debug_access.py,DebugAccessMetric._a_evaluate,,0.2.7,1.0.9,4,SURVIVED,303.2,,,,,,,
deepteam:0.2.7:metrics/debug_access/debug_access.py:DebugAccessMetric.evaluate:062fa2a202e11736,deepteam,confident-ai/deepteam,held-out,metrics/debug_access/debug_access.py,DebugAccessMetric.evaluate,,0.2.7,1.0.9,4,SURVIVED,303.2,,,,,,,
deepteam:0.0.1:metrics/excessive_agency/excessive_agency.py:ExcessiveAgencyGrader.is_successful:0245c88b4c5cc5a1,deepteam,confident-ai/deepteam,held-out,metrics/excessive_agency/excessive_agency.py,ExcessiveAgencyGrader.is_successful,silent-fallback,0.0.1,1.0.9,10,SURVIVED,523.3,,,,,,,
deepteam:0.2.7:metrics/excessive_agency/excessive_agency.py:ExcessiveAgencyMetric._a_evaluate:1bf122185a1f78f7,deepteam,confident-ai/deepteam,held-out,metrics/excessive_agency/excessive_agency.py,ExcessiveAgencyMetric._a_evaluate,,0.2.7,1.0.9,4,SURVIVED,303.2,,,,,,,
deepteam:0.2.7:metrics/excessive_agency/excessive_agency.py:ExcessiveAgencyMetric.evaluate:062fa2a202e11736,deepteam,confident-ai/deepteam,held-out,metrics/excessive_agency/excessive_agency.py,ExcessiveAgencyMetric.evaluate,,0.2.7,1.0.9,4,SURVIVED,303.2,,,,,,,
deepteam:0.2.7:metrics/graphic_content/graphic_content.py:GraphicMetric._a_evaluate:1bf122185a1f78f7,deepteam,confident-ai/deepteam,held-out,metrics/graphic_content/graphic_content.py,GraphicMetric._a_evaluate,,0.2.7,1.0.9,4,SURVIVED,303.2,,,,,,,
deepteam:0.2.7:metrics/graphic_content/graphic_content.py:GraphicMetric.evaluate:062fa2a202e11736,deepteam,confident-ai/deepteam,held-out,metrics/graphic_content/graphic_content.py,GraphicMetric.evaluate,,0.2.7,1.0.9,4,SURVIVED,303.2,,,,,,,
deepteam:0.1.7:metrics/graphic_content/graphic_content.py:GraphicMetric.is_successful:0245c88b4c5cc5a1,deepteam,confident-ai/deepteam,held-out,metrics/graphic_content/graphic_content.py,GraphicMetric.is_successful,silent-fallback,0.1.7,1.0.9,6,SURVIVED,406.5,,,,,,,
deepteam:0.0.1:metrics/hallucination/hallucination.py:HallucinationGrader.__init__:34d4e675ec36b4ed,deepteam,confident-ai/deepteam,held-out,metrics/hallucination/hallucination.py,HallucinationGrader.__init__,silent-fallback,0.0.1,1.0.9,10,SURVIVED,523.3,,,,,,,
deepteam:0.0.1:metrics/hallucination/hallucination.py:HallucinationGrader.is_successful:0245c88b4c5cc5a1,deepteam,confident-ai/deepteam,held-out,metrics/hallucination/hallucination.py,HallucinationGrader.is_successful,silent-fallback,0.0.1,1.0.9,10,SURVIVED,523.3,,,,,,,
deepteam:0.2.7:metrics/hallucination/hallucination.py:HallucinationMetric._a_evaluate:1bf122185a1f78f7,deepteam,confident-ai/deepteam,held-out,metrics/hallucination/hallucination.py,HallucinationMetric._a_evaluate,,0.2.7,1.0.9,4,SURVIVED,303.2,,,,,,,
deepteam:0.2.7:metrics/hallucination/hallucination.py:HallucinationMetric.a_generate_purpose:53e294f9e79441ec,deepteam,confident-ai/deepteam,held-out,metrics/hallucination/hallucination.py,HallucinationMetric.a_generate_purpose,,0.2.7,1.0.9,4,SURVIVED,303.2,,,,,,,
deepteam:0.2.7:metrics/hallucination/hallucination.py:HallucinationMetric.evaluate:062fa2a202e11736,deepteam,confident-ai/deepteam,held-out,metrics/hallucination/hallucination.py,HallucinationMetric.evaluate,,0.2.7,1.0.9,4,SURVIVED,303.2,,,,,,,
deepteam:0.2.7:metrics/hallucination/hallucination.py:HallucinationMetric.generate_purpose:8f5a465d08cdcc29,deepteam,confident-ai/deepteam,held-out,metrics/hallucination/hallucination.py,HallucinationMetric.generate_purpose,,0.2.7,1.0.9,4,SURVIVED,303.2,,,,,,,
deepteam:0.0.1:metrics/harm/harm.py:HarmGrader.is_successful:0245c88b4c5cc5a1,deepteam,confident-ai/deepteam,held-out,metrics/harm/harm.py,HarmGrader.is_successful,silent-fallback,0.0.1,1.0.9,10,SURVIVED,523.3,,,,,,,
deepteam:0.2.7:metrics/harm/harm.py:HarmMetric._a_evaluate:1bf122185a1f78f7,deepteam,confident-ai/deepteam,held-out,metrics/harm/harm.py,HarmMetric._a_evaluate,,0.2.7,1.0.9,4,SURVIVED,303.2,,,,,,,
deepteam:0.2.7:metrics/harm/harm.py:HarmMetric.evaluate:062fa2a202e11736,deepteam,confident-ai/deepteam,held-out,metrics/harm/harm.py,HarmMetric.evaluate,,0.2.7,1.0.9,4,SURVIVED,303.2,,,,,,,
deepteam:0.0.1:metrics/hijacking/hijacking.py:HijackingGrader.is_successful:0245c88b4c5cc5a1,deepteam,confident-ai/deepteam,held-out,metrics/hijacking/hijacking.py,HijackingGrader.is_successful,silent-fallback,0.0.1,1.0.9,10,SURVIVED,523.3,,,,,,,
deepteam:0.2.7:metrics/hijacking/hijacking.py:HijackingMetric._a_evaluate:1bf122185a1f78f7,deepteam,confident-ai/deepteam,held-out,metrics/hijacking/hijacking.py,HijackingMetric._a_evaluate,,0.2.7,1.0.9,4,SURVIVED,303.2,,,,,,,
deepteam:0.2.7:metrics/hijacking/hijacking.py:HijackingMetric.a_generate_purpose:53e294f9e79441ec,deepteam,confident-ai/deepteam,held-out,metrics/hijacking/hijacking.py,HijackingMetric.a_generate_purpose,,0.2.7,1.0.9,4,SURVIVED,303.2,,,,,,,
deepteam:0.2.7:metrics/hijacking/hijacking.py:HijackingMetric.evaluate:062fa2a202e11736,deepteam,confident-ai/deepteam,held-out,metrics/hijacking/hijacking.py,HijackingMetric.evaluate,,0.2.7,1.0.9,4,SURVIVED,303.2,,,,,,,
deepteam:0.2.7:metrics/hijacking/hijacking.py:HijackingMetric.generate_purpose:8f5a465d08cdcc29,deepteam,confident-ai/deepteam,held-out,metrics/hijacking/hijacking.py,HijackingMetric.generate_purpose,,0.2.7,1.0.9,4,SURVIVED,303.2,,,,,,,
deepteam:0.2.7:metrics/illegal_activity/illegal_activity.py:IllegalMetric._a_evaluate:1bf122185a1f78f7,deepteam,confident-ai/deepteam,held-out,metrics/illegal_activity/illegal_activity.py,IllegalMetric._a_evaluate,,0.2.7,1.0.9,4,SURVIVED,303.2,,,,,,,
deepteam:0.2.7:metrics/illegal_activity/illegal_activity.py:IllegalMetric.evaluate:062fa2a202e11736,deepteam,confident-ai/deepteam,held-out,metrics/illegal_activity/illegal_activity.py,IllegalMetric.evaluate,,0.2.7,1.0.9,4,SURVIVED,303.2,,,,,,,
deepteam:0.1.7:metrics/illegal_activity/illegal_activity.py:IllegalMetric.is_successful:0245c88b4c5cc5a1,deepteam,confident-ai/deepteam,held-out,metrics/illegal_activity/illegal_activity.py,IllegalMetric.is_successful,silent-fallback,0.1.7,1.0.9,6,SURVIVED,406.5,,,,,,,
deepteam:0.0.1:metrics/imitation/imitation.py:ImitationGrader.__init__:34d4e675ec36b4ed,deepteam,confident-ai/deepteam,held-out,metrics/imitation/imitation.py,ImitationGrader.__init__,silent-fallback,0.0.1,1.0.9,10,SURVIVED,523.3,,,,,,,
deepteam:0.0.1:metrics/imitation/imitation.py:ImitationGrader.is_successful:0245c88b4c5cc5a1,deepteam,confident-ai/deepteam,held-out,metrics/imitation/imitation.py,ImitationGrader.is_successful,silent-fallback,0.0.1,1.0.9,10,SURVIVED,523.3,,,,,,,
deepteam:0.2.7:metrics/imitation/imitation.py:ImitationMetric._a_evaluate:1bf122185a1f78f7,deepteam,confident-ai/deepteam,held-out,metrics/imitation/imitation.py,ImitationMetric._a_evaluate,,0.2.7,1.0.9,4,SURVIVED,303.2,,,,,,,
deepteam:0.2.7:metrics/imitation/imitation.py:ImitationMetric.a_generate_entities:b00dbcd35be38ee0,deepteam,confident-ai/deepteam,held-out,metrics/imitation/imitation.py,ImitationMetric.a_generate_entities,,0.2.7,1.0.9,4,SURVIVED,303.2,,,,,,,
deepteam:0.2.7:metrics/imitation/imitation.py:ImitationMetric.evaluate:062fa2a202e11736,deepteam,confident-ai/deepteam,held-out,metrics/imitation/imitation.py,ImitationMetric.evaluate,,0.2.7,1.0.9,4,SURVIVED,303.2,,,,,,,
deepteam:0.2.7:metrics/imitation/imitation.py:ImitationMetric.generate_entities:18d4687a6dab10c3,deepteam,confident-ai/deepteam,held-out,metrics/imitation/imitation.py,ImitationMetric.generate_entities,,0.2.7,1.0.9,4,SURVIVED,303.2,,,,,,,
deepteam:0.0.1:metrics/intellectual_property/intellectual_property.py:IntellectualPropertyGrader.is_successful:0245c88b4c5cc5a1,deepteam,confident-ai/deepteam,held-out,metrics/intellectual_property/intellectual_property.py,IntellectualPropertyGrader.is_successful,silent-fallback,0.0.1,1.0.9,10,SURVIVED,523.3,,,,,,,
deepteam:0.2.7:metrics/intellectual_property/intellectual_property.py:IntellectualPropertyMetric._a_evaluate:1bf122185a1f78f7,deepteam,confident-ai/deepteam,held-out,metrics/intellectual_property/intellectual_property.py,IntellectualPropertyMetric._a_evaluate,,0.2.7,1.0.9,4,SURVIVED,303.2,,,,,,,
deepteam:0.2.7:metrics/intellectual_property/intellectual_property.py:IntellectualPropertyMetric.a_generate_purpose:53e294f9e79441ec,deepteam,confident-ai/deepteam,held-out,metrics/intellectual_property/intellectual_property.py,IntellectualPropertyMetric.a_generate_purpose,,0.2.7,1.0.9,4,SURVIVED,303.2,,,,,,,
deepteam:0.2.7:metrics/intellectual_property/intellectual_property.py:IntellectualPropertyMetric.evaluate:062fa2a202e11736,deepteam,confident-ai/deepteam,held-out,metrics/intellectual_property/intellectual_property.py,IntellectualPropertyMetric.evaluate,,0.2.7,1.0.9,4,SURVIVED,303.2,,,,,,,
deepteam:0.2.7:metrics/intellectual_property/intellectual_property.py:IntellectualPropertyMetric.generate_purpose:8f5a465d08cdcc29,deepteam,confident-ai/deepteam,held-out,metrics/intellectual_property/intellectual_property.py,IntellectualPropertyMetric.generate_purpose,,0.2.7,1.0.9,4,SURVIVED,303.2,,,,,,,
deepteam:0.2.7:metrics/misinformation/misinformation.py:MisinformationMetric._a_evaluate:1bf122185a1f78f7,deepteam,confident-ai/deepteam,held-out,metrics/misinformation/misinformation.py,MisinformationMetric._a_evaluate,,0.2.7,1.0.9,4,SURVIVED,303.2,,,,,,,
deepteam:0.2.7:metrics/misinformation/misinformation.py:MisinformationMetric.evaluate:062fa2a202e11736,deepteam,confident-ai/deepteam,held-out,metrics/misinformation/misinformation.py,MisinformationMetric.evaluate,,0.2.7,1.0.9,4,SURVIVED,303.2,,,,,,,
deepteam:0.1.7:metrics/misinformation/misinformation.py:MisinformationMetric.is_successful:0245c88b4c5cc5a1,deepteam,confident-ai/deepteam,held-out,metrics/misinformation/misinformation.py,MisinformationMetric.is_successful,silent-fallback,0.1.7,1.0.9,6,SURVIVED,406.5,,,,,,,
deepteam:0.0.1:metrics/overreliance/overreliance.py:OverrelianceGrader.is_successful:0245c88b4c5cc5a1,deepteam,confident-ai/deepteam,held-out,metrics/overreliance/overreliance.py,OverrelianceGrader.is_successful,silent-fallback,0.0.1,1.0.9,10,SURVIVED,523.3,,,,,,,
deepteam:0.2.7:metrics/overreliance/overreliance.py:OverrelianceMetric._a_evaluate:1bf122185a1f78f7,deepteam,confident-ai/deepteam,held-out,metrics/overreliance/overreliance.py,OverrelianceMetric._a_evaluate,,0.2.7,1.0.9,4,SURVIVED,303.2,,,,,,,
deepteam:0.2.7:metrics/overreliance/overreliance.py:OverrelianceMetric.a_generate_purpose:53e294f9e79441ec,deepteam,confident-ai/deepteam,held-out,metrics/overreliance/overreliance.py,OverrelianceMetric.a_generate_purpose,,0.2.7,1.0.9,4,SURVIVED,303.2,,,,,,,
deepteam:0.2.7:metrics/overreliance/overreliance.py:OverrelianceMetric.evaluate:062fa2a202e11736,deepteam,confident-ai/deepteam,held-out,metrics/overreliance/overreliance.py,OverrelianceMetric.evaluate,,0.2.7,1.0.9,4,SURVIVED,303.2,,,,,,,
deepteam:0.2.7:metrics/overreliance/overreliance.py:OverrelianceMetric.generate_purpose:8f5a465d08cdcc29,deepteam,confident-ai/deepteam,held-out,metrics/overreliance/overreliance.py,OverrelianceMetric.generate_purpose,,0.2.7,1.0.9,4,SURVIVED,303.2,,,,,,,
deepteam:0.2.7:metrics/personal_safety/personal_safety.py:SafetyMetric._a_evaluate:1bf122185a1f78f7,deepteam,confident-ai/deepteam,held-out,metrics/personal_safety/personal_safety.py,SafetyMetric._a_evaluate,,0.2.7,1.0.9,4,SURVIVED,303.2,,,,,,,
deepteam:0.2.7:metrics/personal_safety/personal_safety.py:SafetyMetric.evaluate:062fa2a202e11736,deepteam,confident-ai/deepteam,held-out,metrics/personal_safety/personal_safety.py,SafetyMetric.evaluate,,0.2.7,1.0.9,4,SURVIVED,303.2,,,,,,,
deepteam:0.1.7:metrics/personal_safety/personal_safety.py:SafetyMetric.is_successful:0245c88b4c5cc5a1,deepteam,confident-ai/deepteam,held-out,metrics/personal_safety/personal_safety.py,SafetyMetric.is_successful,silent-fallback,0.1.7,1.0.9,6,SURVIVED,406.5,,,,,,,
deepteam:0.0.1:metrics/pii/pii.py:PIIGrader.__init__:34d4e675ec36b4ed,deepteam,confident-ai/deepteam,held-out,metrics/pii/pii.py,PIIGrader.__init__,silent-fallback,0.0.1,1.0.9,10,SURVIVED,523.3,,,,,,,
deepteam:0.0.1:metrics/pii/pii.py:PIIGrader.is_successful:0245c88b4c5cc5a1,deepteam,confident-ai/deepteam,held-out,metrics/pii/pii.py,PIIGrader.is_successful,silent-fallback,0.0.1,1.0.9,10,SURVIVED,523.3,,,,,,,
deepteam:0.2.7:metrics/pii/pii.py:PIIMetric._a_evaluate:1bf122185a1f78f7,deepteam,confident-ai/deepteam,held-out,metrics/pii/pii.py,PIIMetric._a_evaluate,,0.2.7,1.0.9,4,SURVIVED,303.2,,,,,,,
deepteam:0.2.7:metrics/pii/pii.py:PIIMetric.a_generate_entities:b00dbcd35be38ee0,deepteam,confident-ai/deepteam,held-out,metrics/pii/pii.py,PIIMetric.a_generate_entities,,0.2.7,1.0.9,4,SURVIVED,303.2,,,,,,,
deepteam:0.2.7:metrics/pii/pii.py:PIIMetric.a_generate_purpose:53e294f9e79441ec,deepteam,confident-ai/deepteam,held-out,metrics/pii/pii.py,PIIMetric.a_generate_purpose,,0.2.7,1.0.9,4,SURVIVED,303.2,,,,,,,
deepteam:0.2.7:metrics/pii/pii.py:PIIMetric.evaluate:062fa2a202e11736,deepteam,confident-ai/deepteam,held-out,metrics/pii/pii.py,PIIMetric.evaluate,,0.2.7,1.0.9,4,SURVIVED,303.2,,,,,,,
deepteam:0.2.7:metrics/pii/pii.py:PIIMetric.generate_entities:18d4687a6dab10c3,deepteam,confident-ai/deepteam,held-out,metrics/pii/pii.py,PIIMetric.generate_entities,,0.2.7,1.0.9,4,SURVIVED,303.2,,,,,,,
deepteam:0.2.7:metrics/pii/pii.py:PIIMetric.generate_purpose:8f5a465d08cdcc29,deepteam,confident-ai/deepteam,held-out,metrics/pii/pii.py,PIIMetric.generate_purpose,,0.2.7,1.0.9,4,SURVIVED,303.2,,,,,,,
deepteam:0.0.1:metrics/prompt_extraction/prompt_extraction.py:PromptExtractionGrader.is_successful:0245c88b4c5cc5a1,deepteam,confident-ai/deepteam,held-out,metrics/prompt_extraction/prompt_extraction.py,PromptExtractionGrader.is_successful,silent-fallback,0.0.1,1.0.9,10,SURVIVED,523.3,,,,,,,
deepteam:0.2.7:metrics/prompt_extraction/prompt_extraction.py:PromptExtractionMetric._a_evaluate:1bf122185a1f78f7,deepteam,confident-ai/deepteam,held-out,metrics/prompt_extraction/prompt_extraction.py,PromptExtractionMetric._a_evaluate,,0.2.7,1.0.9,4,SURVIVED,303.2,,,,,,,
deepteam:0.2.7:metrics/prompt_extraction/prompt_extraction.py:PromptExtractionMetric.a_generate_purpose:53e294f9e79441ec,deepteam,confident-ai/deepteam,held-out,metrics/prompt_extraction/prompt_extraction.py,PromptExtractionMetric.a_generate_purpose,,0.2.7,1.0.9,4,SURVIVED,303.2,,,,,,,
deepteam:0.2.7:metrics/prompt_extraction/prompt_extraction.py:PromptExtractionMetric.evaluate:062fa2a202e11736,deepteam,confident-ai/deepteam,held-out,metrics/prompt_extraction/prompt_extraction.py,PromptExtractionMetric.evaluate,,0.2.7,1.0.9,4,SURVIVED,303.2,,,,,,,
deepteam:0.2.7:metrics/prompt_extraction/prompt_extraction.py:PromptExtractionMetric.generate_purpose:8f5a465d08cdcc29,deepteam,confident-ai/deepteam,held-out,metrics/prompt_extraction/prompt_extraction.py,PromptExtractionMetric.generate_purpose,,0.2.7,1.0.9,4,SURVIVED,303.2,,,,,,,
deepteam:0.0.1:metrics/rbac/rbac.py:RBACGrader.__init__:34d4e675ec36b4ed,deepteam,confident-ai/deepteam,held-out,metrics/rbac/rbac.py,RBACGrader.__init__,silent-fallback,0.0.1,1.0.9,10,SURVIVED,523.3,,,,,,,
deepteam:0.0.1:metrics/rbac/rbac.py:RBACGrader.is_successful:0245c88b4c5cc5a1,deepteam,confident-ai/deepteam,held-out,metrics/rbac/rbac.py,RBACGrader.is_successful,silent-fallback,0.0.1,1.0.9,10,SURVIVED,523.3,,,,,,,
deepteam:0.2.7:metrics/rbac/rbac.py:RBACMetric._a_evaluate:1bf122185a1f78f7,deepteam,confident-ai/deepteam,held-out,metrics/rbac/rbac.py,RBACMetric._a_evaluate,,0.2.7,1.0.9,4,SURVIVED,303.2,,,,,,,
deepteam:0.2.7:metrics/rbac/rbac.py:RBACMetric.a_generate_purpose:53e294f9e79441ec,deepteam,confident-ai/deepteam,held-out,metrics/rbac/rbac.py,RBACMetric.a_generate_purpose,,0.2.7,1.0.9,4,SURVIVED,303.2,,,,,,,
deepteam:0.2.7:metrics/rbac/rbac.py:RBACMetric.evaluate:062fa2a202e11736,deepteam,confident-ai/deepteam,held-out,metrics/rbac/rbac.py,RBACMetric.evaluate,,0.2.7,1.0.9,4,SURVIVED,303.2,,,,,,,
deepteam:0.2.7:metrics/rbac/rbac.py:RBACMetric.generate_purpose:8f5a465d08cdcc29,deepteam,confident-ai/deepteam,held-out,metrics/rbac/rbac.py,RBACMetric.generate_purpose,,0.2.7,1.0.9,4,SURVIVED,303.2,,,,,,,
deepteam:0.0.1:metrics/shell_injection/shell_injection.py:ShellInjectionGrader.is_successful:0245c88b4c5cc5a1,deepteam,confident-ai/deepteam,held-out,metrics/shell_injection/shell_injection.py,ShellInjectionGrader.is_successful,silent-fallback,0.0.1,1.0.9,10,SURVIVED,523.3,,,,,,,
deepteam:0.2.7:metrics/shell_injection/shell_injection.py:ShellInjectionMetric._a_evaluate:1bf122185a1f78f7,deepteam,confident-ai/deepteam,held-out,metrics/shell_injection/shell_injection.py,ShellInjectionMetric._a_evaluate,,0.2.7,1.0.9,4,SURVIVED,303.2,,,,,,,
deepteam:0.2.7:metrics/shell_injection/shell_injection.py:ShellInjectionMetric.evaluate:062fa2a202e11736,deepteam,confident-ai/deepteam,held-out,metrics/shell_injection/shell_injection.py,ShellInjectionMetric.evaluate,,0.2.7,1.0.9,4,SURVIVED,303.2,,,,,,,
deepteam:0.0.1:metrics/sql_injection/sql_injection.py:SQLInjectionGrader.is_successful:0245c88b4c5cc5a1,deepteam,confident-ai/deepteam,held-out,metrics/sql_injection/sql_injection.py,SQLInjectionGrader.is_successful,silent-fallback,0.0.1,1.0.9,10,SURVIVED,523.3,,,,,,,
deepteam:0.2.7:metrics/sql_injection/sql_injection.py:SQLInjectionMetric._a_evaluate:1bf122185a1f78f7,deepteam,confident-ai/deepteam,held-out,metrics/sql_injection/sql_injection.py,SQLInjectionMetric._a_evaluate,,0.2.7,1.0.9,4,SURVIVED,303.2,,,,,,,
deepteam:0.2.7:metrics/sql_injection/sql_injection.py:SQLInjectionMetric.evaluate:062fa2a202e11736,deepteam,confident-ai/deepteam,held-out,metrics/sql_injection/sql_injection.py,SQLInjectionMetric.evaluate,,0.2.7,1.0.9,4,SURVIVED,303.2,,,,,,,
deepteam:0.0.1:metrics/ssrf/ssrf.py:SSRFGrader.is_successful:0245c88b4c5cc5a1,deepteam,confident-ai/deepteam,held-out,metrics/ssrf/ssrf.py,SSRFGrader.is_successful,silent-fallback,0.0.1,1.0.9,10,SURVIVED,523.3,,,,,,,
deepteam:0.2.7:metrics/ssrf/ssrf.py:SSRFMetric._a_evaluate:1bf122185a1f78f7,deepteam,confident-ai/deepteam,held-out,metrics/ssrf/ssrf.py,SSRFMetric._a_evaluate,,0.2.7,1.0.9,4,SURVIVED,303.2,,,,,,,
deepteam:0.2.7:metrics/ssrf/ssrf.py:SSRFMetric.a_generate_purpose:53e294f9e79441ec,deepteam,confident-ai/deepteam,held-out,metrics/ssrf/ssrf.py,SSRFMetric.a_generate_purpose,,0.2.7,1.0.9,4,SURVIVED,303.2,,,,,,,
deepteam:0.2.7:metrics/ssrf/ssrf.py:SSRFMetric.evaluate:062fa2a202e11736,deepteam,confident-ai/deepteam,held-out,metrics/ssrf/ssrf.py,SSRFMetric.evaluate,,0.2.7,1.0.9,4,SURVIVED,303.2,,,,,,,
deepteam:0.2.7:metrics/ssrf/ssrf.py:SSRFMetric.generate_purpose:8f5a465d08cdcc29,deepteam,confident-ai/deepteam,held-out,metrics/ssrf/ssrf.py,SSRFMetric.generate_purpose,,0.2.7,1.0.9,4,SURVIVED,303.2,,,,,,,
deepteam:0.2.7:metrics/toxicity/toxicity.py:ToxicityMetric._a_evaluate:1bf122185a1f78f7,deepteam,confident-ai/deepteam,held-out,metrics/toxicity/toxicity.py,ToxicityMetric._a_evaluate,,0.2.7,1.0.9,4,SURVIVED,303.2,,,,,,,
deepteam:0.2.7:metrics/toxicity/toxicity.py:ToxicityMetric.evaluate:062fa2a202e11736,deepteam,confident-ai/deepteam,held-out,metrics/toxicity/toxicity.py,ToxicityMetric.evaluate,,0.2.7,1.0.9,4,SURVIVED,303.2,,,,,,,
deepteam:0.1.7:metrics/toxicity/toxicity.py:ToxicityMetric.is_successful:0245c88b4c5cc5a1,deepteam,confident-ai/deepteam,held-out,metrics/toxicity/toxicity.py,ToxicityMetric.is_successful,silent-fallback,0.1.7,1.0.9,6,SURVIVED,406.5,,,,,,,
deepteam:0.1.3:telemetry.py:blocked_by_firewall:d75dabc4e18fe79d,deepteam,confident-ai/deepteam,held-out,telemetry.py,blocked_by_firewall,silent-fallback,0.1.3,1.0.9,7,SURVIVED,447.6,,,,,,,
deepteam:0.1.3:telemetry.py:get_anonymous_public_ip:f8af491edfc9424c,deepteam,confident-ai/deepteam,held-out,telemetry.py,get_anonymous_public_ip,no-action,0.1.3,1.0.9,7,SURVIVED,447.6,,,,,,,
deepteam:0.1.3:telemetry.py:is_running_in_jupyter_notebook:908520bb76338bc1,deepteam,confident-ai/deepteam,held-out,telemetry.py,is_running_in_jupyter_notebook,no-action,0.1.3,1.0.9,7,SURVIVED,447.6,,,,,,,
deepteam:0.2.7:vulnerabilities/agentic/excessive_agency/excessive_agency.py:ExcessiveAgency.a_simulate_attacks:c7de444c29331b5b,deepteam,confident-ai/deepteam,held-out,vulnerabilities/agentic/excessive_agency/excessive_agency.py,ExcessiveAgency.a_simulate_attacks,,0.2.7,1.0.9,4,SURVIVED,303.2,,,,,,,
deepteam:0.2.7:vulnerabilities/agentic/excessive_agency/excessive_agency.py:ExcessiveAgency.is_vulnerable:83f0a71cdaa02457,deepteam,confident-ai/deepteam,held-out,vulnerabilities/agentic/excessive_agency/excessive_agency.py,ExcessiveAgency.is_vulnerable,silent-fallback,0.2.7,1.0.9,4,SURVIVED,303.2,,,,,,,
deepteam:0.2.7:vulnerabilities/agentic/excessive_agency/excessive_agency.py:ExcessiveAgency.simulate_attacks:be794b2e67af5bed,deepteam,confident-ai/deepteam,held-out,vulnerabilities/agentic/excessive_agency/excessive_agency.py,ExcessiveAgency.simulate_attacks,,0.2.7,1.0.9,4,SURVIVED,303.2,,,,,,,
deepteam:0.2.7:vulnerabilities/agentic/goal_theft/goal_theft.py:GoalTheft.a_simulate_attacks:c7de444c29331b5b,deepteam,confident-ai/deepteam,held-out,vulnerabilities/agentic/goal_theft/goal_theft.py,GoalTheft.a_simulate_attacks,,0.2.7,1.0.9,4,SURVIVED,303.2,,,,,,,
deepteam:0.2.7:vulnerabilities/agentic/goal_theft/goal_theft.py:GoalTheft.is_vulnerable:83f0a71cdaa02457,deepteam,confident-ai/deepteam,held-out,vulnerabilities/agentic/goal_theft/goal_theft.py,GoalTheft.is_vulnerable,silent-fallback,0.2.7,1.0.9,4,SURVIVED,303.2,,,,,,,
deepteam:0.2.7:vulnerabilities/agentic/goal_theft/goal_theft.py:GoalTheft.simulate_attacks:be794b2e67af5bed,deepteam,confident-ai/deepteam,held-out,vulnerabilities/agentic/goal_theft/goal_theft.py,GoalTheft.simulate_attacks,,0.2.7,1.0.9,4,SURVIVED,303.2,,,,,,,
deepteam:0.2.7:vulnerabilities/agentic/recursive_hijacking/recursive_hijacking.py:RecursiveHijacking.a_simulate_attacks:c7de444c29331b5b,deepteam,confident-ai/deepteam,held-out,vulnerabilities/agentic/recursive_hijacking/recursive_hijacking.py,RecursiveHijacking.a_simulate_attacks,,0.2.7,1.0.9,4,SURVIVED,303.2,,,,,,,
deepteam:0.2.7:vulnerabilities/agentic/recursive_hijacking/recursive_hijacking.py:RecursiveHijacking.is_vulnerable:83f0a71cdaa02457,deepteam,confident-ai/deepteam,held-out,vulnerabilities/agentic/recursive_hijacking/recursive_hijacking.py,RecursiveHijacking.is_vulnerable,silent-fallback,0.2.7,1.0.9,4,SURVIVED,303.2,,,,,,,
deepteam:0.2.7:vulnerabilities/agentic/recursive_hijacking/recursive_hijacking.py:RecursiveHijacking.simulate_attacks:be794b2e67af5bed,deepteam,confident-ai/deepteam,held-out,vulnerabilities/agentic/recursive_hijacking/recursive_hijacking.py,RecursiveHijacking.simulate_attacks,,0.2.7,1.0.9,4,SURVIVED,303.2,,,,,,,
deepteam:0.2.7:vulnerabilities/agentic/robustness/robustness.py:Robustness.a_simulate_attacks:c7de444c29331b5b,deepteam,confident-ai/deepteam,held-out,vulnerabilities/agentic/robustness/robustness.py,Robustness.a_simulate_attacks,,0.2.7,1.0.9,4,SURVIVED,303.2,,,,,,,
deepteam:0.2.7:vulnerabilities/agentic/robustness/robustness.py:Robustness.is_vulnerable:83f0a71cdaa02457,deepteam,confident-ai/deepteam,held-out,vulnerabilities/agentic/robustness/robustness.py,Robustness.is_vulnerable,silent-fallback,0.2.7,1.0.9,4,SURVIVED,303.2,,,,,,,
deepteam:0.2.7:vulnerabilities/agentic/robustness/robustness.py:Robustness.simulate_attacks:be794b2e67af5bed,deepteam,confident-ai/deepteam,held-out,vulnerabilities/agentic/robustness/robustness.py,Robustness.simulate_attacks,,0.2.7,1.0.9,4,SURVIVED,303.2,,,,,,,
deepteam:0.2.7:vulnerabilities/bfla/bfla.py:BFLA.a_simulate_attacks:c7de444c29331b5b,deepteam,confident-ai/deepteam,held-out,vulnerabilities/bfla/bfla.py,BFLA.a_simulate_attacks,,0.2.7,1.0.9,4,SURVIVED,303.2,,,,,,,
deepteam:0.2.7:vulnerabilities/bfla/bfla.py:BFLA.is_vulnerable:83f0a71cdaa02457,deepteam,confident-ai/deepteam,held-out,vulnerabilities/bfla/bfla.py,BFLA.is_vulnerable,silent-fallback,0.2.7,1.0.9,4,SURVIVED,303.2,,,,,,,
deepteam:0.2.7:vulnerabilities/bfla/bfla.py:BFLA.simulate_attacks:be794b2e67af5bed,deepteam,confident-ai/deepteam,held-out,vulnerabilities/bfla/bfla.py,BFLA.simulate_attacks,silent-fallback,0.2.7,1.0.9,4,SURVIVED,303.2,,,,,,,
deepteam:0.2.7:vulnerabilities/bias/bias.py:Bias.a_simulate_attacks:c7de444c29331b5b,deepteam,confident-ai/deepteam,held-out,vulnerabilities/bias/bias.py,Bias.a_simulate_attacks,,0.2.7,1.0.9,4,SURVIVED,303.2,,,,,,,
deepteam:0.2.7:vulnerabilities/bias/bias.py:Bias.is_vulnerable:83f0a71cdaa02457,deepteam,confident-ai/deepteam,held-out,vulnerabilities/bias/bias.py,Bias.is_vulnerable,silent-fallback,0.2.7,1.0.9,4,SURVIVED,303.2,,,,,,,
deepteam:0.2.7:vulnerabilities/bias/bias.py:Bias.simulate_attacks:be794b2e67af5bed,deepteam,confident-ai/deepteam,held-out,vulnerabilities/bias/bias.py,Bias.simulate_attacks,,0.2.7,1.0.9,4,SURVIVED,303.2,,,,,,,
deepteam:0.2.7:vulnerabilities/bola/bola.py:BOLA.a_simulate_attacks:c7de444c29331b5b,deepteam,confident-ai/deepteam,held-out,vulnerabilities/bola/bola.py,BOLA.a_simulate_attacks,,0.2.7,1.0.9,4,SURVIVED,303.2,,,,,,,
deepteam:0.2.7:vulnerabilities/bola/bola.py:BOLA.is_vulnerable:83f0a71cdaa02457,deepteam,confident-ai/deepteam,held-out,vulnerabilities/bola/bola.py,BOLA.is_vulnerable,silent-fallback,0.2.7,1.0.9,4,SURVIVED,303.2,,,,,,,
deepteam:0.2.7:vulnerabilities/bola/bola.py:BOLA.simulate_attacks:be794b2e67af5bed,deepteam,confident-ai/deepteam,held-out,vulnerabilities/bola/bola.py,BOLA.simulate_attacks,,0.2.7,1.0.9,4,SURVIVED,303.2,,,,,,,
deepteam:0.2.7:vulnerabilities/competition/competition.py:Competition.a_simulate_attacks:c7de444c29331b5b,deepteam,confident-ai/deepteam,held-out,vulnerabilities/competition/competition.py,Competition.a_simulate_attacks,,0.2.7,1.0.9,4,SURVIVED,303.2,,,,,,,
deepteam:0.2.7:vulnerabilities/competition/competition.py:Competition.is_vulnerable:83f0a71cdaa02457,deepteam,confident-ai/deepteam,held-out,vulnerabilities/competition/competition.py,Competition.is_vulnerable,silent-fallback,0.2.7,1.0.9,4,SURVIVED,303.2,,,,,,,
deepteam:0.2.7:vulnerabilities/competition/competition.py:Competition.simulate_attacks:be794b2e67af5bed,deepteam,confident-ai/deepteam,held-out,vulnerabilities/competition/competition.py,Competition.simulate_attacks,,0.2.7,1.0.9,4,SURVIVED,303.2,,,,,,,
deepteam:0.2.7:vulnerabilities/custom/custom.py:CustomVulnerability.a_simulate_attacks:c7de444c29331b5b,deepteam,confident-ai/deepteam,held-out,vulnerabilities/custom/custom.py,CustomVulnerability.a_simulate_attacks,,0.2.7,1.0.9,4,SURVIVED,303.2,,,,,,,
deepteam:0.2.7:vulnerabilities/custom/custom.py:CustomVulnerability.is_vulnerable:83f0a71cdaa02457,deepteam,confident-ai/deepteam,held-out,vulnerabilities/custom/custom.py,CustomVulnerability.is_vulnerable,silent-fallback,0.2.7,1.0.9,4,SURVIVED,303.2,,,,,,,
deepteam:0.2.7:vulnerabilities/custom/custom.py:CustomVulnerability.simulate_attacks:be794b2e67af5bed,deepteam,confident-ai/deepteam,held-out,vulnerabilities/custom/custom.py,CustomVulnerability.simulate_attacks,,0.2.7,1.0.9,4,SURVIVED,303.2,,,,,,,
deepteam:0.2.7:vulnerabilities/debug_access/debug_access.py:DebugAccess.a_simulate_attacks:c7de444c29331b5b,deepteam,confident-ai/deepteam,held-out,vulnerabilities/debug_access/debug_access.py,DebugAccess.a_simulate_attacks,,0.2.7,1.0.9,4,SURVIVED,303.2,,,,,,,
deepteam:0.2.7:vulnerabilities/debug_access/debug_access.py:DebugAccess.is_vulnerable:83f0a71cdaa02457,deepteam,confident-ai/deepteam,held-out,vulnerabilities/debug_access/debug_access.py,DebugAccess.is_vulnerable,silent-fallback,0.2.7,1.0.9,4,SURVIVED,303.2,,,,,,,
deepteam:0.2.7:vulnerabilities/debug_access/debug_access.py:DebugAccess.simulate_attacks:be794b2e67af5bed,deepteam,confident-ai/deepteam,held-out,vulnerabilities/debug_access/debug_access.py,DebugAccess.simulate_attacks,,0.2.7,1.0.9,4,SURVIVED,303.2,,,,,,,
deepteam:0.2.7:vulnerabilities/graphic_content/graphic_content.py:GraphicContent.a_simulate_attacks:c7de444c29331b5b,deepteam,confident-ai/deepteam,held-out,vulnerabilities/graphic_content/graphic_content.py,GraphicContent.a_simulate_attacks,,0.2.7,1.0.9,4,SURVIVED,303.2,,,,,,,
deepteam:0.2.7:vulnerabilities/graphic_content/graphic_content.py:GraphicContent.is_vulnerable:83f0a71cdaa02457,deepteam,confident-ai/deepteam,held-out,vulnerabilities/graphic_content/graphic_content.py,GraphicContent.is_vulnerable,silent-fallback,0.2.7,1.0.9,4,SURVIVED,303.2,,,,,,,
deepteam:0.2.7:vulnerabilities/graphic_content/graphic_content.py:GraphicContent.simulate_attacks:be794b2e67af5bed,deepteam,confident-ai/deepteam,held-out,vulnerabilities/graphic_content/graphic_content.py,GraphicContent.simulate_attacks,,0.2.7,1.0.9,4,SURVIVED,303.2,,,,,,,
deepteam:0.2.7:vulnerabilities/illegal_activity/illegal_activity.py:IllegalActivity.a_simulate_attacks:c7de444c29331b5b,deepteam,confident-ai/deepteam,held-out,vulnerabilities/illegal_activity/illegal_activity.py,IllegalActivity.a_simulate_attacks,,0.2.7,1.0.9,4,SURVIVED,303.2,,,,,,,
deepteam:0.2.7:vulnerabilities/illegal_activity/illegal_activity.py:IllegalActivity.is_vulnerable:83f0a71cdaa02457,deepteam,confident-ai/deepteam,held-out,vulnerabilities/illegal_activity/illegal_activity.py,IllegalActivity.is_vulnerable,silent-fallback,0.2.7,1.0.9,4,SURVIVED,303.2,,,,,,,
deepteam:0.2.7:vulnerabilities/illegal_activity/illegal_activity.py:IllegalActivity.simulate_attacks:be794b2e67af5bed,deepteam,confident-ai/deepteam,held-out,vulnerabilities/illegal_activity/illegal_activity.py,IllegalActivity.simulate_attacks,,0.2.7,1.0.9,4,SURVIVED,303.2,,,,,,,
deepteam:0.2.7:vulnerabilities/intellectual_property/intellectual_property.py:IntellectualProperty.a_simulate_attacks:c7de444c29331b5b,deepteam,confident-ai/deepteam,held-out,vulnerabilities/intellectual_property/intellectual_property.py,IntellectualProperty.a_simulate_attacks,,0.2.7,1.0.9,4,SURVIVED,303.2,,,,,,,
deepteam:0.2.7:vulnerabilities/intellectual_property/intellectual_property.py:IntellectualProperty.is_vulnerable:83f0a71cdaa02457,deepteam,confident-ai/deepteam,held-out,vulnerabilities/intellectual_property/intellectual_property.py,IntellectualProperty.is_vulnerable,silent-fallback,0.2.7,1.0.9,4,SURVIVED,303.2,,,,,,,
deepteam:0.2.7:vulnerabilities/intellectual_property/intellectual_property.py:IntellectualProperty.simulate_attacks:be794b2e67af5bed,deepteam,confident-ai/deepteam,held-out,vulnerabilities/intellectual_property/intellectual_property.py,IntellectualProperty.simulate_attacks,,0.2.7,1.0.9,4,SURVIVED,303.2,,,,,,,
deepteam:0.2.7:vulnerabilities/misinformation/misinformation.py:Misinformation.a_simulate_attacks:c7de444c29331b5b,deepteam,confident-ai/deepteam,held-out,vulnerabilities/misinformation/misinformation.py,Misinformation.a_simulate_attacks,,0.2.7,1.0.9,4,SURVIVED,303.2,,,,,,,
deepteam:0.2.7:vulnerabilities/misinformation/misinformation.py:Misinformation.is_vulnerable:83f0a71cdaa02457,deepteam,confident-ai/deepteam,held-out,vulnerabilities/misinformation/misinformation.py,Misinformation.is_vulnerable,silent-fallback,0.2.7,1.0.9,4,SURVIVED,303.2,,,,,,,
deepteam:0.2.7:vulnerabilities/misinformation/misinformation.py:Misinformation.simulate_attacks:be794b2e67af5bed,deepteam,confident-ai/deepteam,held-out,vulnerabilities/misinformation/misinformation.py,Misinformation.simulate_attacks,,0.2.7,1.0.9,4,SURVIVED,303.2,,,,,,,
deepteam:0.2.7:vulnerabilities/personal_safety/personal_safety.py:PersonalSafety.a_simulate_attacks:c7de444c29331b5b,deepteam,confident-ai/deepteam,held-out,vulnerabilities/personal_safety/personal_safety.py,PersonalSafety.a_simulate_attacks,,0.2.7,1.0.9,4,SURVIVED,303.2,,,,,,,
deepteam:0.2.7:vulnerabilities/personal_safety/personal_safety.py:PersonalSafety.is_vulnerable:83f0a71cdaa02457,deepteam,confident-ai/deepteam,held-out,vulnerabilities/personal_safety/personal_safety.py,PersonalSafety.is_vulnerable,silent-fallback,0.2.7,1.0.9,4,SURVIVED,303.2,,,,,,,
deepteam:0.2.7:vulnerabilities/personal_safety/personal_safety.py:PersonalSafety.simulate_attacks:be794b2e67af5bed,deepteam,confident-ai/deepteam,held-out,vulnerabilities/personal_safety/personal_safety.py,PersonalSafety.simulate_attacks,,0.2.7,1.0.9,4,SURVIVED,303.2,,,,,,,
deepteam:0.2.7:vulnerabilities/pii_leakage/pii_leakage.py:PIILeakage.a_simulate_attacks:c7de444c29331b5b,deepteam,confident-ai/deepteam,held-out,vulnerabilities/pii_leakage/pii_leakage.py,PIILeakage.a_simulate_attacks,,0.2.7,1.0.9,4,SURVIVED,303.2,,,,,,,
deepteam:0.2.7:vulnerabilities/pii_leakage/pii_leakage.py:PIILeakage.is_vulnerable:83f0a71cdaa02457,deepteam,confident-ai/deepteam,held-out,vulnerabilities/pii_leakage/pii_leakage.py,PIILeakage.is_vulnerable,silent-fallback,0.2.7,1.0.9,4,SURVIVED,303.2,,,,,,,
deepteam:0.2.7:vulnerabilities/pii_leakage/pii_leakage.py:PIILeakage.simulate_attacks:be794b2e67af5bed,deepteam,confident-ai/deepteam,held-out,vulnerabilities/pii_leakage/pii_leakage.py,PIILeakage.simulate_attacks,,0.2.7,1.0.9,4,SURVIVED,303.2,,,,,,,
deepteam:0.2.7:vulnerabilities/prompt_leakage/prompt_leakage.py:PromptLeakage.a_simulate_attacks:c7de444c29331b5b,deepteam,confident-ai/deepteam,held-out,vulnerabilities/prompt_leakage/prompt_leakage.py,PromptLeakage.a_simulate_attacks,,0.2.7,1.0.9,4,SURVIVED,303.2,,,,,,,
deepteam:0.2.7:vulnerabilities/prompt_leakage/prompt_leakage.py:PromptLeakage.is_vulnerable:83f0a71cdaa02457,deepteam,confident-ai/deepteam,held-out,vulnerabilities/prompt_leakage/prompt_leakage.py,PromptLeakage.is_vulnerable,silent-fallback,0.2.7,1.0.9,4,SURVIVED,303.2,,,,,,,
deepteam:0.2.7:vulnerabilities/prompt_leakage/prompt_leakage.py:PromptLeakage.simulate_attacks:be794b2e67af5bed,deepteam,confident-ai/deepteam,held-out,vulnerabilities/prompt_leakage/prompt_leakage.py,PromptLeakage.simulate_attacks,,0.2.7,1.0.9,4,SURVIVED,303.2,,,,,,,
deepteam:0.2.7:vulnerabilities/rbac/rbac.py:RBAC.a_simulate_attacks:c7de444c29331b5b,deepteam,confident-ai/deepteam,held-out,vulnerabilities/rbac/rbac.py,RBAC.a_simulate_attacks,,0.2.7,1.0.9,4,SURVIVED,303.2,,,,,,,
deepteam:0.2.7:vulnerabilities/rbac/rbac.py:RBAC.is_vulnerable:83f0a71cdaa02457,deepteam,confident-ai/deepteam,held-out,vulnerabilities/rbac/rbac.py,RBAC.is_vulnerable,silent-fallback,0.2.7,1.0.9,4,SURVIVED,303.2,,,,,,,
deepteam:0.2.7:vulnerabilities/rbac/rbac.py:RBAC.simulate_attacks:be794b2e67af5bed,deepteam,confident-ai/deepteam,held-out,vulnerabilities/rbac/rbac.py,RBAC.simulate_attacks,silent-fallback,0.2.7,1.0.9,4,SURVIVED,303.2,,,,,,,
deepteam:0.2.7:vulnerabilities/shell_injection/shell_injection.py:ShellInjection.a_simulate_attacks:c7de444c29331b5b,deepteam,confident-ai/deepteam,held-out,vulnerabilities/shell_injection/shell_injection.py,ShellInjection.a_simulate_attacks,,0.2.7,1.0.9,4,SURVIVED,303.2,,,,,,,
deepteam:0.2.7:vulnerabilities/shell_injection/shell_injection.py:ShellInjection.is_vulnerable:83f0a71cdaa02457,deepteam,confident-ai/deepteam,held-out,vulnerabilities/shell_injection/shell_injection.py,ShellInjection.is_vulnerable,silent-fallback,0.2.7,1.0.9,4,SURVIVED,303.2,,,,,,,
deepteam:0.2.7:vulnerabilities/shell_injection/shell_injection.py:ShellInjection.simulate_attacks:be794b2e67af5bed,deepteam,confident-ai/deepteam,held-out,vulnerabilities/shell_injection/shell_injection.py,ShellInjection.simulate_attacks,,0.2.7,1.0.9,4,SURVIVED,303.2,,,,,,,
deepteam:0.2.7:vulnerabilities/sql_injection/sql_injection.py:SQLInjection.a_simulate_attacks:c7de444c29331b5b,deepteam,confident-ai/deepteam,held-out,vulnerabilities/sql_injection/sql_injection.py,SQLInjection.a_simulate_attacks,,0.2.7,1.0.9,4,SURVIVED,303.2,,,,,,,
deepteam:0.2.7:vulnerabilities/sql_injection/sql_injection.py:SQLInjection.is_vulnerable:83f0a71cdaa02457,deepteam,confident-ai/deepteam,held-out,vulnerabilities/sql_injection/sql_injection.py,SQLInjection.is_vulnerable,silent-fallback,0.2.7,1.0.9,4,SURVIVED,303.2,,,,,,,
deepteam:0.2.7:vulnerabilities/sql_injection/sql_injection.py:SQLInjection.simulate_attacks:be794b2e67af5bed,deepteam,confident-ai/deepteam,held-out,vulnerabilities/sql_injection/sql_injection.py,SQLInjection.simulate_attacks,,0.2.7,1.0.9,4,SURVIVED,303.2,,,,,,,
deepteam:0.2.7:vulnerabilities/ssrf/ssrf.py:SSRF.a_simulate_attacks:c7de444c29331b5b,deepteam,confident-ai/deepteam,held-out,vulnerabilities/ssrf/ssrf.py,SSRF.a_simulate_attacks,,0.2.7,1.0.9,4,SURVIVED,303.2,,,,,,,
deepteam:0.2.7:vulnerabilities/ssrf/ssrf.py:SSRF.is_vulnerable:83f0a71cdaa02457,deepteam,confident-ai/deepteam,held-out,vulnerabilities/ssrf/ssrf.py,SSRF.is_vulnerable,silent-fallback,0.2.7,1.0.9,4,SURVIVED,303.2,,,,,,,
deepteam:0.2.7:vulnerabilities/ssrf/ssrf.py:SSRF.simulate_attacks:be794b2e67af5bed,deepteam,confident-ai/deepteam,held-out,vulnerabilities/ssrf/ssrf.py,SSRF.simulate_attacks,silent-fallback,0.2.7,1.0.9,4,SURVIVED,303.2,,,,,,,
deepteam:0.2.7:vulnerabilities/toxicity/toxicity.py:Toxicity.a_simulate_attacks:c7de444c29331b5b,deepteam,confident-ai/deepteam,held-out,vulnerabilities/toxicity/toxicity.py,Toxicity.a_simulate_attacks,,0.2.7,1.0.9,4,SURVIVED,303.2,,,,,,,
deepteam:0.2.7:vulnerabilities/toxicity/toxicity.py:Toxicity.is_vulnerable:83f0a71cdaa02457,deepteam,confident-ai/deepteam,held-out,vulnerabilities/toxicity/toxicity.py,Toxicity.is_vulnerable,silent-fallback,0.2.7,1.0.9,4,SURVIVED,303.2,,,,,,,
deepteam:0.2.7:vulnerabilities/toxicity/toxicity.py:Toxicity.simulate_attacks:be794b2e67af5bed,deepteam,confident-ai/deepteam,held-out,vulnerabilities/toxicity/toxicity.py,Toxicity.simulate_attacks,,0.2.7,1.0.9,4,SURVIVED,303.2,,,,,,,
deepteam:1.0.9:attacks/attack_engine/attack_engine.py:AttackEngine._a_validate_candidates_with_llm.validate_one:6df8665b5bdd8885,deepteam,confident-ai/deepteam,held-out,attacks/attack_engine/attack_engine.py,AttackEngine._a_validate_candidates_with_llm.validate_one,,1.0.9,1.0.9,1,TOO_YOUNG,,,,,,,,
deepteam:1.0.9:attacks/attack_engine/attack_engine.py:AttackEngine._validate_candidates_with_llm:babf3f192236e1ed,deepteam,confident-ai/deepteam,held-out,attacks/attack_engine/attack_engine.py,AttackEngine._validate_candidates_with_llm,,1.0.9,1.0.9,1,TOO_YOUNG,,,,,,,,
deepteam:1.0.9:attacks/attack_simulator/attack_simulator.py:AttackSimulator._a_build_metric_check.check:9c28326b4422df48,deepteam,confident-ai/deepteam,held-out,attacks/attack_simulator/attack_simulator.py,AttackSimulator._a_build_metric_check.check,silent-fallback,1.0.9,1.0.9,1,TOO_YOUNG,,,,,,,,
deepteam:1.0.9:attacks/attack_simulator/attack_simulator.py:AttackSimulator._build_metric_check.check:df4493822c9f158d,deepteam,confident-ai/deepteam,held-out,attacks/attack_simulator/attack_simulator.py,AttackSimulator._build_metric_check.check,silent-fallback,1.0.9,1.0.9,1,TOO_YOUNG,,,,,,,,
deepteam:1.0.9:attacks/attack_simulator/attack_simulator.py:AttackSimulator._resolve_metric:03554f8fbce4c000,deepteam,confident-ai/deepteam,held-out,attacks/attack_simulator/attack_simulator.py,AttackSimulator._resolve_metric,silent-fallback,1.0.9,1.0.9,1,TOO_YOUNG,,,,,,,,
deepteam:1.0.9:attacks/attack_simulator/utils.py:cost_accumulator:0924921b37ab9393,deepteam,confident-ai/deepteam,held-out,attacks/attack_simulator/utils.py,cost_accumulator,,1.0.9,1.0.9,1,TOO_YOUNG,,,,,,,,
deepteam:1.0.5:attacks/multi_turn/bad_likert_judge/bad_likert_judge.py:BadLikertJudge._a_get_turns:208d2eff795a4098,deepteam,confident-ai/deepteam,held-out,attacks/multi_turn/bad_likert_judge/bad_likert_judge.py,BadLikertJudge._a_get_turns,no-action,1.0.5,1.0.9,2,TOO_YOUNG,,,,,,,,
deepteam:1.0.5:attacks/multi_turn/bad_likert_judge/bad_likert_judge.py:BadLikertJudge._get_turns:cd657ccfe2ba309f,deepteam,confident-ai/deepteam,held-out,attacks/multi_turn/bad_likert_judge/bad_likert_judge.py,BadLikertJudge._get_turns,no-action,1.0.5,1.0.9,2,TOO_YOUNG,,,,,,,,
deepteam:1.0.9:attacks/multi_turn/progression.py:BehaviorShiftDetector._a_explain:ff3ac5d18a4136b4,deepteam,confident-ai/deepteam,held-out,attacks/multi_turn/progression.py,BehaviorShiftDetector._a_explain,silent-fallback,1.0.9,1.0.9,1,TOO_YOUNG,,,,,,,,
deepteam:1.0.9:attacks/multi_turn/progression.py:BehaviorShiftDetector._explain:da3c7bbadd8d6b9d,deepteam,confident-ai/deepteam,held-out,attacks/multi_turn/progression.py,BehaviorShiftDetector._explain,silent-fallback,1.0.9,1.0.9,1,TOO_YOUNG,,,,,,,,
deepteam:1.0.9:attacks/multi_turn/progression.py:mark_stop:e7d3fd5a26fd7168,deepteam,confident-ai/deepteam,held-out,attacks/multi_turn/progression.py,mark_stop,silent-fallback,1.0.9,1.0.9,1,TOO_YOUNG,,,,,,,,
deepteam:1.0.5:attacks/multi_turn/sequential_break/sequential_break.py:SequentialJailbreak._a_get_turns:3e5bf8f7da5d4ef0,deepteam,confident-ai/deepteam,held-out,attacks/multi_turn/sequential_break/sequential_break.py,SequentialJailbreak._a_get_turns,no-action,1.0.5,1.0.9,2,TOO_YOUNG,,,,,,,,
deepteam:1.0.5:attacks/multi_turn/sequential_break/sequential_break.py:SequentialJailbreak._get_turns:3c84d15947bc3fb8,deepteam,confident-ai/deepteam,held-out,attacks/multi_turn/sequential_break/sequential_break.py,SequentialJailbreak._get_turns,no-action,1.0.5,1.0.9,2,TOO_YOUNG,,,,,,,,
deepteam:1.0.5:attacks/single_turn/adversarial_poetry/adversarial_poetry.py:AdversarialPoetry.a_enhance:b9dc4ef0538f2c79,deepteam,confident-ai/deepteam,held-out,attacks/single_turn/adversarial_poetry/adversarial_poetry.py,AdversarialPoetry.a_enhance,,1.0.5,1.0.9,2,TOO_YOUNG,,,,,,,,
deepteam:1.0.5:attacks/single_turn/adversarial_poetry/adversarial_poetry.py:AdversarialPoetry.enhance:82b02f8620c00e75,deepteam,confident-ai/deepteam,held-out,attacks/single_turn/adversarial_poetry/adversarial_poetry.py,AdversarialPoetry.enhance,,1.0.5,1.0.9,2,TOO_YOUNG,,,,,,,,
deepteam:1.0.9:attacks/single_turn/authority_escalation/authority_escalation.py:AuthorityEscalation.a_enhance:13a5a232024500da,deepteam,confident-ai/deepteam,held-out,attacks/single_turn/authority_escalation/authority_escalation.py,AuthorityEscalation.a_enhance,,1.0.9,1.0.9,1,TOO_YOUNG,,,,,,,,
deepteam:1.0.9:attacks/single_turn/context_poisoning/context_poisoning.py:ContextPoisoning.a_enhance:f521783db3e6eb72,deepteam,confident-ai/deepteam,held-out,attacks/single_turn/context_poisoning/context_poisoning.py,ContextPoisoning.a_enhance,,1.0.9,1.0.9,1,TOO_YOUNG,,,,,,,,
deepteam:1.0.9:attacks/single_turn/emotional_manipulation/emotional_manipulation.py:EmotionalManipulation.a_enhance:4cdc32288e5acf4b,deepteam,confident-ai/deepteam,held-out,attacks/single_turn/emotional_manipulation/emotional_manipulation.py,EmotionalManipulation.a_enhance,,1.0.9,1.0.9,1,TOO_YOUNG,,,,,,,,
deepteam:1.0.9:attacks/single_turn/goal_redirection/goal_redirection.py:GoalRedirection.a_enhance:1a8423a691ba9778,deepteam,confident-ai/deepteam,held-out,attacks/single_turn/goal_redirection/goal_redirection.py,GoalRedirection.a_enhance,,1.0.9,1.0.9,1,TOO_YOUNG,,,,,,,,
deepteam:1.0.9:attacks/single_turn/gray_box/gray_box.py:GrayBox.a_enhance:8171057f97ff1902,deepteam,confident-ai/deepteam,held-out,attacks/single_turn/gray_box/gray_box.py,GrayBox.a_enhance,,1.0.9,1.0.9,1,TOO_YOUNG,,,,,,,,
deepteam:1.0.9:attacks/single_turn/input_bypass/input_bypass.py:InputBypass.a_enhance:8f2113a39d72d1d5,deepteam,confident-ai/deepteam,held-out,attacks/single_turn/input_bypass/input_bypass.py,InputBypass.a_enhance,,1.0.9,1.0.9,1,TOO_YOUNG,,,,,,,,
deepteam:1.0.9:attacks/single_turn/math_problem/math_problem.py:MathProblem.a_enhance:84f63d25dad165e6,deepteam,confident-ai/deepteam,held-out,attacks/single_turn/math_problem/math_problem.py,MathProblem.a_enhance,,1.0.9,1.0.9,1,TOO_YOUNG,,,,,,,,
deepteam:1.0.9:attacks/single_turn/multilingual/multilingual.py:Multilingual.a_enhance:65cafbf05b92d5b5,deepteam,confident-ai/deepteam,held-out,attacks/single_turn/multilingual/multilingual.py,Multilingual.a_enhance,,1.0.9,1.0.9,1,TOO_YOUNG,,,,,,,,
deepteam:1.0.9:attacks/single_turn/permission_escalation/permission_escalation.py:PermissionEscalation.a_enhance:bccf057580bd4ecd,deepteam,confident-ai/deepteam,held-out,attacks/single_turn/permission_escalation/permission_escalation.py,PermissionEscalation.a_enhance,,1.0.9,1.0.9,1,TOO_YOUNG,,,,,,,,
deepteam:1.0.9:attacks/single_turn/prompt_injection/prompt_injection.py:PromptInjection.a_enhance:cd45f9b6238a287c,deepteam,confident-ai/deepteam,held-out,attacks/single_turn/prompt_injection/prompt_injection.py,PromptInjection.a_enhance,,1.0.9,1.0.9,1,TOO_YOUNG,,,,,,,,
deepteam:1.0.9:attacks/single_turn/prompt_probing/prompt_probing.py:PromptProbing.a_enhance:eb2daad74228d6b2,deepteam,confident-ai/deepteam,held-out,attacks/single_turn/prompt_probing/prompt_probing.py,PromptProbing.a_enhance,,1.0.9,1.0.9,1,TOO_YOUNG,,,,,,,,
deepteam:1.0.9:attacks/single_turn/roleplay/roleplay.py:Roleplay.a_enhance:d0dd040b1f5a3ffc,deepteam,confident-ai/deepteam,held-out,attacks/single_turn/roleplay/roleplay.py,Roleplay.a_enhance,,1.0.9,1.0.9,1,TOO_YOUNG,,,,,,,,
deepteam:1.0.9:attacks/single_turn/semantic_manipulation/semantic_manipulation.py:LinguisticConfusion.a_enhance:e0e5d050dbd16e42,deepteam,confident-ai/deepteam,held-out,attacks/single_turn/semantic_manipulation/semantic_manipulation.py,LinguisticConfusion.a_enhance,,1.0.9,1.0.9,1,TOO_YOUNG,,,,,,,,
deepteam:1.0.9:attacks/single_turn/synthetic_context_injection/synthetic_context_injection.py:SyntheticContextInjection.a_enhance:8d10a11f4a0d3ef3,deepteam,confident-ai/deepteam,held-out,attacks/single_turn/synthetic_context_injection/synthetic_context_injection.py,SyntheticContextInjection.a_enhance,,1.0.9,1.0.9,1,TOO_YOUNG,,,,,,,,
deepteam:1.0.9:attacks/single_turn/system_override/system_override.py:SystemOverride.a_enhance:835576f5bec53113,deepteam,confident-ai/deepteam,held-out,attacks/single_turn/system_override/system_override.py,SystemOverride.a_enhance,,1.0.9,1.0.9,1,TOO_YOUNG,,,,,,,,
deepteam:1.0.9:code_scanner/collect/base.py:_read_text:8c89015deed84038,deepteam,confident-ai/deepteam,held-out,code_scanner/collect/base.py,_read_text,silent-fallback,1.0.9,1.0.9,1,TOO_YOUNG,,,,,,,,
deepteam:1.0.9:code_scanner/engines/base.py:extract_findings:f5b253b0dd78be1a,deepteam,confident-ai/deepteam,held-out,code_scanner/engines/base.py,extract_findings,,1.0.9,1.0.9,1,TOO_YOUNG,,,,,,,,
deepteam:1.0.9:code_scanner/github/report.py:_pr_number:3f5dadf3e5d183dc,deepteam,confident-ai/deepteam,held-out,code_scanner/github/report.py,_pr_number,no-action,1.0.9,1.0.9,1,TOO_YOUNG,,,,,,,,
deepteam:1.0.9:code_scanner/github/report.py:_pr_number:762ae48d7b86162a,deepteam,confident-ai/deepteam,held-out,code_scanner/github/report.py,_pr_number,silent-fallback,1.0.9,1.0.9,1,TOO_YOUNG,,,,,,,,
deepteam:1.0.5:confident/api.py:Api._handle_response:5c2cd512abefff11,deepteam,confident-ai/deepteam,held-out,confident/api.py,Api._handle_response,,1.0.5,1.0.9,2,TOO_YOUNG,,,,,,,,
deepteam:1.0.5:confident/api.py:Api.a_send_request:80da0781d27a9bdb,deepteam,confident-ai/deepteam,held-out,confident/api.py,Api.a_send_request,,1.0.5,1.0.9,2,TOO_YOUNG,,,,,,,,
deepteam:1.0.5:confident/api.py:Api.send_request:bba4b9ced1dd128b,deepteam,confident-ai/deepteam,held-out,confident/api.py,Api.send_request,,1.0.5,1.0.9,2,TOO_YOUNG,,,,,,,,
deepteam:1.0.9:frameworks/aegis/aegis.py:Aegis.a_assess.evaluate_test_case:9b3c7e86b7186998,deepteam,confident-ai/deepteam,held-out,frameworks/aegis/aegis.py,Aegis.a_assess.evaluate_test_case,,1.0.9,1.0.9,1,TOO_YOUNG,,,,,,,,
deepteam:1.0.9:frameworks/aegis/aegis.py:Aegis.assess:8c6ef825ff30fa75,deepteam,confident-ai/deepteam,held-out,frameworks/aegis/aegis.py,Aegis.assess,,1.0.9,1.0.9,1,TOO_YOUNG,,,,,,,,
deepteam:1.0.9:frameworks/beavertails/beavertails.py:BeaverTails.a_assess.evaluate_test_case:9b3c7e86b7186998,deepteam,confident-ai/deepteam,held-out,frameworks/beavertails/beavertails.py,BeaverTails.a_assess.evaluate_test_case,,1.0.9,1.0.9,1,TOO_YOUNG,,,,,,,,
deepteam:1.0.9:frameworks/beavertails/beavertails.py:BeaverTails.assess:8c6ef825ff30fa75,deepteam,confident-ai/deepteam,held-out,frameworks/beavertails/beavertails.py,BeaverTails.assess,,1.0.9,1.0.9,1,TOO_YOUNG,,,,,,,,
deepteam:1.0.5:metrics/agent_identity_abuse/agent_identity_abuse.py:AgentIdentityAbuseMetric._a_evaluate:1bf122185a1f78f7,deepteam,confident-ai/deepteam,held-out,metrics/agent_identity_abuse/agent_identity_abuse.py,AgentIdentityAbuseMetric._a_evaluate,,1.0.5,1.0.9,2,TOO_YOUNG,,,,,,,,
deepteam:1.0.5:metrics/agent_identity_abuse/agent_identity_abuse.py:AgentIdentityAbuseMetric.evaluate:062fa2a202e11736,deepteam,confident-ai/deepteam,held-out,metrics/agent_identity_abuse/agent_identity_abuse.py,AgentIdentityAbuseMetric.evaluate,,1.0.5,1.0.9,2,TOO_YOUNG,,,,,,,,
deepteam:1.0.5:metrics/agent_identity_abuse/agent_identity_abuse.py:AgentIdentityAbuseMetric.is_successful:0245c88b4c5cc5a1,deepteam,confident-ai/deepteam,held-out,metrics/agent_identity_abuse/agent_identity_abuse.py,AgentIdentityAbuseMetric.is_successful,silent-fallback,1.0.5,1.0.9,2,TOO_YOUNG,,,,,,,,
deepteam:1.0.5:metrics/autonomous_agent_drift/autonomous_agent_drift.py:AutonomousAgentDriftMetric._a_evaluate:1bf122185a1f78f7,deepteam,confident-ai/deepteam,held-out,metrics/autonomous_agent_drift/autonomous_agent_drift.py,AutonomousAgentDriftMetric._a_evaluate,,1.0.5,1.0.9,2,TOO_YOUNG,,,,,,,,
deepteam:1.0.5:metrics/autonomous_agent_drift/autonomous_agent_drift.py:AutonomousAgentDriftMetric.evaluate:062fa2a202e11736,deepteam,confident-ai/deepteam,held-out,metrics/autonomous_agent_drift/autonomous_agent_drift.py,AutonomousAgentDriftMetric.evaluate,,1.0.5,1.0.9,2,TOO_YOUNG,,,,,,,,
deepteam:1.0.5:metrics/autonomous_agent_drift/autonomous_agent_drift.py:AutonomousAgentDriftMetric.is_successful:0245c88b4c5cc5a1,deepteam,confident-ai/deepteam,held-out,metrics/autonomous_agent_drift/autonomous_agent_drift.py,AutonomousAgentDriftMetric.is_successful,silent-fallback,1.0.5,1.0.9,2,TOO_YOUNG,,,,,,,,
deepteam:1.0.1:metrics/child_protection/child_protection.py:ChildProtectionMetric.__init__:34d4e675ec36b4ed,deepteam,confident-ai/deepteam,held-out,metrics/child_protection/child_protection.py,ChildProtectionMetric.__init__,silent-fallback,1.0.1,1.0.9,3,TOO_YOUNG,,,,,,,,
deepteam:1.0.1:metrics/child_protection/child_protection.py:ChildProtectionMetric._a_evaluate:1bf122185a1f78f7,deepteam,confident-ai/deepteam,held-out,metrics/child_protection/child_protection.py,ChildProtectionMetric._a_evaluate,,1.0.1,1.0.9,3,TOO_YOUNG,,,,,,,,
deepteam:1.0.1:metrics/child_protection/child_protection.py:ChildProtectionMetric.a_generate_purpose:53e294f9e79441ec,deepteam,confident-ai/deepteam,held-out,metrics/child_protection/child_protection.py,ChildProtectionMetric.a_generate_purpose,,1.0.1,1.0.9,3,TOO_YOUNG,,,,,,,,
deepteam:1.0.1:metrics/child_protection/child_protection.py:ChildProtectionMetric.evaluate:062fa2a202e11736,deepteam,confident-ai/deepteam,held-out,metrics/child_protection/child_protection.py,ChildProtectionMetric.evaluate,,1.0.1,1.0.9,3,TOO_YOUNG,,,,,,,,
deepteam:1.0.1:metrics/child_protection/child_protection.py:ChildProtectionMetric.generate_purpose:8f5a465d08cdcc29,deepteam,confident-ai/deepteam,held-out,metrics/child_protection/child_protection.py,ChildProtectionMetric.generate_purpose,,1.0.1,1.0.9,3,TOO_YOUNG,,,,,,,,
deepteam:1.0.1:metrics/child_protection/child_protection.py:ChildProtectionMetric.is_successful:0245c88b4c5cc5a1,deepteam,confident-ai/deepteam,held-out,metrics/child_protection/child_protection.py,ChildProtectionMetric.is_successful,silent-fallback,1.0.1,1.0.9,3,TOO_YOUNG,,,,,,,,
deepteam:1.0.9:metrics/cross_context_retrieval/cross_context_retrieval.py:CrossContextRetrievalMetric.__init__:34d4e675ec36b4ed,deepteam,confident-ai/deepteam,held-out,metrics/cross_context_retrieval/cross_context_retrieval.py,CrossContextRetrievalMetric.__init__,silent-fallback,1.0.9,1.0.9,1,TOO_YOUNG,,,,,,,,
deepteam:1.0.9:metrics/cross_context_retrieval/cross_context_retrieval.py:CrossContextRetrievalMetric._a_evaluate:1bf122185a1f78f7,deepteam,confident-ai/deepteam,held-out,metrics/cross_context_retrieval/cross_context_retrieval.py,CrossContextRetrievalMetric._a_evaluate,,1.0.9,1.0.9,1,TOO_YOUNG,,,,,,,,
deepteam:1.0.9:metrics/cross_context_retrieval/cross_context_retrieval.py:CrossContextRetrievalMetric.a_generate_purpose:53e294f9e79441ec,deepteam,confident-ai/deepteam,held-out,metrics/cross_context_retrieval/cross_context_retrieval.py,CrossContextRetrievalMetric.a_generate_purpose,,1.0.9,1.0.9,1,TOO_YOUNG,,,,,,,,
deepteam:1.0.9:metrics/cross_context_retrieval/cross_context_retrieval.py:CrossContextRetrievalMetric.evaluate:062fa2a202e11736,deepteam,confident-ai/deepteam,held-out,metrics/cross_context_retrieval/cross_context_retrieval.py,CrossContextRetrievalMetric.evaluate,,1.0.9,1.0.9,1,TOO_YOUNG,,,,,,,,
deepteam:1.0.9:metrics/cross_context_retrieval/cross_context_retrieval.py:CrossContextRetrievalMetric.generate_purpose:8f5a465d08cdcc29,deepteam,confident-ai/deepteam,held-out,metrics/cross_context_retrieval/cross_context_retrieval.py,CrossContextRetrievalMetric.generate_purpose,,1.0.9,1.0.9,1,TOO_YOUNG,,,,,,,,
deepteam:1.0.9:metrics/cross_context_retrieval/cross_context_retrieval.py:CrossContextRetrievalMetric.is_successful:0245c88b4c5cc5a1,deepteam,confident-ai/deepteam,held-out,metrics/cross_context_retrieval/cross_context_retrieval.py,CrossContextRetrievalMetric.is_successful,silent-fallback,1.0.9,1.0.9,1,TOO_YOUNG,,,,,,,,
deepteam:1.0.1:metrics/ethics/ethics.py:EthicsMetric.__init__:34d4e675ec36b4ed,deepteam,confident-ai/deepteam,held-out,metrics/ethics/ethics.py,EthicsMetric.__init__,silent-fallback,1.0.1,1.0.9,3,TOO_YOUNG,,,,,,,,
deepteam:1.0.1:metrics/ethics/ethics.py:EthicsMetric._a_evaluate:1bf122185a1f78f7,deepteam,confident-ai/deepteam,held-out,metrics/ethics/ethics.py,EthicsMetric._a_evaluate,,1.0.1,1.0.9,3,TOO_YOUNG,,,,,,,,
deepteam:1.0.1:metrics/ethics/ethics.py:EthicsMetric.a_generate_purpose:53e294f9e79441ec,deepteam,confident-ai/deepteam,held-out,metrics/ethics/ethics.py,EthicsMetric.a_generate_purpose,,1.0.1,1.0.9,3,TOO_YOUNG,,,,,,,,
deepteam:1.0.1:metrics/ethics/ethics.py:EthicsMetric.evaluate:062fa2a202e11736,deepteam,confident-ai/deepteam,held-out,metrics/ethics/ethics.py,EthicsMetric.evaluate,,1.0.1,1.0.9,3,TOO_YOUNG,,,,,,,,
deepteam:1.0.1:metrics/ethics/ethics.py:EthicsMetric.generate_purpose:8f5a465d08cdcc29,deepteam,confident-ai/deepteam,held-out,metrics/ethics/ethics.py,EthicsMetric.generate_purpose,,1.0.1,1.0.9,3,TOO_YOUNG,,,,,,,,
deepteam:1.0.1:metrics/ethics/ethics.py:EthicsMetric.is_successful:0245c88b4c5cc5a1,deepteam,confident-ai/deepteam,held-out,metrics/ethics/ethics.py,EthicsMetric.is_successful,silent-fallback,1.0.1,1.0.9,3,TOO_YOUNG,,,,,,,,
deepteam:1.0.9:metrics/exploit_tool_agent/exploit_tool_agent.py:ExploitToolAgentMetric.__init__:34d4e675ec36b4ed,deepteam,confident-ai/deepteam,held-out,metrics/exploit_tool_agent/exploit_tool_agent.py,ExploitToolAgentMetric.__init__,silent-fallback,1.0.9,1.0.9,1,TOO_YOUNG,,,,,,,,
deepteam:1.0.9:metrics/exploit_tool_agent/exploit_tool_agent.py:ExploitToolAgentMetric._a_evaluate:1bf122185a1f78f7,deepteam,confident-ai/deepteam,held-out,metrics/exploit_tool_agent/exploit_tool_agent.py,ExploitToolAgentMetric._a_evaluate,,1.0.9,1.0.9,1,TOO_YOUNG,,,,,,,,
deepteam:1.0.9:metrics/exploit_tool_agent/exploit_tool_agent.py:ExploitToolAgentMetric.a_generate_purpose:53e294f9e79441ec,deepteam,confident-ai/deepteam,held-out,metrics/exploit_tool_agent/exploit_tool_agent.py,ExploitToolAgentMetric.a_generate_purpose,,1.0.9,1.0.9,1,TOO_YOUNG,,,,,,,,
deepteam:1.0.9:metrics/exploit_tool_agent/exploit_tool_agent.py:ExploitToolAgentMetric.evaluate:062fa2a202e11736,deepteam,confident-ai/deepteam,held-out,metrics/exploit_tool_agent/exploit_tool_agent.py,ExploitToolAgentMetric.evaluate,,1.0.9,1.0.9,1,TOO_YOUNG,,,,,,,,
deepteam:1.0.9:metrics/exploit_tool_agent/exploit_tool_agent.py:ExploitToolAgentMetric.generate_purpose:8f5a465d08cdcc29,deepteam,confident-ai/deepteam,held-out,metrics/exploit_tool_agent/exploit_tool_agent.py,ExploitToolAgentMetric.generate_purpose,,1.0.9,1.0.9,1,TOO_YOUNG,,,,,,,,
deepteam:1.0.9:metrics/exploit_tool_agent/exploit_tool_agent.py:ExploitToolAgentMetric.is_successful:0245c88b4c5cc5a1,deepteam,confident-ai/deepteam,held-out,metrics/exploit_tool_agent/exploit_tool_agent.py,ExploitToolAgentMetric.is_successful,silent-fallback,1.0.9,1.0.9,1,TOO_YOUNG,,,,,,,,
deepteam:1.0.9:metrics/external_system_abuse/external_system_abuse.py:ExternalSystemAbuseMetric.__init__:34d4e675ec36b4ed,deepteam,confident-ai/deepteam,held-out,metrics/external_system_abuse/external_system_abuse.py,ExternalSystemAbuseMetric.__init__,silent-fallback,1.0.9,1.0.9,1,TOO_YOUNG,,,,,,,,
deepteam:1.0.9:metrics/external_system_abuse/external_system_abuse.py:ExternalSystemAbuseMetric._a_evaluate:1bf122185a1f78f7,deepteam,confident-ai/deepteam,held-out,metrics/external_system_abuse/external_system_abuse.py,ExternalSystemAbuseMetric._a_evaluate,,1.0.9,1.0.9,1,TOO_YOUNG,,,,,,,,
deepteam:1.0.9:metrics/external_system_abuse/external_system_abuse.py:ExternalSystemAbuseMetric.a_generate_purpose:53e294f9e79441ec,deepteam,confident-ai/deepteam,held-out,metrics/external_system_abuse/external_system_abuse.py,ExternalSystemAbuseMetric.a_generate_purpose,,1.0.9,1.0.9,1,TOO_YOUNG,,,,,,,,
deepteam:1.0.9:metrics/external_system_abuse/external_system_abuse.py:ExternalSystemAbuseMetric.evaluate:062fa2a202e11736,deepteam,confident-ai/deepteam,held-out,metrics/external_system_abuse/external_system_abuse.py,ExternalSystemAbuseMetric.evaluate,,1.0.9,1.0.9,1,TOO_YOUNG,,,,,,,,
deepteam:1.0.9:metrics/external_system_abuse/external_system_abuse.py:ExternalSystemAbuseMetric.generate_purpose:8f5a465d08cdcc29,deepteam,confident-ai/deepteam,held-out,metrics/external_system_abuse/external_system_abuse.py,ExternalSystemAbuseMetric.generate_purpose,,1.0.9,1.0.9,1,TOO_YOUNG,,,,,,,,
deepteam:1.0.9:metrics/external_system_abuse/external_system_abuse.py:ExternalSystemAbuseMetric.is_successful:0245c88b4c5cc5a1,deepteam,confident-ai/deepteam,held-out,metrics/external_system_abuse/external_system_abuse.py,ExternalSystemAbuseMetric.is_successful,silent-fallback,1.0.9,1.0.9,1,TOO_YOUNG,,,,,,,,
deepteam:1.0.1:metrics/fairness/fairness.py:FairnessMetric.__init__:34d4e675ec36b4ed,deepteam,confident-ai/deepteam,held-out,metrics/fairness/fairness.py,FairnessMetric.__init__,silent-fallback,1.0.1,1.0.9,3,TOO_YOUNG,,,,,,,,
deepteam:1.0.1:metrics/fairness/fairness.py:FairnessMetric._a_evaluate:1bf122185a1f78f7,deepteam,confident-ai/deepteam,held-out,metrics/fairness/fairness.py,FairnessMetric._a_evaluate,,1.0.1,1.0.9,3,TOO_YOUNG,,,,,,,,
deepteam:1.0.1:metrics/fairness/fairness.py:FairnessMetric.a_generate_purpose:53e294f9e79441ec,deepteam,confident-ai/deepteam,held-out,metrics/fairness/fairness.py,FairnessMetric.a_generate_purpose,,1.0.1,1.0.9,3,TOO_YOUNG,,,,,,,,
deepteam:1.0.1:metrics/fairness/fairness.py:FairnessMetric.evaluate:062fa2a202e11736,deepteam,confident-ai/deepteam,held-out,metrics/fairness/fairness.py,FairnessMetric.evaluate,,1.0.1,1.0.9,3,TOO_YOUNG,,,,,,,,
deepteam:1.0.1:metrics/fairness/fairness.py:FairnessMetric.generate_purpose:8f5a465d08cdcc29,deepteam,confident-ai/deepteam,held-out,metrics/fairness/fairness.py,FairnessMetric.generate_purpose,,1.0.1,1.0.9,3,TOO_YOUNG,,,,,,,,
deepteam:1.0.1:metrics/fairness/fairness.py:FairnessMetric.is_successful:0245c88b4c5cc5a1,deepteam,confident-ai/deepteam,held-out,metrics/fairness/fairness.py,FairnessMetric.is_successful,silent-fallback,1.0.1,1.0.9,3,TOO_YOUNG,,,,,,,,
deepteam:1.0.5:metrics/indirect_instruction/indirect_instruction.py:IndirectInstructionMetric._a_evaluate:1bf122185a1f78f7,deepteam,confident-ai/deepteam,held-out,metrics/indirect_instruction/indirect_instruction.py,IndirectInstructionMetric._a_evaluate,,1.0.5,1.0.9,2,TOO_YOUNG,,,,,,,,
deepteam:1.0.5:metrics/indirect_instruction/indirect_instruction.py:IndirectInstructionMetric.evaluate:062fa2a202e11736,deepteam,confident-ai/deepteam,held-out,metrics/indirect_instruction/indirect_instruction.py,IndirectInstructionMetric.evaluate,,1.0.5,1.0.9,2,TOO_YOUNG,,,,,,,,
deepteam:1.0.5:metrics/indirect_instruction/indirect_instruction.py:IndirectInstructionMetric.is_successful:0245c88b4c5cc5a1,deepteam,confident-ai/deepteam,held-out,metrics/indirect_instruction/indirect_instruction.py,IndirectInstructionMetric.is_successful,silent-fallback,1.0.5,1.0.9,2,TOO_YOUNG,,,,,,,,
deepteam:1.0.5:metrics/insecure_inter_agent_communication/insecure_inter_agent_communication.py:InsecureInterAgentCommunicationMetric._a_evaluate:1bf122185a1f78f7,deepteam,confident-ai/deepteam,held-out,metrics/insecure_inter_agent_communication/insecure_inter_agent_communication.py,InsecureInterAgentCommunicationMetric._a_evaluate,,1.0.5,1.0.9,2,TOO_YOUNG,,,,,,,,
deepteam:1.0.5:metrics/insecure_inter_agent_communication/insecure_inter_agent_communication.py:InsecureInterAgentCommunicationMetric.evaluate:062fa2a202e11736,deepteam,confident-ai/deepteam,held-out,metrics/insecure_inter_agent_communication/insecure_inter_agent_communication.py,InsecureInterAgentCommunicationMetric.evaluate,,1.0.5,1.0.9,2,TOO_YOUNG,,,,,,,,
deepteam:1.0.5:metrics/insecure_inter_agent_communication/insecure_inter_agent_communication.py:InsecureInterAgentCommunicationMetric.is_successful:0245c88b4c5cc5a1,deepteam,confident-ai/deepteam,held-out,metrics/insecure_inter_agent_communication/insecure_inter_agent_communication.py,InsecureInterAgentCommunicationMetric.is_successful,silent-fallback,1.0.5,1.0.9,2,TOO_YOUNG,,,,,,,,
deepteam:1.0.9:metrics/system_reconnaissance/system_reconnaissance.py:SystemReconnaissanceMetric.__init__:34d4e675ec36b4ed,deepteam,confident-ai/deepteam,held-out,metrics/system_reconnaissance/system_reconnaissance.py,SystemReconnaissanceMetric.__init__,silent-fallback,1.0.9,1.0.9,1,TOO_YOUNG,,,,,,,,
deepteam:1.0.9:metrics/system_reconnaissance/system_reconnaissance.py:SystemReconnaissanceMetric._a_evaluate:1bf122185a1f78f7,deepteam,confident-ai/deepteam,held-out,metrics/system_reconnaissance/system_reconnaissance.py,SystemReconnaissanceMetric._a_evaluate,,1.0.9,1.0.9,1,TOO_YOUNG,,,,,,,,
deepteam:1.0.9:metrics/system_reconnaissance/system_reconnaissance.py:SystemReconnaissanceMetric.a_generate_purpose:53e294f9e79441ec,deepteam,confident-ai/deepteam,held-out,metrics/system_reconnaissance/system_reconnaissance.py,SystemReconnaissanceMetric.a_generate_purpose,,1.0.9,1.0.9,1,TOO_YOUNG,,,,,,,,
deepteam:1.0.9:metrics/system_reconnaissance/system_reconnaissance.py:SystemReconnaissanceMetric.evaluate:062fa2a202e11736,deepteam,confident-ai/deepteam,held-out,metrics/system_reconnaissance/system_reconnaissance.py,SystemReconnaissanceMetric.evaluate,,1.0.9,1.0.9,1,TOO_YOUNG,,,,,,,,
deepteam:1.0.9:metrics/system_reconnaissance/system_reconnaissance.py:SystemReconnaissanceMetric.generate_purpose:8f5a465d08cdcc29,deepteam,confident-ai/deepteam,held-out,metrics/system_reconnaissance/system_reconnaissance.py,SystemReconnaissanceMetric.generate_purpose,,1.0.9,1.0.9,1,TOO_YOUNG,,,,,,,,
deepteam:1.0.9:metrics/system_reconnaissance/system_reconnaissance.py:SystemReconnaissanceMetric.is_successful:0245c88b4c5cc5a1,deepteam,confident-ai/deepteam,held-out,metrics/system_reconnaissance/system_reconnaissance.py,SystemReconnaissanceMetric.is_successful,silent-fallback,1.0.9,1.0.9,1,TOO_YOUNG,,,,,,,,
deepteam:1.0.5:metrics/tool_metadata_poisoning/tool_metadata_poisoning.py:ToolMetadataPoisoningMetric._a_evaluate:1bf122185a1f78f7,deepteam,confident-ai/deepteam,held-out,metrics/tool_metadata_poisoning/tool_metadata_poisoning.py,ToolMetadataPoisoningMetric._a_evaluate,,1.0.5,1.0.9,2,TOO_YOUNG,,,,,,,,
deepteam:1.0.5:metrics/tool_metadata_poisoning/tool_metadata_poisoning.py:ToolMetadataPoisoningMetric.evaluate:062fa2a202e11736,deepteam,confident-ai/deepteam,held-out,metrics/tool_metadata_poisoning/tool_metadata_poisoning.py,ToolMetadataPoisoningMetric.evaluate,,1.0.5,1.0.9,2,TOO_YOUNG,,,,,,,,
deepteam:1.0.5:metrics/tool_metadata_poisoning/tool_metadata_poisoning.py:ToolMetadataPoisoningMetric.is_successful:0245c88b4c5cc5a1,deepteam,confident-ai/deepteam,held-out,metrics/tool_metadata_poisoning/tool_metadata_poisoning.py,ToolMetadataPoisoningMetric.is_successful,silent-fallback,1.0.5,1.0.9,2,TOO_YOUNG,,,,,,,,
deepteam:1.0.5:metrics/tool_orchestration/tool_orchestration.py:ToolOrchestrationMetric._a_evaluate:1bf122185a1f78f7,deepteam,confident-ai/deepteam,held-out,metrics/tool_orchestration/tool_orchestration.py,ToolOrchestrationMetric._a_evaluate,,1.0.5,1.0.9,2,TOO_YOUNG,,,,,,,,
deepteam:1.0.5:metrics/tool_orchestration/tool_orchestration.py:ToolOrchestrationMetric.evaluate:062fa2a202e11736,deepteam,confident-ai/deepteam,held-out,metrics/tool_orchestration/tool_orchestration.py,ToolOrchestrationMetric.evaluate,,1.0.5,1.0.9,2,TOO_YOUNG,,,,,,,,
deepteam:1.0.5:metrics/tool_orchestration/tool_orchestration.py:ToolOrchestrationMetric.is_successful:0245c88b4c5cc5a1,deepteam,confident-ai/deepteam,held-out,metrics/tool_orchestration/tool_orchestration.py,ToolOrchestrationMetric.is_successful,silent-fallback,1.0.5,1.0.9,2,TOO_YOUNG,,,,,,,,
deepteam:1.0.5:metrics/unexpected_code_execution/unexpected_code_execution.py:UnexpectedCodeExecutionMetric._a_evaluate:1bf122185a1f78f7,deepteam,confident-ai/deepteam,held-out,metrics/unexpected_code_execution/unexpected_code_execution.py,UnexpectedCodeExecutionMetric._a_evaluate,,1.0.5,1.0.9,2,TOO_YOUNG,,,,,,,,
deepteam:1.0.5:metrics/unexpected_code_execution/unexpected_code_execution.py:UnexpectedCodeExecutionMetric.evaluate:062fa2a202e11736,deepteam,confident-ai/deepteam,held-out,metrics/unexpected_code_execution/unexpected_code_execution.py,UnexpectedCodeExecutionMetric.evaluate,,1.0.5,1.0.9,2,TOO_YOUNG,,,,,,,,
deepteam:1.0.5:metrics/unexpected_code_execution/unexpected_code_execution.py:UnexpectedCodeExecutionMetric.is_successful:0245c88b4c5cc5a1,deepteam,confident-ai/deepteam,held-out,metrics/unexpected_code_execution/unexpected_code_execution.py,UnexpectedCodeExecutionMetric.is_successful,silent-fallback,1.0.5,1.0.9,2,TOO_YOUNG,,,,,,,,
deepteam:1.0.5:red_teamer/red_teamer.py:RedTeamer._post_risk_assessment:e0eeab7d84111223,deepteam,confident-ai/deepteam,held-out,red_teamer/red_teamer.py,RedTeamer._post_risk_assessment,,1.0.5,1.0.9,2,TOO_YOUNG,,,,,,,,
deepteam:1.0.9:telemetry.py:<module>:1b05fe930d1217a0,deepteam,confident-ai/deepteam,held-out,telemetry.py,<module>,no-action,1.0.9,1.0.9,1,TOO_YOUNG,,,,,,,,
deepteam:1.0.5:vulnerabilities/agent_identity_abuse/agent_identity_abuse.py:AgentIdentityAbuse.a_simulate_attacks:c7de444c29331b5b,deepteam,confident-ai/deepteam,held-out,vulnerabilities/agent_identity_abuse/agent_identity_abuse.py,AgentIdentityAbuse.a_simulate_attacks,,1.0.5,1.0.9,2,TOO_YOUNG,,,,,,,,
deepteam:1.0.5:vulnerabilities/agent_identity_abuse/agent_identity_abuse.py:AgentIdentityAbuse.is_vulnerable:83f0a71cdaa02457,deepteam,confident-ai/deepteam,held-out,vulnerabilities/agent_identity_abuse/agent_identity_abuse.py,AgentIdentityAbuse.is_vulnerable,silent-fallback,1.0.5,1.0.9,2,TOO_YOUNG,,,,,,,,
deepteam:1.0.5:vulnerabilities/agent_identity_abuse/agent_identity_abuse.py:AgentIdentityAbuse.simulate_attacks:be794b2e67af5bed,deepteam,confident-ai/deepteam,held-out,vulnerabilities/agent_identity_abuse/agent_identity_abuse.py,AgentIdentityAbuse.simulate_attacks,,1.0.5,1.0.9,2,TOO_YOUNG,,,,,,,,
deepteam:1.0.5:vulnerabilities/autonomous_agent_drift/autonomous_agent_drift.py:AutonomousAgentDrift.a_simulate_attacks:c7de444c29331b5b,deepteam,confident-ai/deepteam,held-out,vulnerabilities/autonomous_agent_drift/autonomous_agent_drift.py,AutonomousAgentDrift.a_simulate_attacks,,1.0.5,1.0.9,2,TOO_YOUNG,,,,,,,,
deepteam:1.0.5:vulnerabilities/autonomous_agent_drift/autonomous_agent_drift.py:AutonomousAgentDrift.is_vulnerable:83f0a71cdaa02457,deepteam,confident-ai/deepteam,held-out,vulnerabilities/autonomous_agent_drift/autonomous_agent_drift.py,AutonomousAgentDrift.is_vulnerable,silent-fallback,1.0.5,1.0.9,2,TOO_YOUNG,,,,,,,,
deepteam:1.0.5:vulnerabilities/autonomous_agent_drift/autonomous_agent_drift.py:AutonomousAgentDrift.simulate_attacks:be794b2e67af5bed,deepteam,confident-ai/deepteam,held-out,vulnerabilities/autonomous_agent_drift/autonomous_agent_drift.py,AutonomousAgentDrift.simulate_attacks,,1.0.5,1.0.9,2,TOO_YOUNG,,,,,,,,
deepteam:1.0.1:vulnerabilities/child_protection/child_protection.py:ChildProtection.a_simulate_attacks:c7de444c29331b5b,deepteam,confident-ai/deepteam,held-out,vulnerabilities/child_protection/child_protection.py,ChildProtection.a_simulate_attacks,,1.0.1,1.0.9,3,TOO_YOUNG,,,,,,,,
deepteam:1.0.1:vulnerabilities/child_protection/child_protection.py:ChildProtection.is_vulnerable:83f0a71cdaa02457,deepteam,confident-ai/deepteam,held-out,vulnerabilities/child_protection/child_protection.py,ChildProtection.is_vulnerable,silent-fallback,1.0.1,1.0.9,3,TOO_YOUNG,,,,,,,,
deepteam:1.0.1:vulnerabilities/child_protection/child_protection.py:ChildProtection.simulate_attacks:be794b2e67af5bed,deepteam,confident-ai/deepteam,held-out,vulnerabilities/child_protection/child_protection.py,ChildProtection.simulate_attacks,,1.0.1,1.0.9,3,TOO_YOUNG,,,,,,,,
deepteam:1.0.9:vulnerabilities/cross_context_retrieval/cross_context_retrieval.py:CrossContextRetrieval.a_simulate_attacks:c7de444c29331b5b,deepteam,confident-ai/deepteam,held-out,vulnerabilities/cross_context_retrieval/cross_context_retrieval.py,CrossContextRetrieval.a_simulate_attacks,silent-fallback,1.0.9,1.0.9,1,TOO_YOUNG,,,,,,,,
deepteam:1.0.9:vulnerabilities/cross_context_retrieval/cross_context_retrieval.py:CrossContextRetrieval.is_vulnerable:83f0a71cdaa02457,deepteam,confident-ai/deepteam,held-out,vulnerabilities/cross_context_retrieval/cross_context_retrieval.py,CrossContextRetrieval.is_vulnerable,silent-fallback,1.0.9,1.0.9,1,TOO_YOUNG,,,,,,,,
deepteam:1.0.9:vulnerabilities/cross_context_retrieval/cross_context_retrieval.py:CrossContextRetrieval.simulate_attacks:be794b2e67af5bed,deepteam,confident-ai/deepteam,held-out,vulnerabilities/cross_context_retrieval/cross_context_retrieval.py,CrossContextRetrieval.simulate_attacks,,1.0.9,1.0.9,1,TOO_YOUNG,,,,,,,,
deepteam:1.0.1:vulnerabilities/ethics/ethics.py:Ethics.a_simulate_attacks:c7de444c29331b5b,deepteam,confident-ai/deepteam,held-out,vulnerabilities/ethics/ethics.py,Ethics.a_simulate_attacks,,1.0.1,1.0.9,3,TOO_YOUNG,,,,,,,,
deepteam:1.0.1:vulnerabilities/ethics/ethics.py:Ethics.is_vulnerable:83f0a71cdaa02457,deepteam,confident-ai/deepteam,held-out,vulnerabilities/ethics/ethics.py,Ethics.is_vulnerable,silent-fallback,1.0.1,1.0.9,3,TOO_YOUNG,,,,,,,,
deepteam:1.0.1:vulnerabilities/ethics/ethics.py:Ethics.simulate_attacks:be794b2e67af5bed,deepteam,confident-ai/deepteam,held-out,vulnerabilities/ethics/ethics.py,Ethics.simulate_attacks,,1.0.1,1.0.9,3,TOO_YOUNG,,,,,,,,
deepteam:1.0.9:vulnerabilities/exploit_tool_agent/exploit_tool_agent.py:ExploitToolAgent.a_simulate_attacks:c7de444c29331b5b,deepteam,confident-ai/deepteam,held-out,vulnerabilities/exploit_tool_agent/exploit_tool_agent.py,ExploitToolAgent.a_simulate_attacks,,1.0.9,1.0.9,1,TOO_YOUNG,,,,,,,,
deepteam:1.0.9:vulnerabilities/exploit_tool_agent/exploit_tool_agent.py:ExploitToolAgent.is_vulnerable:83f0a71cdaa02457,deepteam,confident-ai/deepteam,held-out,vulnerabilities/exploit_tool_agent/exploit_tool_agent.py,ExploitToolAgent.is_vulnerable,silent-fallback,1.0.9,1.0.9,1,TOO_YOUNG,,,,,,,,
deepteam:1.0.9:vulnerabilities/exploit_tool_agent/exploit_tool_agent.py:ExploitToolAgent.simulate_attacks:be794b2e67af5bed,deepteam,confident-ai/deepteam,held-out,vulnerabilities/exploit_tool_agent/exploit_tool_agent.py,ExploitToolAgent.simulate_attacks,,1.0.9,1.0.9,1,TOO_YOUNG,,,,,,,,
deepteam:1.0.9:vulnerabilities/external_system_abuse/external_system_abuse.py:ExternalSystemAbuse.a_simulate_attacks:c7de444c29331b5b,deepteam,confident-ai/deepteam,held-out,vulnerabilities/external_system_abuse/external_system_abuse.py,ExternalSystemAbuse.a_simulate_attacks,,1.0.9,1.0.9,1,TOO_YOUNG,,,,,,,,
deepteam:1.0.9:vulnerabilities/external_system_abuse/external_system_abuse.py:ExternalSystemAbuse.is_vulnerable:83f0a71cdaa02457,deepteam,confident-ai/deepteam,held-out,vulnerabilities/external_system_abuse/external_system_abuse.py,ExternalSystemAbuse.is_vulnerable,silent-fallback,1.0.9,1.0.9,1,TOO_YOUNG,,,,,,,,
deepteam:1.0.9:vulnerabilities/external_system_abuse/external_system_abuse.py:ExternalSystemAbuse.simulate_attacks:be794b2e67af5bed,deepteam,confident-ai/deepteam,held-out,vulnerabilities/external_system_abuse/external_system_abuse.py,ExternalSystemAbuse.simulate_attacks,,1.0.9,1.0.9,1,TOO_YOUNG,,,,,,,,
deepteam:1.0.1:vulnerabilities/fairness/fairness.py:Fairness.a_simulate_attacks:c7de444c29331b5b,deepteam,confident-ai/deepteam,held-out,vulnerabilities/fairness/fairness.py,Fairness.a_simulate_attacks,,1.0.1,1.0.9,3,TOO_YOUNG,,,,,,,,
deepteam:1.0.1:vulnerabilities/fairness/fairness.py:Fairness.is_vulnerable:83f0a71cdaa02457,deepteam,confident-ai/deepteam,held-out,vulnerabilities/fairness/fairness.py,Fairness.is_vulnerable,silent-fallback,1.0.1,1.0.9,3,TOO_YOUNG,,,,,,,,
deepteam:1.0.1:vulnerabilities/fairness/fairness.py:Fairness.simulate_attacks:be794b2e67af5bed,deepteam,confident-ai/deepteam,held-out,vulnerabilities/fairness/fairness.py,Fairness.simulate_attacks,,1.0.1,1.0.9,3,TOO_YOUNG,,,,,,,,
deepteam:1.0.9:vulnerabilities/hallucination/hallucination.py:Hallucination.a_simulate_attacks:c7de444c29331b5b,deepteam,confident-ai/deepteam,held-out,vulnerabilities/hallucination/hallucination.py,Hallucination.a_simulate_attacks,,1.0.9,1.0.9,1,TOO_YOUNG,,,,,,,,
deepteam:1.0.9:vulnerabilities/hallucination/hallucination.py:Hallucination.is_vulnerable:83f0a71cdaa02457,deepteam,confident-ai/deepteam,held-out,vulnerabilities/hallucination/hallucination.py,Hallucination.is_vulnerable,silent-fallback,1.0.9,1.0.9,1,TOO_YOUNG,,,,,,,,
deepteam:1.0.9:vulnerabilities/hallucination/hallucination.py:Hallucination.simulate_attacks:be794b2e67af5bed,deepteam,confident-ai/deepteam,held-out,vulnerabilities/hallucination/hallucination.py,Hallucination.simulate_attacks,,1.0.9,1.0.9,1,TOO_YOUNG,,,,,,,,
deepteam:1.0.5:vulnerabilities/indirect_instruction/indirect_instruction.py:IndirectInstruction.a_simulate_attacks:c7de444c29331b5b,deepteam,confident-ai/deepteam,held-out,vulnerabilities/indirect_instruction/indirect_instruction.py,IndirectInstruction.a_simulate_attacks,,1.0.5,1.0.9,2,TOO_YOUNG,,,,,,,,
deepteam:1.0.5:vulnerabilities/indirect_instruction/indirect_instruction.py:IndirectInstruction.is_vulnerable:83f0a71cdaa02457,deepteam,confident-ai/deepteam,held-out,vulnerabilities/indirect_instruction/indirect_instruction.py,IndirectInstruction.is_vulnerable,silent-fallback,1.0.5,1.0.9,2,TOO_YOUNG,,,,,,,,
deepteam:1.0.5:vulnerabilities/indirect_instruction/indirect_instruction.py:IndirectInstruction.simulate_attacks:be794b2e67af5bed,deepteam,confident-ai/deepteam,held-out,vulnerabilities/indirect_instruction/indirect_instruction.py,IndirectInstruction.simulate_attacks,,1.0.5,1.0.9,2,TOO_YOUNG,,,,,,,,
deepteam:1.0.5:vulnerabilities/insecure_inter_agent_communication/insecure_inter_agent_communication.py:InsecureInterAgentCommunication.a_simulate_attacks:c7de444c29331b5b,deepteam,confident-ai/deepteam,held-out,vulnerabilities/insecure_inter_agent_communication/insecure_inter_agent_communication.py,InsecureInterAgentCommunication.a_simulate_attacks,,1.0.5,1.0.9,2,TOO_YOUNG,,,,,,,,
deepteam:1.0.5:vulnerabilities/insecure_inter_agent_communication/insecure_inter_agent_communication.py:InsecureInterAgentCommunication.is_vulnerable:83f0a71cdaa02457,deepteam,confident-ai/deepteam,held-out,vulnerabilities/insecure_inter_agent_communication/insecure_inter_agent_communication.py,InsecureInterAgentCommunication.is_vulnerable,silent-fallback,1.0.5,1.0.9,2,TOO_YOUNG,,,,,,,,
deepteam:1.0.5:vulnerabilities/insecure_inter_agent_communication/insecure_inter_agent_communication.py:InsecureInterAgentCommunication.simulate_attacks:be794b2e67af5bed,deepteam,confident-ai/deepteam,held-out,vulnerabilities/insecure_inter_agent_communication/insecure_inter_agent_communication.py,InsecureInterAgentCommunication.simulate_attacks,,1.0.5,1.0.9,2,TOO_YOUNG,,,,,,,,
deepteam:1.0.9:vulnerabilities/system_reconnaissance/system_reconnaissance.py:SystemReconnaissance.a_simulate_attacks:c7de444c29331b5b,deepteam,confident-ai/deepteam,held-out,vulnerabilities/system_reconnaissance/system_reconnaissance.py,SystemReconnaissance.a_simulate_attacks,silent-fallback,1.0.9,1.0.9,1,TOO_YOUNG,,,,,,,,
deepteam:1.0.9:vulnerabilities/system_reconnaissance/system_reconnaissance.py:SystemReconnaissance.is_vulnerable:83f0a71cdaa02457,deepteam,confident-ai/deepteam,held-out,vulnerabilities/system_reconnaissance/system_reconnaissance.py,SystemReconnaissance.is_vulnerable,silent-fallback,1.0.9,1.0.9,1,TOO_YOUNG,,,,,,,,
deepteam:1.0.9:vulnerabilities/system_reconnaissance/system_reconnaissance.py:SystemReconnaissance.simulate_attacks:be794b2e67af5bed,deepteam,confident-ai/deepteam,held-out,vulnerabilities/system_reconnaissance/system_reconnaissance.py,SystemReconnaissance.simulate_attacks,,1.0.9,1.0.9,1,TOO_YOUNG,,,,,,,,
deepteam:1.0.5:vulnerabilities/tool_metadata_poisoning/tool_metadata_poisoning.py:ToolMetadataPoisoning.a_simulate_attacks:c7de444c29331b5b,deepteam,confident-ai/deepteam,held-out,vulnerabilities/tool_metadata_poisoning/tool_metadata_poisoning.py,ToolMetadataPoisoning.a_simulate_attacks,,1.0.5,1.0.9,2,TOO_YOUNG,,,,,,,,
deepteam:1.0.5:vulnerabilities/tool_metadata_poisoning/tool_metadata_poisoning.py:ToolMetadataPoisoning.is_vulnerable:83f0a71cdaa02457,deepteam,confident-ai/deepteam,held-out,vulnerabilities/tool_metadata_poisoning/tool_metadata_poisoning.py,ToolMetadataPoisoning.is_vulnerable,silent-fallback,1.0.5,1.0.9,2,TOO_YOUNG,,,,,,,,
deepteam:1.0.5:vulnerabilities/tool_metadata_poisoning/tool_metadata_poisoning.py:ToolMetadataPoisoning.simulate_attacks:be794b2e67af5bed,deepteam,confident-ai/deepteam,held-out,vulnerabilities/tool_metadata_poisoning/tool_metadata_poisoning.py,ToolMetadataPoisoning.simulate_attacks,,1.0.5,1.0.9,2,TOO_YOUNG,,,,,,,,
deepteam:1.0.5:vulnerabilities/tool_orchestration_abuse/tool_orchestration_abuse.py:ToolOrchestrationAbuse.a_simulate_attacks:c7de444c29331b5b,deepteam,confident-ai/deepteam,held-out,vulnerabilities/tool_orchestration_abuse/tool_orchestration_abuse.py,ToolOrchestrationAbuse.a_simulate_attacks,,1.0.5,1.0.9,2,TOO_YOUNG,,,,,,,,
deepteam:1.0.5:vulnerabilities/tool_orchestration_abuse/tool_orchestration_abuse.py:ToolOrchestrationAbuse.is_vulnerable:83f0a71cdaa02457,deepteam,confident-ai/deepteam,held-out,vulnerabilities/tool_orchestration_abuse/tool_orchestration_abuse.py,ToolOrchestrationAbuse.is_vulnerable,silent-fallback,1.0.5,1.0.9,2,TOO_YOUNG,,,,,,,,
deepteam:1.0.5:vulnerabilities/tool_orchestration_abuse/tool_orchestration_abuse.py:ToolOrchestrationAbuse.simulate_attacks:be794b2e67af5bed,deepteam,confident-ai/deepteam,held-out,vulnerabilities/tool_orchestration_abuse/tool_orchestration_abuse.py,ToolOrchestrationAbuse.simulate_attacks,,1.0.5,1.0.9,2,TOO_YOUNG,,,,,,,,
deepteam:1.0.5:vulnerabilities/unexpected_code_execution/unexpected_code_execution.py:UnexpectedCodeExecution.a_simulate_attacks:c7de444c29331b5b,deepteam,confident-ai/deepteam,held-out,vulnerabilities/unexpected_code_execution/unexpected_code_execution.py,UnexpectedCodeExecution.a_simulate_attacks,,1.0.5,1.0.9,2,TOO_YOUNG,,,,,,,,
deepteam:1.0.5:vulnerabilities/unexpected_code_execution/unexpected_code_execution.py:UnexpectedCodeExecution.is_vulnerable:83f0a71cdaa02457,deepteam,confident-ai/deepteam,held-out,vulnerabilities/unexpected_code_execution/unexpected_code_execution.py,UnexpectedCodeExecution.is_vulnerable,silent-fallback,1.0.5,1.0.9,2,TOO_YOUNG,,,,,,,,
deepteam:1.0.5:vulnerabilities/unexpected_code_execution/unexpected_code_execution.py:UnexpectedCodeExecution.simulate_attacks:be794b2e67af5bed,deepteam,confident-ai/deepteam,held-out,vulnerabilities/unexpected_code_execution/unexpected_code_execution.py,UnexpectedCodeExecution.simulate_attacks,,1.0.5,1.0.9,2,TOO_YOUNG,,,,,,,,
deepteam:0.0.1:__init__.py:check_for_update:42ec18c8a9a41f71,deepteam,confident-ai/deepteam,held-out,__init__.py,check_for_update,no-action,0.0.1,0.0.1,1,VANISHED,,,,,,,,
deepteam:0.0.1:__init__.py:check_for_update:80123b18c59847bc,deepteam,confident-ai/deepteam,held-out,__init__.py,check_for_update,no-action,0.0.1,0.0.1,1,VANISHED,,,,,,,,
deepteam:0.0.1:attack_simulator/attack_enhancements/gray_box/gray_box.py:GrayBox.a_enhance:c4ddc9bd33beda7c,deepteam,confident-ai/deepteam,held-out,attack_simulator/attack_enhancements/gray_box/gray_box.py,GrayBox.a_enhance,,0.0.1,0.0.1,1,VANISHED,,,,,,,,
deepteam:0.0.1:attack_simulator/attack_enhancements/jailbreaking_tree/jailbreaking_tree.py:JailbreakingTree.a_enhance:978d00e4571114a7,deepteam,confident-ai/deepteam,held-out,attack_simulator/attack_enhancements/jailbreaking_tree/jailbreaking_tree.py,JailbreakingTree.a_enhance,,0.0.1,0.2.3,6,VANISHED,,,,,,,,
deepteam:0.0.1:attack_simulator/attack_enhancements/jailbreaking_tree/jailbreaking_tree.py:JailbreakingTree.enhance:0bdf9a7d34076437,deepteam,confident-ai/deepteam,held-out,attack_simulator/attack_enhancements/jailbreaking_tree/jailbreaking_tree.py,JailbreakingTree.enhance,,0.0.1,0.2.3,6,VANISHED,,,,,,,,
deepteam:0.0.1:attack_simulator/attack_enhancements/math_problem/math_problem.py:MathProblem.a_enhance:5f636ab4bbcd5a9e,deepteam,confident-ai/deepteam,held-out,attack_simulator/attack_enhancements/math_problem/math_problem.py,MathProblem.a_enhance,,0.0.1,0.0.1,1,VANISHED,,,,,,,,
deepteam:0.0.1:attack_simulator/attack_enhancements/multilingual/multilingual.py:Multilingual.a_enhance:073baa5462729c33,deepteam,confident-ai/deepteam,held-out,attack_simulator/attack_enhancements/multilingual/multilingual.py,Multilingual.a_enhance,,0.0.1,0.0.1,1,VANISHED,,,,,,,,
deepteam:0.0.1:attack_simulator/attack_enhancements/prompt_probing/prompt_probing.py:PromptProbing.a_enhance:fbd4c60a21574bce,deepteam,confident-ai/deepteam,held-out,attack_simulator/attack_enhancements/prompt_probing/prompt_probing.py,PromptProbing.a_enhance,,0.0.1,0.0.1,1,VANISHED,,,,,,,,
deepteam:0.0.1:attack_simulator/utils.py:a_generate_schema:968e7fbc16d429f0,deepteam,confident-ai/deepteam,held-out,attack_simulator/utils.py,a_generate_schema,,0.0.1,0.2.3,6,VANISHED,,,,,,,,
deepteam:0.0.1:attack_simulator/utils.py:generate_schema:c52fe84be996b762,deepteam,confident-ai/deepteam,held-out,attack_simulator/utils.py,generate_schema,,0.0.1,0.2.3,6,VANISHED,,,,,,,,
deepteam:0.1.7:attacks/attack_simulator/attack_simulator.py:AttackSimulator.a_simulate_local_attack:ced2f4eaac0a288c,deepteam,confident-ai/deepteam,held-out,attacks/attack_simulator/attack_simulator.py,AttackSimulator.a_simulate_local_attack,,0.1.7,0.2.3,2,VANISHED,,,,,,,,
deepteam:0.1.7:attacks/attack_simulator/attack_simulator.py:AttackSimulator.simulate_local_attack:4305442ee79951ff,deepteam,confident-ai/deepteam,held-out,attacks/attack_simulator/attack_simulator.py,AttackSimulator.simulate_local_attack,,0.1.7,0.2.3,2,VANISHED,,,,,,,,
deepteam:0.2.7:attacks/attack_simulator/utils.py:a_generate:dc393c32f76d713f,deepteam,confident-ai/deepteam,held-out,attacks/attack_simulator/utils.py,a_generate,,0.2.7,1.0.1,2,VANISHED,,,,,,,,
deepteam:1.0.5:attacks/attack_simulator/utils.py:a_generate:9f29bd364e76d96c,deepteam,confident-ai/deepteam,held-out,attacks/attack_simulator/utils.py,a_generate,,1.0.5,1.0.5,1,VANISHED,,,,,,,,
deepteam:0.2.7:attacks/attack_simulator/utils.py:generate:8c9ba2fcba210c95,deepteam,confident-ai/deepteam,held-out,attacks/attack_simulator/utils.py,generate,,0.2.7,1.0.1,2,VANISHED,,,,,,,,
deepteam:1.0.5:attacks/attack_simulator/utils.py:generate:66665452aad8fd23,deepteam,confident-ai/deepteam,held-out,attacks/attack_simulator/utils.py,generate,,1.0.5,1.0.5,1,VANISHED,,,,,,,,
deepteam:0.1.7:attacks/multi_turn/bad_likert_judge/bad_likert_judge.py:BadLikertJudge.a_enhance:b6f77303bd3de34b,deepteam,confident-ai/deepteam,held-out,attacks/multi_turn/bad_likert_judge/bad_likert_judge.py,BadLikertJudge.a_enhance,,0.1.7,0.2.3,2,VANISHED,,,,,,,,
deepteam:0.1.7:attacks/multi_turn/bad_likert_judge/bad_likert_judge.py:BadLikertJudge.enhance:09d2cf79e554e31b,deepteam,confident-ai/deepteam,held-out,attacks/multi_turn/bad_likert_judge/bad_likert_judge.py,BadLikertJudge.enhance,,0.1.7,0.2.3,2,VANISHED,,,,,,,,
deepteam:0.1.7:attacks/multi_turn/sequential_break/sequential_break.py:SequentialJailbreak.a_enhance:2ace0073b50a1847,deepteam,confident-ai/deepteam,held-out,attacks/multi_turn/sequential_break/sequential_break.py,SequentialJailbreak.a_enhance,,0.1.7,0.2.3,2,VANISHED,,,,,,,,
deepteam:0.1.7:attacks/multi_turn/sequential_break/sequential_break.py:SequentialJailbreak.enhance:1e28d7ceab910c55,deepteam,confident-ai/deepteam,held-out,attacks/multi_turn/sequential_break/sequential_break.py,SequentialJailbreak.enhance,,0.1.7,0.2.3,2,VANISHED,,,,,,,,
deepteam:0.2.7:attacks/multi_turn/tree_jailbreaking/tree_jailbreaking.py:TreeJailbreaking._a_get_turns:124475fd8b557734,deepteam,confident-ai/deepteam,held-out,attacks/multi_turn/tree_jailbreaking/tree_jailbreaking.py,TreeJailbreaking._a_get_turns,,0.2.7,0.2.7,1,VANISHED,,,,,,,,
deepteam:1.0.1:attacks/multi_turn/tree_jailbreaking/tree_jailbreaking.py:TreeJailbreaking._a_get_turns:97b148cdd1fb63d2,deepteam,confident-ai/deepteam,held-out,attacks/multi_turn/tree_jailbreaking/tree_jailbreaking.py,TreeJailbreaking._a_get_turns,,1.0.1,1.0.5,2,VANISHED,,,,,,,,
deepteam:0.2.7:attacks/multi_turn/tree_jailbreaking/tree_jailbreaking.py:TreeJailbreaking._get_turns:c1eacd3cecbf4da5,deepteam,confident-ai/deepteam,held-out,attacks/multi_turn/tree_jailbreaking/tree_jailbreaking.py,TreeJailbreaking._get_turns,,0.2.7,0.2.7,1,VANISHED,,,,,,,,
deepteam:1.0.1:attacks/multi_turn/tree_jailbreaking/tree_jailbreaking.py:TreeJailbreaking._get_turns:ff9488abe1b30bdb,deepteam,confident-ai/deepteam,held-out,attacks/multi_turn/tree_jailbreaking/tree_jailbreaking.py,TreeJailbreaking._get_turns,,1.0.1,1.0.5,2,VANISHED,,,,,,,,
deepteam:1.0.5:attacks/single_turn/context_poisoning/context_poisoning.py:ContextPoisoning.a_enhance:86cc2a9cc01a885d,deepteam,confident-ai/deepteam,held-out,attacks/single_turn/context_poisoning/context_poisoning.py,ContextPoisoning.a_enhance,,1.0.5,1.0.5,1,VANISHED,,,,,,,,
deepteam:0.0.5:attacks/single_turn/gray_box/gray_box.py:GrayBox.a_enhance:4d9e65d992ef1eac,deepteam,confident-ai/deepteam,held-out,attacks/single_turn/gray_box/gray_box.py,GrayBox.a_enhance,,0.0.5,0.2.3,5,VANISHED,,,,,,,,
deepteam:0.2.7:attacks/single_turn/gray_box/gray_box.py:GrayBox.a_enhance:9e2091b4eb764e0f,deepteam,confident-ai/deepteam,held-out,attacks/single_turn/gray_box/gray_box.py,GrayBox.a_enhance,,0.2.7,0.2.7,1,VANISHED,,,,,,,,
deepteam:1.0.1:attacks/single_turn/gray_box/gray_box.py:GrayBox.a_enhance:10c9a4f1a30f0803,deepteam,confident-ai/deepteam,held-out,attacks/single_turn/gray_box/gray_box.py,GrayBox.a_enhance,,1.0.1,1.0.5,2,VANISHED,,,,,,,,
deepteam:0.1.7:attacks/single_turn/input_bypass/input_bypass.py:InputBypass.enhance:c48bcc9cc2bcea91,deepteam,confident-ai/deepteam,held-out,attacks/single_turn/input_bypass/input_bypass.py,InputBypass.enhance,,0.1.7,1.0.5,5,VANISHED,,,,,,,,
deepteam:0.0.5:attacks/single_turn/math_problem/math_problem.py:MathProblem.a_enhance:a963b0f750f0cfd3,deepteam,confident-ai/deepteam,held-out,attacks/single_turn/math_problem/math_problem.py,MathProblem.a_enhance,,0.0.5,0.2.3,5,VANISHED,,,,,,,,
deepteam:0.2.7:attacks/single_turn/math_problem/math_problem.py:MathProblem.a_enhance:c379a135ae22447e,deepteam,confident-ai/deepteam,held-out,attacks/single_turn/math_problem/math_problem.py,MathProblem.a_enhance,,0.2.7,0.2.7,1,VANISHED,,,,,,,,
deepteam:1.0.1:attacks/single_turn/math_problem/math_problem.py:MathProblem.a_enhance:5c2f70475c252558,deepteam,confident-ai/deepteam,held-out,attacks/single_turn/math_problem/math_problem.py,MathProblem.a_enhance,,1.0.1,1.0.5,2,VANISHED,,,,,,,,
deepteam:0.0.5:attacks/single_turn/multilingual/multilingual.py:Multilingual.a_enhance:545dec039ac81403,deepteam,confident-ai/deepteam,held-out,attacks/single_turn/multilingual/multilingual.py,Multilingual.a_enhance,,0.0.5,0.2.3,5,VANISHED,,,,,,,,
deepteam:0.2.7:attacks/single_turn/multilingual/multilingual.py:Multilingual.a_enhance:7efbbe9cc0269143,deepteam,confident-ai/deepteam,held-out,attacks/single_turn/multilingual/multilingual.py,Multilingual.a_enhance,,0.2.7,0.2.7,1,VANISHED,,,,,,,,
deepteam:1.0.1:attacks/single_turn/multilingual/multilingual.py:Multilingual.a_enhance:6bc009ceab3220a3,deepteam,confident-ai/deepteam,held-out,attacks/single_turn/multilingual/multilingual.py,Multilingual.a_enhance,,1.0.1,1.0.5,2,VANISHED,,,,,,,,
deepteam:0.0.5:attacks/single_turn/prompt_probing/prompt_probing.py:PromptProbing.a_enhance:2923295eb79b3509,deepteam,confident-ai/deepteam,held-out,attacks/single_turn/prompt_probing/prompt_probing.py,PromptProbing.a_enhance,,0.0.5,0.2.3,5,VANISHED,,,,,,,,
deepteam:0.2.7:attacks/single_turn/prompt_probing/prompt_probing.py:PromptProbing.a_enhance:312066f47da89130,deepteam,confident-ai/deepteam,held-out,attacks/single_turn/prompt_probing/prompt_probing.py,PromptProbing.a_enhance,,0.2.7,0.2.7,1,VANISHED,,,,,,,,
deepteam:1.0.1:attacks/single_turn/prompt_probing/prompt_probing.py:PromptProbing.a_enhance:d7346703c0941936,deepteam,confident-ai/deepteam,held-out,attacks/single_turn/prompt_probing/prompt_probing.py,PromptProbing.a_enhance,,1.0.1,1.0.5,2,VANISHED,,,,,,,,
deepteam:0.1.7:attacks/single_turn/roleplay/roleplay.py:Roleplay.a_enhance:331aa5850a0fde99,deepteam,confident-ai/deepteam,held-out,attacks/single_turn/roleplay/roleplay.py,Roleplay.a_enhance,,0.1.7,0.2.3,2,VANISHED,,,,,,,,
deepteam:0.2.7:attacks/single_turn/roleplay/roleplay.py:Roleplay.a_enhance:e14432fd50e453d4,deepteam,confident-ai/deepteam,held-out,attacks/single_turn/roleplay/roleplay.py,Roleplay.a_enhance,,0.2.7,0.2.7,1,VANISHED,,,,,,,,
deepteam:1.0.1:attacks/single_turn/roleplay/roleplay.py:Roleplay.a_enhance:84ae263178994959,deepteam,confident-ai/deepteam,held-out,attacks/single_turn/roleplay/roleplay.py,Roleplay.a_enhance,,1.0.1,1.0.5,2,VANISHED,,,,,,,,
deepteam:0.1.7:attacks/single_turn/system_override/system_override.py:SystemOverride.enhance:c48bcc9cc2bcea91,deepteam,confident-ai/deepteam,held-out,attacks/single_turn/system_override/system_override.py,SystemOverride.enhance,,0.1.7,1.0.1,4,VANISHED,,,,,,,,
deepteam:1.0.5:frameworks/aegis/aegis.py:Aegis.a_assess.evaluate_test_case:d96ebc1b9ce86ac7,deepteam,confident-ai/deepteam,held-out,frameworks/aegis/aegis.py,Aegis.a_assess.evaluate_test_case,,1.0.5,1.0.5,1,VANISHED,,,,,,,,
deepteam:1.0.5:frameworks/aegis/aegis.py:Aegis.assess:c66c6d748c2dd60d,deepteam,confident-ai/deepteam,held-out,frameworks/aegis/aegis.py,Aegis.assess,,1.0.5,1.0.5,1,VANISHED,,,,,,,,
deepteam:1.0.5:frameworks/beavertails/beavertails.py:BeaverTails.a_assess.evaluate_test_case:d96ebc1b9ce86ac7,deepteam,confident-ai/deepteam,held-out,frameworks/beavertails/beavertails.py,BeaverTails.a_assess.evaluate_test_case,,1.0.5,1.0.5,1,VANISHED,,,,,,,,
deepteam:1.0.5:frameworks/beavertails/beavertails.py:BeaverTails.assess:c66c6d748c2dd60d,deepteam,confident-ai/deepteam,held-out,frameworks/beavertails/beavertails.py,BeaverTails.assess,,1.0.5,1.0.5,1,VANISHED,,,,,,,,
deepteam:0.1.7:metrics/agentic/amnesia_assessment/amnesia_assessment.py:AmnesiaAssessmentMetric._a_evaluate:1f94b31c8171dab5,deepteam,confident-ai/deepteam,held-out,metrics/agentic/amnesia_assessment/amnesia_assessment.py,AmnesiaAssessmentMetric._a_evaluate,,0.1.7,0.2.3,2,VANISHED,,,,,,,,
deepteam:0.1.7:metrics/agentic/amnesia_assessment/amnesia_assessment.py:AmnesiaAssessmentMetric.a_generate_purpose:67fccf5e39a05cf3,deepteam,confident-ai/deepteam,held-out,metrics/agentic/amnesia_assessment/amnesia_assessment.py,AmnesiaAssessmentMetric.a_generate_purpose,,0.1.7,0.2.3,2,VANISHED,,,,,,,,
deepteam:0.1.7:metrics/agentic/amnesia_assessment/amnesia_assessment.py:AmnesiaAssessmentMetric.evaluate:cadf9a1d4e42235f,deepteam,confident-ai/deepteam,held-out,metrics/agentic/amnesia_assessment/amnesia_assessment.py,AmnesiaAssessmentMetric.evaluate,,0.1.7,0.2.3,2,VANISHED,,,,,,,,
deepteam:0.1.7:metrics/agentic/amnesia_assessment/amnesia_assessment.py:AmnesiaAssessmentMetric.generate_purpose:bfc3adaf80ad48c8,deepteam,confident-ai/deepteam,held-out,metrics/agentic/amnesia_assessment/amnesia_assessment.py,AmnesiaAssessmentMetric.generate_purpose,,0.1.7,0.2.3,2,VANISHED,,,,,,,,
deepteam:0.1.7:metrics/agentic/boundary_violation/boundary_violation.py:BoundaryViolationMetric._a_evaluate:1f94b31c8171dab5,deepteam,confident-ai/deepteam,held-out,metrics/agentic/boundary_violation/boundary_violation.py,BoundaryViolationMetric._a_evaluate,,0.1.7,0.2.3,2,VANISHED,,,,,,,,
deepteam:0.1.7:metrics/agentic/boundary_violation/boundary_violation.py:BoundaryViolationMetric.a_generate_purpose:67fccf5e39a05cf3,deepteam,confident-ai/deepteam,held-out,metrics/agentic/boundary_violation/boundary_violation.py,BoundaryViolationMetric.a_generate_purpose,,0.1.7,0.2.3,2,VANISHED,,,,,,,,
deepteam:0.1.7:metrics/agentic/boundary_violation/boundary_violation.py:BoundaryViolationMetric.evaluate:cadf9a1d4e42235f,deepteam,confident-ai/deepteam,held-out,metrics/agentic/boundary_violation/boundary_violation.py,BoundaryViolationMetric.evaluate,,0.1.7,0.2.3,2,VANISHED,,,,,,,,
deepteam:0.1.7:metrics/agentic/boundary_violation/boundary_violation.py:BoundaryViolationMetric.generate_purpose:bfc3adaf80ad48c8,deepteam,confident-ai/deepteam,held-out,metrics/agentic/boundary_violation/boundary_violation.py,BoundaryViolationMetric.generate_purpose,,0.1.7,0.2.3,2,VANISHED,,,,,,,,
deepteam:0.1.7:metrics/agentic/domain_validation/domain_validation.py:DomainValidationMetric._a_evaluate:1f94b31c8171dab5,deepteam,confident-ai/deepteam,held-out,metrics/agentic/domain_validation/domain_validation.py,DomainValidationMetric._a_evaluate,,0.1.7,0.2.3,2,VANISHED,,,,,,,,
deepteam:0.1.7:metrics/agentic/domain_validation/domain_validation.py:DomainValidationMetric.a_generate_purpose:67fccf5e39a05cf3,deepteam,confident-ai/deepteam,held-out,metrics/agentic/domain_validation/domain_validation.py,DomainValidationMetric.a_generate_purpose,,0.1.7,0.2.3,2,VANISHED,,,,,,,,
deepteam:0.1.7:metrics/agentic/domain_validation/domain_validation.py:DomainValidationMetric.evaluate:cadf9a1d4e42235f,deepteam,confident-ai/deepteam,held-out,metrics/agentic/domain_validation/domain_validation.py,DomainValidationMetric.evaluate,,0.1.7,0.2.3,2,VANISHED,,,,,,,,
deepteam:0.1.7:metrics/agentic/domain_validation/domain_validation.py:DomainValidationMetric.generate_purpose:bfc3adaf80ad48c8,deepteam,confident-ai/deepteam,held-out,metrics/agentic/domain_validation/domain_validation.py,DomainValidationMetric.generate_purpose,,0.1.7,0.2.3,2,VANISHED,,,,,,,,
deepteam:0.1.7:metrics/agentic/escalation_success/escalation_success.py:EscalationSuccessMetric._a_evaluate:1f94b31c8171dab5,deepteam,confident-ai/deepteam,held-out,metrics/agentic/escalation_success/escalation_success.py,EscalationSuccessMetric._a_evaluate,,0.1.7,0.2.3,2,VANISHED,,,,,,,,
deepteam:0.1.7:metrics/agentic/escalation_success/escalation_success.py:EscalationSuccessMetric.a_generate_purpose:67fccf5e39a05cf3,deepteam,confident-ai/deepteam,held-out,metrics/agentic/escalation_success/escalation_success.py,EscalationSuccessMetric.a_generate_purpose,,0.1.7,0.2.3,2,VANISHED,,,,,,,,
deepteam:0.1.7:metrics/agentic/escalation_success/escalation_success.py:EscalationSuccessMetric.evaluate:cadf9a1d4e42235f,deepteam,confident-ai/deepteam,held-out,metrics/agentic/escalation_success/escalation_success.py,EscalationSuccessMetric.evaluate,,0.1.7,0.2.3,2,VANISHED,,,,,,,,
deepteam:0.1.7:metrics/agentic/escalation_success/escalation_success.py:EscalationSuccessMetric.generate_purpose:bfc3adaf80ad48c8,deepteam,confident-ai/deepteam,held-out,metrics/agentic/escalation_success/escalation_success.py,EscalationSuccessMetric.generate_purpose,,0.1.7,0.2.3,2,VANISHED,,,,,,,,
deepteam:0.1.7:metrics/agentic/extraction_success/extraction_success.py:ExtractionSuccessMetric._a_evaluate:1f94b31c8171dab5,deepteam,confident-ai/deepteam,held-out,metrics/agentic/extraction_success/extraction_success.py,ExtractionSuccessMetric._a_evaluate,,0.1.7,0.2.3,2,VANISHED,,,,,,,,
deepteam:0.1.7:metrics/agentic/extraction_success/extraction_success.py:ExtractionSuccessMetric.a_generate_purpose:67fccf5e39a05cf3,deepteam,confident-ai/deepteam,held-out,metrics/agentic/extraction_success/extraction_success.py,ExtractionSuccessMetric.a_generate_purpose,,0.1.7,0.2.3,2,VANISHED,,,,,,,,
deepteam:0.1.7:metrics/agentic/extraction_success/extraction_success.py:ExtractionSuccessMetric.evaluate:cadf9a1d4e42235f,deepteam,confident-ai/deepteam,held-out,metrics/agentic/extraction_success/extraction_success.py,ExtractionSuccessMetric.evaluate,,0.1.7,0.2.3,2,VANISHED,,,,,,,,
deepteam:0.1.7:metrics/agentic/extraction_success/extraction_success.py:ExtractionSuccessMetric.generate_purpose:bfc3adaf80ad48c8,deepteam,confident-ai/deepteam,held-out,metrics/agentic/extraction_success/extraction_success.py,ExtractionSuccessMetric.generate_purpose,,0.1.7,0.2.3,2,VANISHED,,,,,,,,
deepteam:0.1.7:metrics/agentic/goal_drift/goal_drift.py:GoalDriftMetric._a_evaluate:1f94b31c8171dab5,deepteam,confident-ai/deepteam,held-out,metrics/agentic/goal_drift/goal_drift.py,GoalDriftMetric._a_evaluate,,0.1.7,0.2.3,2,VANISHED,,,,,,,,
deepteam:0.1.7:metrics/agentic/goal_drift/goal_drift.py:GoalDriftMetric.a_generate_purpose:67fccf5e39a05cf3,deepteam,confident-ai/deepteam,held-out,metrics/agentic/goal_drift/goal_drift.py,GoalDriftMetric.a_generate_purpose,,0.1.7,0.2.3,2,VANISHED,,,,,,,,
deepteam:0.1.7:metrics/agentic/goal_drift/goal_drift.py:GoalDriftMetric.evaluate:cadf9a1d4e42235f,deepteam,confident-ai/deepteam,held-out,metrics/agentic/goal_drift/goal_drift.py,GoalDriftMetric.evaluate,,0.1.7,0.2.3,2,VANISHED,,,,,,,,
deepteam:0.1.7:metrics/agentic/goal_drift/goal_drift.py:GoalDriftMetric.generate_purpose:bfc3adaf80ad48c8,deepteam,confident-ai/deepteam,held-out,metrics/agentic/goal_drift/goal_drift.py,GoalDriftMetric.generate_purpose,,0.1.7,0.2.3,2,VANISHED,,,,,,,,
deepteam:0.1.7:metrics/agentic/hallucination_detection/hallucination_detection.py:HallucinationDetectionMetric._a_evaluate:1f94b31c8171dab5,deepteam,confident-ai/deepteam,held-out,metrics/agentic/hallucination_detection/hallucination_detection.py,HallucinationDetectionMetric._a_evaluate,,0.1.7,0.2.3,2,VANISHED,,,,,,,,
deepteam:0.1.7:metrics/agentic/hallucination_detection/hallucination_detection.py:HallucinationDetectionMetric.a_generate_purpose:67fccf5e39a05cf3,deepteam,confident-ai/deepteam,held-out,metrics/agentic/hallucination_detection/hallucination_detection.py,HallucinationDetectionMetric.a_generate_purpose,,0.1.7,0.2.3,2,VANISHED,,,,,,,,
deepteam:0.1.7:metrics/agentic/hallucination_detection/hallucination_detection.py:HallucinationDetectionMetric.evaluate:cadf9a1d4e42235f,deepteam,confident-ai/deepteam,held-out,metrics/agentic/hallucination_detection/hallucination_detection.py,HallucinationDetectionMetric.evaluate,,0.1.7,0.2.3,2,VANISHED,,,,,,,,
deepteam:0.1.7:metrics/agentic/hallucination_detection/hallucination_detection.py:HallucinationDetectionMetric.generate_purpose:bfc3adaf80ad48c8,deepteam,confident-ai/deepteam,held-out,metrics/agentic/hallucination_detection/hallucination_detection.py,HallucinationDetectionMetric.generate_purpose,,0.1.7,0.2.3,2,VANISHED,,,,,,,,
deepteam:0.1.7:metrics/agentic/hierarchy_consistency/hierarchy_consistency.py:HierarchyConsistencyMetric._a_evaluate:1f94b31c8171dab5,deepteam,confident-ai/deepteam,held-out,metrics/agentic/hierarchy_consistency/hierarchy_consistency.py,HierarchyConsistencyMetric._a_evaluate,,0.1.7,0.2.3,2,VANISHED,,,,,,,,
deepteam:0.1.7:metrics/agentic/hierarchy_consistency/hierarchy_consistency.py:HierarchyConsistencyMetric.a_generate_purpose:67fccf5e39a05cf3,deepteam,confident-ai/deepteam,held-out,metrics/agentic/hierarchy_consistency/hierarchy_consistency.py,HierarchyConsistencyMetric.a_generate_purpose,,0.1.7,0.2.3,2,VANISHED,,,,,,,,
deepteam:0.1.7:metrics/agentic/hierarchy_consistency/hierarchy_consistency.py:HierarchyConsistencyMetric.evaluate:cadf9a1d4e42235f,deepteam,confident-ai/deepteam,held-out,metrics/agentic/hierarchy_consistency/hierarchy_consistency.py,HierarchyConsistencyMetric.evaluate,,0.1.7,0.2.3,2,VANISHED,,,,,,,,
deepteam:0.1.7:metrics/agentic/hierarchy_consistency/hierarchy_consistency.py:HierarchyConsistencyMetric.generate_purpose:bfc3adaf80ad48c8,deepteam,confident-ai/deepteam,held-out,metrics/agentic/hierarchy_consistency/hierarchy_consistency.py,HierarchyConsistencyMetric.generate_purpose,,0.1.7,0.2.3,2,VANISHED,,,,,,,,
deepteam:0.1.7:metrics/agentic/leakage_rate/leakage_rate.py:LeakageRateMetric._a_evaluate:1f94b31c8171dab5,deepteam,confident-ai/deepteam,held-out,metrics/agentic/leakage_rate/leakage_rate.py,LeakageRateMetric._a_evaluate,,0.1.7,0.2.3,2,VANISHED,,,,,,,,
deepteam:0.1.7:metrics/agentic/leakage_rate/leakage_rate.py:LeakageRateMetric.a_generate_purpose:67fccf5e39a05cf3,deepteam,confident-ai/deepteam,held-out,metrics/agentic/leakage_rate/leakage_rate.py,LeakageRateMetric.a_generate_purpose,,0.1.7,0.2.3,2,VANISHED,,,,,,,,
deepteam:0.1.7:metrics/agentic/leakage_rate/leakage_rate.py:LeakageRateMetric.evaluate:cadf9a1d4e42235f,deepteam,confident-ai/deepteam,held-out,metrics/agentic/leakage_rate/leakage_rate.py,LeakageRateMetric.evaluate,,0.1.7,0.2.3,2,VANISHED,,,,,,,,
deepteam:0.1.7:metrics/agentic/leakage_rate/leakage_rate.py:LeakageRateMetric.generate_purpose:bfc3adaf80ad48c8,deepteam,confident-ai/deepteam,held-out,metrics/agentic/leakage_rate/leakage_rate.py,LeakageRateMetric.generate_purpose,,0.1.7,0.2.3,2,VANISHED,,,,,,,,
deepteam:0.1.7:metrics/agentic/manipulation_assessment/manipulation_assessment.py:ManipulationAssessmentMetric._a_evaluate:1f94b31c8171dab5,deepteam,confident-ai/deepteam,held-out,metrics/agentic/manipulation_assessment/manipulation_assessment.py,ManipulationAssessmentMetric._a_evaluate,,0.1.7,0.2.3,2,VANISHED,,,,,,,,
deepteam:0.1.7:metrics/agentic/manipulation_assessment/manipulation_assessment.py:ManipulationAssessmentMetric.a_generate_purpose:67fccf5e39a05cf3,deepteam,confident-ai/deepteam,held-out,metrics/agentic/manipulation_assessment/manipulation_assessment.py,ManipulationAssessmentMetric.a_generate_purpose,,0.1.7,0.2.3,2,VANISHED,,,,,,,,
deepteam:0.1.7:metrics/agentic/manipulation_assessment/manipulation_assessment.py:ManipulationAssessmentMetric.evaluate:cadf9a1d4e42235f,deepteam,confident-ai/deepteam,held-out,metrics/agentic/manipulation_assessment/manipulation_assessment.py,ManipulationAssessmentMetric.evaluate,,0.1.7,0.2.3,2,VANISHED,,,,,,,,
deepteam:0.1.7:metrics/agentic/manipulation_assessment/manipulation_assessment.py:ManipulationAssessmentMetric.generate_purpose:bfc3adaf80ad48c8,deepteam,confident-ai/deepteam,held-out,metrics/agentic/manipulation_assessment/manipulation_assessment.py,ManipulationAssessmentMetric.generate_purpose,,0.1.7,0.2.3,2,VANISHED,,,,,,,,
deepteam:0.1.7:metrics/agentic/misinterpretation/misinterpretation.py:MisinterpretationMetric._a_evaluate:1f94b31c8171dab5,deepteam,confident-ai/deepteam,held-out,metrics/agentic/misinterpretation/misinterpretation.py,MisinterpretationMetric._a_evaluate,,0.1.7,0.2.3,2,VANISHED,,,,,,,,
deepteam:0.1.7:metrics/agentic/misinterpretation/misinterpretation.py:MisinterpretationMetric.a_generate_purpose:67fccf5e39a05cf3,deepteam,confident-ai/deepteam,held-out,metrics/agentic/misinterpretation/misinterpretation.py,MisinterpretationMetric.a_generate_purpose,,0.1.7,0.2.3,2,VANISHED,,,,,,,,
deepteam:0.1.7:metrics/agentic/misinterpretation/misinterpretation.py:MisinterpretationMetric.evaluate:cadf9a1d4e42235f,deepteam,confident-ai/deepteam,held-out,metrics/agentic/misinterpretation/misinterpretation.py,MisinterpretationMetric.evaluate,,0.1.7,0.2.3,2,VANISHED,,,,,,,,
deepteam:0.1.7:metrics/agentic/misinterpretation/misinterpretation.py:MisinterpretationMetric.generate_purpose:bfc3adaf80ad48c8,deepteam,confident-ai/deepteam,held-out,metrics/agentic/misinterpretation/misinterpretation.py,MisinterpretationMetric.generate_purpose,,0.1.7,0.2.3,2,VANISHED,,,,,,,,
deepteam:0.1.7:metrics/agentic/poisoning_assessment/poisoning_assessment.py:PoisoningAssessmentMetric._a_evaluate:1f94b31c8171dab5,deepteam,confident-ai/deepteam,held-out,metrics/agentic/poisoning_assessment/poisoning_assessment.py,PoisoningAssessmentMetric._a_evaluate,,0.1.7,0.2.3,2,VANISHED,,,,,,,,
deepteam:0.1.7:metrics/agentic/poisoning_assessment/poisoning_assessment.py:PoisoningAssessmentMetric.a_generate_purpose:67fccf5e39a05cf3,deepteam,confident-ai/deepteam,held-out,metrics/agentic/poisoning_assessment/poisoning_assessment.py,PoisoningAssessmentMetric.a_generate_purpose,,0.1.7,0.2.3,2,VANISHED,,,,,,,,
deepteam:0.1.7:metrics/agentic/poisoning_assessment/poisoning_assessment.py:PoisoningAssessmentMetric.evaluate:cadf9a1d4e42235f,deepteam,confident-ai/deepteam,held-out,metrics/agentic/poisoning_assessment/poisoning_assessment.py,PoisoningAssessmentMetric.evaluate,,0.1.7,0.2.3,2,VANISHED,,,,,,,,
deepteam:0.1.7:metrics/agentic/poisoning_assessment/poisoning_assessment.py:PoisoningAssessmentMetric.generate_purpose:bfc3adaf80ad48c8,deepteam,confident-ai/deepteam,held-out,metrics/agentic/poisoning_assessment/poisoning_assessment.py,PoisoningAssessmentMetric.generate_purpose,,0.1.7,0.2.3,2,VANISHED,,,,,,,,
deepteam:0.1.7:metrics/agentic/subversion_success/subversion_success.py:SubversionSuccessMetric._a_evaluate:1f94b31c8171dab5,deepteam,confident-ai/deepteam,held-out,metrics/agentic/subversion_success/subversion_success.py,SubversionSuccessMetric._a_evaluate,,0.1.7,0.2.3,2,VANISHED,,,,,,,,
deepteam:0.1.7:metrics/agentic/subversion_success/subversion_success.py:SubversionSuccessMetric.a_generate_purpose:67fccf5e39a05cf3,deepteam,confident-ai/deepteam,held-out,metrics/agentic/subversion_success/subversion_success.py,SubversionSuccessMetric.a_generate_purpose,,0.1.7,0.2.3,2,VANISHED,,,,,,,,
deepteam:0.1.7:metrics/agentic/subversion_success/subversion_success.py:SubversionSuccessMetric.evaluate:cadf9a1d4e42235f,deepteam,confident-ai/deepteam,held-out,metrics/agentic/subversion_success/subversion_success.py,SubversionSuccessMetric.evaluate,,0.1.7,0.2.3,2,VANISHED,,,,,,,,
deepteam:0.1.7:metrics/agentic/subversion_success/subversion_success.py:SubversionSuccessMetric.generate_purpose:bfc3adaf80ad48c8,deepteam,confident-ai/deepteam,held-out,metrics/agentic/subversion_success/subversion_success.py,SubversionSuccessMetric.generate_purpose,,0.1.7,0.2.3,2,VANISHED,,,,,,,,
deepteam:0.1.7:metrics/agentic/temporal_assessment/temporal_assessment.py:TemporalAssessmentMetric._a_evaluate:1f94b31c8171dab5,deepteam,confident-ai/deepteam,held-out,metrics/agentic/temporal_assessment/temporal_assessment.py,TemporalAssessmentMetric._a_evaluate,,0.1.7,0.2.3,2,VANISHED,,,,,,,,
deepteam:0.1.7:metrics/agentic/temporal_assessment/temporal_assessment.py:TemporalAssessmentMetric.a_generate_purpose:67fccf5e39a05cf3,deepteam,confident-ai/deepteam,held-out,metrics/agentic/temporal_assessment/temporal_assessment.py,TemporalAssessmentMetric.a_generate_purpose,,0.1.7,0.2.3,2,VANISHED,,,,,,,,
deepteam:0.1.7:metrics/agentic/temporal_assessment/temporal_assessment.py:TemporalAssessmentMetric.evaluate:cadf9a1d4e42235f,deepteam,confident-ai/deepteam,held-out,metrics/agentic/temporal_assessment/temporal_assessment.py,TemporalAssessmentMetric.evaluate,,0.1.7,0.2.3,2,VANISHED,,,,,,,,
deepteam:0.1.7:metrics/agentic/temporal_assessment/temporal_assessment.py:TemporalAssessmentMetric.generate_purpose:bfc3adaf80ad48c8,deepteam,confident-ai/deepteam,held-out,metrics/agentic/temporal_assessment/temporal_assessment.py,TemporalAssessmentMetric.generate_purpose,,0.1.7,0.2.3,2,VANISHED,,,,,,,,
deepteam:0.1.7:metrics/agentic/unauthorized_execution/unauthorized_execution.py:UnauthorizedExecutionMetric._a_evaluate:1f94b31c8171dab5,deepteam,confident-ai/deepteam,held-out,metrics/agentic/unauthorized_execution/unauthorized_execution.py,UnauthorizedExecutionMetric._a_evaluate,,0.1.7,0.2.3,2,VANISHED,,,,,,,,
deepteam:0.1.7:metrics/agentic/unauthorized_execution/unauthorized_execution.py:UnauthorizedExecutionMetric.a_generate_purpose:67fccf5e39a05cf3,deepteam,confident-ai/deepteam,held-out,metrics/agentic/unauthorized_execution/unauthorized_execution.py,UnauthorizedExecutionMetric.a_generate_purpose,,0.1.7,0.2.3,2,VANISHED,,,,,,,,
deepteam:0.1.7:metrics/agentic/unauthorized_execution/unauthorized_execution.py:UnauthorizedExecutionMetric.evaluate:cadf9a1d4e42235f,deepteam,confident-ai/deepteam,held-out,metrics/agentic/unauthorized_execution/unauthorized_execution.py,UnauthorizedExecutionMetric.evaluate,,0.1.7,0.2.3,2,VANISHED,,,,,,,,
deepteam:0.1.7:metrics/agentic/unauthorized_execution/unauthorized_execution.py:UnauthorizedExecutionMetric.generate_purpose:bfc3adaf80ad48c8,deepteam,confident-ai/deepteam,held-out,metrics/agentic/unauthorized_execution/unauthorized_execution.py,UnauthorizedExecutionMetric.generate_purpose,,0.1.7,0.2.3,2,VANISHED,,,,,,,,
deepteam:0.1.7:metrics/agentic/verification_assessment/verification_assessment.py:VerificationAssessmentMetric._a_evaluate:1f94b31c8171dab5,deepteam,confident-ai/deepteam,held-out,metrics/agentic/verification_assessment/verification_assessment.py,VerificationAssessmentMetric._a_evaluate,,0.1.7,0.2.3,2,VANISHED,,,,,,,,
deepteam:0.1.7:metrics/agentic/verification_assessment/verification_assessment.py:VerificationAssessmentMetric.a_generate_purpose:67fccf5e39a05cf3,deepteam,confident-ai/deepteam,held-out,metrics/agentic/verification_assessment/verification_assessment.py,VerificationAssessmentMetric.a_generate_purpose,,0.1.7,0.2.3,2,VANISHED,,,,,,,,
deepteam:0.1.7:metrics/agentic/verification_assessment/verification_assessment.py:VerificationAssessmentMetric.evaluate:cadf9a1d4e42235f,deepteam,confident-ai/deepteam,held-out,metrics/agentic/verification_assessment/verification_assessment.py,VerificationAssessmentMetric.evaluate,,0.1.7,0.2.3,2,VANISHED,,,,,,,,
deepteam:0.1.7:metrics/agentic/verification_assessment/verification_assessment.py:VerificationAssessmentMetric.generate_purpose:bfc3adaf80ad48c8,deepteam,confident-ai/deepteam,held-out,metrics/agentic/verification_assessment/verification_assessment.py,VerificationAssessmentMetric.generate_purpose,,0.1.7,0.2.3,2,VANISHED,,,,,,,,
deepteam:0.0.1:metrics/bfla/bfla.py:BFLAGrader._a_evaluate:1f94b31c8171dab5,deepteam,confident-ai/deepteam,held-out,metrics/bfla/bfla.py,BFLAGrader._a_evaluate,,0.0.1,0.2.3,6,VANISHED,,,,,,,,
deepteam:0.0.1:metrics/bfla/bfla.py:BFLAGrader.a_generate_purpose:67fccf5e39a05cf3,deepteam,confident-ai/deepteam,held-out,metrics/bfla/bfla.py,BFLAGrader.a_generate_purpose,,0.0.1,0.2.3,6,VANISHED,,,,,,,,
deepteam:0.0.1:metrics/bfla/bfla.py:BFLAGrader.evaluate:cadf9a1d4e42235f,deepteam,confident-ai/deepteam,held-out,metrics/bfla/bfla.py,BFLAGrader.evaluate,,0.0.1,0.2.3,6,VANISHED,,,,,,,,
deepteam:0.0.1:metrics/bfla/bfla.py:BFLAGrader.generate_purpose:bfc3adaf80ad48c8,deepteam,confident-ai/deepteam,held-out,metrics/bfla/bfla.py,BFLAGrader.generate_purpose,,0.0.1,0.2.3,6,VANISHED,,,,,,,,
deepteam:0.0.1:metrics/bias/bias.py:BiasGrader._a_evaluate:1f94b31c8171dab5,deepteam,confident-ai/deepteam,held-out,metrics/bias/bias.py,BiasGrader._a_evaluate,,0.0.1,0.2.3,6,VANISHED,,,,,,,,
deepteam:0.0.1:metrics/bias/bias.py:BiasGrader.a_generate_purpose:67fccf5e39a05cf3,deepteam,confident-ai/deepteam,held-out,metrics/bias/bias.py,BiasGrader.a_generate_purpose,,0.0.1,0.2.3,6,VANISHED,,,,,,,,
deepteam:0.0.1:metrics/bias/bias.py:BiasGrader.evaluate:cadf9a1d4e42235f,deepteam,confident-ai/deepteam,held-out,metrics/bias/bias.py,BiasGrader.evaluate,,0.0.1,0.2.3,6,VANISHED,,,,,,,,
deepteam:0.0.1:metrics/bias/bias.py:BiasGrader.generate_purpose:bfc3adaf80ad48c8,deepteam,confident-ai/deepteam,held-out,metrics/bias/bias.py,BiasGrader.generate_purpose,,0.0.1,0.2.3,6,VANISHED,,,,,,,,
deepteam:0.0.1:metrics/bola/bola.py:BOLAGrader._a_evaluate:1f94b31c8171dab5,deepteam,confident-ai/deepteam,held-out,metrics/bola/bola.py,BOLAGrader._a_evaluate,,0.0.1,0.2.3,6,VANISHED,,,,,,,,
deepteam:0.0.1:metrics/bola/bola.py:BOLAGrader.a_generate_entities:3e4afe3e2bc40168,deepteam,confident-ai/deepteam,held-out,metrics/bola/bola.py,BOLAGrader.a_generate_entities,,0.0.1,0.2.3,6,VANISHED,,,,,,,,
deepteam:0.0.1:metrics/bola/bola.py:BOLAGrader.evaluate:cadf9a1d4e42235f,deepteam,confident-ai/deepteam,held-out,metrics/bola/bola.py,BOLAGrader.evaluate,,0.0.1,0.2.3,6,VANISHED,,,,,,,,
deepteam:0.0.1:metrics/bola/bola.py:BOLAGrader.generate_entities:d4bdb39abe547c99,deepteam,confident-ai/deepteam,held-out,metrics/bola/bola.py,BOLAGrader.generate_entities,,0.0.1,0.2.3,6,VANISHED,,,,,,,,
deepteam:0.0.1:metrics/competitors/competitors.py:CompetitorsGrader._a_evaluate:1f94b31c8171dab5,deepteam,confident-ai/deepteam,held-out,metrics/competitors/competitors.py,CompetitorsGrader._a_evaluate,,0.0.1,0.2.3,6,VANISHED,,,,,,,,
deepteam:0.0.1:metrics/competitors/competitors.py:CompetitorsGrader.a_generate_purpose:67fccf5e39a05cf3,deepteam,confident-ai/deepteam,held-out,metrics/competitors/competitors.py,CompetitorsGrader.a_generate_purpose,,0.0.1,0.2.3,6,VANISHED,,,,,,,,
deepteam:0.0.1:metrics/competitors/competitors.py:CompetitorsGrader.evaluate:cadf9a1d4e42235f,deepteam,confident-ai/deepteam,held-out,metrics/competitors/competitors.py,CompetitorsGrader.evaluate,,0.0.1,0.2.3,6,VANISHED,,,,,,,,
deepteam:0.0.1:metrics/competitors/competitors.py:CompetitorsGrader.generate_purpose:bfc3adaf80ad48c8,deepteam,confident-ai/deepteam,held-out,metrics/competitors/competitors.py,CompetitorsGrader.generate_purpose,,0.0.1,0.2.3,6,VANISHED,,,,,,,,
deepteam:0.0.1:metrics/contracts/contracts.py:ContractsGrader._a_evaluate:1f94b31c8171dab5,deepteam,confident-ai/deepteam,held-out,metrics/contracts/contracts.py,ContractsGrader._a_evaluate,,0.0.1,0.2.3,6,VANISHED,,,,,,,,
deepteam:0.0.1:metrics/contracts/contracts.py:ContractsGrader.evaluate:cadf9a1d4e42235f,deepteam,confident-ai/deepteam,held-out,metrics/contracts/contracts.py,ContractsGrader.evaluate,,0.0.1,0.2.3,6,VANISHED,,,,,,,,
deepteam:0.0.1:metrics/debug_access/debug_access.py:DebugAccessGrader._a_evaluate:1f94b31c8171dab5,deepteam,confident-ai/deepteam,held-out,metrics/debug_access/debug_access.py,DebugAccessGrader._a_evaluate,,0.0.1,0.2.3,6,VANISHED,,,,,,,,
deepteam:0.0.1:metrics/debug_access/debug_access.py:DebugAccessGrader.evaluate:cadf9a1d4e42235f,deepteam,confident-ai/deepteam,held-out,metrics/debug_access/debug_access.py,DebugAccessGrader.evaluate,,0.0.1,0.2.3,6,VANISHED,,,,,,,,
deepteam:0.0.1:metrics/excessive_agency/excessive_agency.py:ExcessiveAgencyGrader._a_evaluate:1f94b31c8171dab5,deepteam,confident-ai/deepteam,held-out,metrics/excessive_agency/excessive_agency.py,ExcessiveAgencyGrader._a_evaluate,,0.0.1,0.2.3,6,VANISHED,,,,,,,,
deepteam:0.0.1:metrics/excessive_agency/excessive_agency.py:ExcessiveAgencyGrader.evaluate:cadf9a1d4e42235f,deepteam,confident-ai/deepteam,held-out,metrics/excessive_agency/excessive_agency.py,ExcessiveAgencyGrader.evaluate,,0.0.1,0.2.3,6,VANISHED,,,,,,,,
deepteam:0.1.7:metrics/graphic_content/graphic_content.py:GraphicMetric._a_evaluate:1f94b31c8171dab5,deepteam,confident-ai/deepteam,held-out,metrics/graphic_content/graphic_content.py,GraphicMetric._a_evaluate,,0.1.7,0.2.3,2,VANISHED,,,,,,,,
deepteam:0.1.7:metrics/graphic_content/graphic_content.py:GraphicMetric.evaluate:cadf9a1d4e42235f,deepteam,confident-ai/deepteam,held-out,metrics/graphic_content/graphic_content.py,GraphicMetric.evaluate,,0.1.7,0.2.3,2,VANISHED,,,,,,,,
deepteam:0.0.1:metrics/hallucination/hallucination.py:HallucinationGrader._a_evaluate:1f94b31c8171dab5,deepteam,confident-ai/deepteam,held-out,metrics/hallucination/hallucination.py,HallucinationGrader._a_evaluate,,0.0.1,0.2.3,6,VANISHED,,,,,,,,
deepteam:0.0.1:metrics/hallucination/hallucination.py:HallucinationGrader.a_generate_purpose:67fccf5e39a05cf3,deepteam,confident-ai/deepteam,held-out,metrics/hallucination/hallucination.py,HallucinationGrader.a_generate_purpose,,0.0.1,0.2.3,6,VANISHED,,,,,,,,
deepteam:0.0.1:metrics/hallucination/hallucination.py:HallucinationGrader.evaluate:cadf9a1d4e42235f,deepteam,confident-ai/deepteam,held-out,metrics/hallucination/hallucination.py,HallucinationGrader.evaluate,,0.0.1,0.2.3,6,VANISHED,,,,,,,,
deepteam:0.0.1:metrics/hallucination/hallucination.py:HallucinationGrader.generate_purpose:bfc3adaf80ad48c8,deepteam,confident-ai/deepteam,held-out,metrics/hallucination/hallucination.py,HallucinationGrader.generate_purpose,,0.0.1,0.2.3,6,VANISHED,,,,,,,,
deepteam:0.0.1:metrics/harm/harm.py:HarmGrader._a_evaluate:1f94b31c8171dab5,deepteam,confident-ai/deepteam,held-out,metrics/harm/harm.py,HarmGrader._a_evaluate,,0.0.1,0.2.3,6,VANISHED,,,,,,,,
deepteam:0.0.1:metrics/harm/harm.py:HarmGrader.evaluate:cadf9a1d4e42235f,deepteam,confident-ai/deepteam,held-out,metrics/harm/harm.py,HarmGrader.evaluate,,0.0.1,0.2.3,6,VANISHED,,,,,,,,
deepteam:0.0.1:metrics/hijacking/hijacking.py:HijackingGrader._a_evaluate:1f94b31c8171dab5,deepteam,confident-ai/deepteam,held-out,metrics/hijacking/hijacking.py,HijackingGrader._a_evaluate,,0.0.1,0.2.3,6,VANISHED,,,,,,,,
deepteam:0.0.1:metrics/hijacking/hijacking.py:HijackingGrader.a_generate_purpose:67fccf5e39a05cf3,deepteam,confident-ai/deepteam,held-out,metrics/hijacking/hijacking.py,HijackingGrader.a_generate_purpose,,0.0.1,0.2.3,6,VANISHED,,,,,,,,
deepteam:0.0.1:metrics/hijacking/hijacking.py:HijackingGrader.evaluate:cadf9a1d4e42235f,deepteam,confident-ai/deepteam,held-out,metrics/hijacking/hijacking.py,HijackingGrader.evaluate,,0.0.1,0.2.3,6,VANISHED,,,,,,,,
deepteam:0.0.1:metrics/hijacking/hijacking.py:HijackingGrader.generate_purpose:bfc3adaf80ad48c8,deepteam,confident-ai/deepteam,held-out,metrics/hijacking/hijacking.py,HijackingGrader.generate_purpose,,0.0.1,0.2.3,6,VANISHED,,,,,,,,
deepteam:0.1.7:metrics/illegal_activity/illegal_activity.py:IllegalMetric._a_evaluate:1f94b31c8171dab5,deepteam,confident-ai/deepteam,held-out,metrics/illegal_activity/illegal_activity.py,IllegalMetric._a_evaluate,,0.1.7,0.2.3,2,VANISHED,,,,,,,,
deepteam:0.1.7:metrics/illegal_activity/illegal_activity.py:IllegalMetric.evaluate:cadf9a1d4e42235f,deepteam,confident-ai/deepteam,held-out,metrics/illegal_activity/illegal_activity.py,IllegalMetric.evaluate,,0.1.7,0.2.3,2,VANISHED,,,,,,,,
deepteam:0.0.1:metrics/imitation/imitation.py:ImitationGrader._a_evaluate:1f94b31c8171dab5,deepteam,confident-ai/deepteam,held-out,metrics/imitation/imitation.py,ImitationGrader._a_evaluate,,0.0.1,0.2.3,6,VANISHED,,,,,,,,
deepteam:0.0.1:metrics/imitation/imitation.py:ImitationGrader.a_generate_entities:3e4afe3e2bc40168,deepteam,confident-ai/deepteam,held-out,metrics/imitation/imitation.py,ImitationGrader.a_generate_entities,,0.0.1,0.2.3,6,VANISHED,,,,,,,,
deepteam:0.0.1:metrics/imitation/imitation.py:ImitationGrader.evaluate:cadf9a1d4e42235f,deepteam,confident-ai/deepteam,held-out,metrics/imitation/imitation.py,ImitationGrader.evaluate,,0.0.1,0.2.3,6,VANISHED,,,,,,,,
deepteam:0.0.1:metrics/imitation/imitation.py:ImitationGrader.generate_entities:d4bdb39abe547c99,deepteam,confident-ai/deepteam,held-out,metrics/imitation/imitation.py,ImitationGrader.generate_entities,,0.0.1,0.2.3,6,VANISHED,,,,,,,,
deepteam:0.0.1:metrics/intellectual_property/intellectual_property.py:IntellectualPropertyGrader._a_evaluate:1f94b31c8171dab5,deepteam,confident-ai/deepteam,held-out,metrics/intellectual_property/intellectual_property.py,IntellectualPropertyGrader._a_evaluate,,0.0.1,0.2.3,6,VANISHED,,,,,,,,
deepteam:0.0.1:metrics/intellectual_property/intellectual_property.py:IntellectualPropertyGrader.a_generate_purpose:67fccf5e39a05cf3,deepteam,confident-ai/deepteam,held-out,metrics/intellectual_property/intellectual_property.py,IntellectualPropertyGrader.a_generate_purpose,,0.0.1,0.2.3,6,VANISHED,,,,,,,,
deepteam:0.0.1:metrics/intellectual_property/intellectual_property.py:IntellectualPropertyGrader.evaluate:cadf9a1d4e42235f,deepteam,confident-ai/deepteam,held-out,metrics/intellectual_property/intellectual_property.py,IntellectualPropertyGrader.evaluate,,0.0.1,0.2.3,6,VANISHED,,,,,,,,
deepteam:0.0.1:metrics/intellectual_property/intellectual_property.py:IntellectualPropertyGrader.generate_purpose:bfc3adaf80ad48c8,deepteam,confident-ai/deepteam,held-out,metrics/intellectual_property/intellectual_property.py,IntellectualPropertyGrader.generate_purpose,,0.0.1,0.2.3,6,VANISHED,,,,,,,,
deepteam:0.1.7:metrics/misinformation/misinformation.py:MisinformationMetric._a_evaluate:1f94b31c8171dab5,deepteam,confident-ai/deepteam,held-out,metrics/misinformation/misinformation.py,MisinformationMetric._a_evaluate,,0.1.7,0.2.3,2,VANISHED,,,,,,,,
deepteam:0.1.7:metrics/misinformation/misinformation.py:MisinformationMetric.evaluate:cadf9a1d4e42235f,deepteam,confident-ai/deepteam,held-out,metrics/misinformation/misinformation.py,MisinformationMetric.evaluate,,0.1.7,0.2.3,2,VANISHED,,,,,,,,
deepteam:0.0.1:metrics/overreliance/overreliance.py:OverrelianceGrader._a_evaluate:1f94b31c8171dab5,deepteam,confident-ai/deepteam,held-out,metrics/overreliance/overreliance.py,OverrelianceGrader._a_evaluate,,0.0.1,0.2.3,6,VANISHED,,,,,,,,
deepteam:0.0.1:metrics/overreliance/overreliance.py:OverrelianceGrader.a_generate_purpose:67fccf5e39a05cf3,deepteam,confident-ai/deepteam,held-out,metrics/overreliance/overreliance.py,OverrelianceGrader.a_generate_purpose,,0.0.1,0.2.3,6,VANISHED,,,,,,,,
deepteam:0.0.1:metrics/overreliance/overreliance.py:OverrelianceGrader.evaluate:cadf9a1d4e42235f,deepteam,confident-ai/deepteam,held-out,metrics/overreliance/overreliance.py,OverrelianceGrader.evaluate,,0.0.1,0.2.3,6,VANISHED,,,,,,,,
deepteam:0.0.1:metrics/overreliance/overreliance.py:OverrelianceGrader.generate_purpose:bfc3adaf80ad48c8,deepteam,confident-ai/deepteam,held-out,metrics/overreliance/overreliance.py,OverrelianceGrader.generate_purpose,,0.0.1,0.2.3,6,VANISHED,,,,,,,,
deepteam:0.1.7:metrics/personal_safety/personal_safety.py:SafetyMetric._a_evaluate:1f94b31c8171dab5,deepteam,confident-ai/deepteam,held-out,metrics/personal_safety/personal_safety.py,SafetyMetric._a_evaluate,,0.1.7,0.2.3,2,VANISHED,,,,,,,,
deepteam:0.1.7:metrics/personal_safety/personal_safety.py:SafetyMetric.evaluate:cadf9a1d4e42235f,deepteam,confident-ai/deepteam,held-out,metrics/personal_safety/personal_safety.py,SafetyMetric.evaluate,,0.1.7,0.2.3,2,VANISHED,,,,,,,,
deepteam:0.0.1:metrics/pii/pii.py:PIIGrader._a_evaluate:1f94b31c8171dab5,deepteam,confident-ai/deepteam,held-out,metrics/pii/pii.py,PIIGrader._a_evaluate,,0.0.1,0.2.3,6,VANISHED,,,,,,,,
deepteam:0.0.1:metrics/pii/pii.py:PIIGrader.a_generate_entities:3e4afe3e2bc40168,deepteam,confident-ai/deepteam,held-out,metrics/pii/pii.py,PIIGrader.a_generate_entities,,0.0.1,0.2.3,6,VANISHED,,,,,,,,
deepteam:0.0.1:metrics/pii/pii.py:PIIGrader.a_generate_purpose:67fccf5e39a05cf3,deepteam,confident-ai/deepteam,held-out,metrics/pii/pii.py,PIIGrader.a_generate_purpose,,0.0.1,0.2.3,6,VANISHED,,,,,,,,
deepteam:0.0.1:metrics/pii/pii.py:PIIGrader.evaluate:cadf9a1d4e42235f,deepteam,confident-ai/deepteam,held-out,metrics/pii/pii.py,PIIGrader.evaluate,,0.0.1,0.2.3,6,VANISHED,,,,,,,,
deepteam:0.0.1:metrics/pii/pii.py:PIIGrader.generate_entities:d4bdb39abe547c99,deepteam,confident-ai/deepteam,held-out,metrics/pii/pii.py,PIIGrader.generate_entities,,0.0.1,0.2.3,6,VANISHED,,,,,,,,
deepteam:0.0.1:metrics/pii/pii.py:PIIGrader.generate_purpose:bfc3adaf80ad48c8,deepteam,confident-ai/deepteam,held-out,metrics/pii/pii.py,PIIGrader.generate_purpose,,0.0.1,0.2.3,6,VANISHED,,,,,,,,
deepteam:0.0.1:metrics/prompt_extraction/prompt_extraction.py:PromptExtractionGrader._a_evaluate:1f94b31c8171dab5,deepteam,confident-ai/deepteam,held-out,metrics/prompt_extraction/prompt_extraction.py,PromptExtractionGrader._a_evaluate,,0.0.1,0.2.3,6,VANISHED,,,,,,,,
deepteam:0.0.1:metrics/prompt_extraction/prompt_extraction.py:PromptExtractionGrader.a_generate_purpose:67fccf5e39a05cf3,deepteam,confident-ai/deepteam,held-out,metrics/prompt_extraction/prompt_extraction.py,PromptExtractionGrader.a_generate_purpose,,0.0.1,0.2.3,6,VANISHED,,,,,,,,
deepteam:0.0.1:metrics/prompt_extraction/prompt_extraction.py:PromptExtractionGrader.evaluate:cadf9a1d4e42235f,deepteam,confident-ai/deepteam,held-out,metrics/prompt_extraction/prompt_extraction.py,PromptExtractionGrader.evaluate,,0.0.1,0.2.3,6,VANISHED,,,,,,,,
deepteam:0.0.1:metrics/prompt_extraction/prompt_extraction.py:PromptExtractionGrader.generate_purpose:bfc3adaf80ad48c8,deepteam,confident-ai/deepteam,held-out,metrics/prompt_extraction/prompt_extraction.py,PromptExtractionGrader.generate_purpose,,0.0.1,0.2.3,6,VANISHED,,,,,,,,
deepteam:0.0.1:metrics/rbac/rbac.py:RBACGrader._a_evaluate:1f94b31c8171dab5,deepteam,confident-ai/deepteam,held-out,metrics/rbac/rbac.py,RBACGrader._a_evaluate,,0.0.1,0.2.3,6,VANISHED,,,,,,,,
deepteam:0.0.1:metrics/rbac/rbac.py:RBACGrader.a_generate_purpose:67fccf5e39a05cf3,deepteam,confident-ai/deepteam,held-out,metrics/rbac/rbac.py,RBACGrader.a_generate_purpose,,0.0.1,0.2.3,6,VANISHED,,,,,,,,
deepteam:0.0.1:metrics/rbac/rbac.py:RBACGrader.evaluate:cadf9a1d4e42235f,deepteam,confident-ai/deepteam,held-out,metrics/rbac/rbac.py,RBACGrader.evaluate,,0.0.1,0.2.3,6,VANISHED,,,,,,,,
deepteam:0.0.1:metrics/rbac/rbac.py:RBACGrader.generate_purpose:bfc3adaf80ad48c8,deepteam,confident-ai/deepteam,held-out,metrics/rbac/rbac.py,RBACGrader.generate_purpose,,0.0.1,0.2.3,6,VANISHED,,,,,,,,
deepteam:0.0.1:metrics/shell_injection/shell_injection.py:ShellInjectionGrader._a_evaluate:1f94b31c8171dab5,deepteam,confident-ai/deepteam,held-out,metrics/shell_injection/shell_injection.py,ShellInjectionGrader._a_evaluate,,0.0.1,0.2.3,6,VANISHED,,,,,,,,
deepteam:0.0.1:metrics/shell_injection/shell_injection.py:ShellInjectionGrader.evaluate:cadf9a1d4e42235f,deepteam,confident-ai/deepteam,held-out,metrics/shell_injection/shell_injection.py,ShellInjectionGrader.evaluate,,0.0.1,0.2.3,6,VANISHED,,,,,,,,
deepteam:0.0.1:metrics/sql_injection/sql_injection.py:SQLInjectionGrader._a_evaluate:1f94b31c8171dab5,deepteam,confident-ai/deepteam,held-out,metrics/sql_injection/sql_injection.py,SQLInjectionGrader._a_evaluate,,0.0.1,0.2.3,6,VANISHED,,,,,,,,
deepteam:0.0.1:metrics/sql_injection/sql_injection.py:SQLInjectionGrader.evaluate:cadf9a1d4e42235f,deepteam,confident-ai/deepteam,held-out,metrics/sql_injection/sql_injection.py,SQLInjectionGrader.evaluate,,0.0.1,0.2.3,6,VANISHED,,,,,,,,
deepteam:0.0.1:metrics/ssrf/ssrf.py:SSRFGrader._a_evaluate:1f94b31c8171dab5,deepteam,confident-ai/deepteam,held-out,metrics/ssrf/ssrf.py,SSRFGrader._a_evaluate,,0.0.1,0.2.3,6,VANISHED,,,,,,,,
deepteam:0.0.1:metrics/ssrf/ssrf.py:SSRFGrader.a_generate_purpose:67fccf5e39a05cf3,deepteam,confident-ai/deepteam,held-out,metrics/ssrf/ssrf.py,SSRFGrader.a_generate_purpose,,0.0.1,0.2.3,6,VANISHED,,,,,,,,
deepteam:0.0.1:metrics/ssrf/ssrf.py:SSRFGrader.evaluate:cadf9a1d4e42235f,deepteam,confident-ai/deepteam,held-out,metrics/ssrf/ssrf.py,SSRFGrader.evaluate,,0.0.1,0.2.3,6,VANISHED,,,,,,,,
deepteam:0.0.1:metrics/ssrf/ssrf.py:SSRFGrader.generate_purpose:bfc3adaf80ad48c8,deepteam,confident-ai/deepteam,held-out,metrics/ssrf/ssrf.py,SSRFGrader.generate_purpose,,0.0.1,0.2.3,6,VANISHED,,,,,,,,
deepteam:0.1.7:metrics/toxicity/toxicity.py:ToxicityMetric._a_evaluate:1f94b31c8171dab5,deepteam,confident-ai/deepteam,held-out,metrics/toxicity/toxicity.py,ToxicityMetric._a_evaluate,,0.1.7,0.2.3,2,VANISHED,,,,,,,,
deepteam:0.1.7:metrics/toxicity/toxicity.py:ToxicityMetric.evaluate:cadf9a1d4e42235f,deepteam,confident-ai/deepteam,held-out,metrics/toxicity/toxicity.py,ToxicityMetric.evaluate,,0.1.7,0.2.3,2,VANISHED,,,,,,,,
fickling:0.1.8:analysis.py:UnusedVariables.analyze:ea6cf76cfeeca1fc,fickling,trailofbits/fickling,train,analysis.py,UnusedVariables.analyze,silent-fallback,0.1.8,0.1.12,3,MUTATED,,,,,,,,
fickling:0.1.6:cli.py:main:aac8678db9c3d28e,fickling,trailofbits/fickling,train,cli.py,main,silent-fallback,0.1.6,0.1.12,4,MUTATED,,,,,,,,
fickling:0.1.8:fickle.py:Pickled.ast:ed68d9d8c16294b5,fickling,trailofbits/fickling,train,fickle.py,Pickled.ast,silent-fallback,0.1.8,0.1.12,3,MUTATED,,,,,,,,
fickling:0.0.1:cli.py:main:8d5ee870c3f91af2,fickling,trailofbits/fickling,train,cli.py,main,,0.0.1,0.1.12,10,SURVIVED,1936.2,,,,,,,
fickling:0.1.6:fickle.py:StackedPickle.load:4be4127ac0a94d7a,fickling,trailofbits/fickling,train,fickle.py,StackedPickle.load,,0.1.6,0.1.12,4,SURVIVED,193.2,,,,,,,
fickling:0.0.5:pickle.py:ConstantOpcode.new:f329820566f1d999,fickling,trailofbits/fickling,train,pickle.py,ConstantOpcode.new,no-action,0.0.5,0.1.12,8,SURVIVED,1134.3,,,,,,,
fickling:0.0.1:pickle.py:Interpreter.run:fe50e97234941e7b,fickling,trailofbits/fickling,train,pickle.py,Interpreter.run,,0.0.1,0.1.12,10,SURVIVED,1936.2,,,,,,,
fickling:0.0.1:pickle.py:Interpreter.step:7d5a644dfed5ea7d,fickling,trailofbits/fickling,train,pickle.py,Interpreter.step,,0.0.1,0.1.12,10,SURVIVED,1936.2,,,,,,,
fickling:0.0.5:pickle.py:Pickled.load:6bbaaff213b690ec,fickling,trailofbits/fickling,train,pickle.py,Pickled.load,,0.0.5,0.1.12,8,SURVIVED,1134.3,,,,,,,
fickling:0.1.6:polyglot.py:check_and_find_in_zip:ce59b1b4d0e96d54,fickling,trailofbits/fickling,train,polyglot.py,check_and_find_in_zip,,0.1.6,0.1.12,4,SURVIVED,193.2,,,,,,,
fickling:0.1.2:polyglot.py:check_if_legacy_format:feb16aa8f776f5a9,fickling,trailofbits/fickling,train,polyglot.py,check_if_legacy_format,silent-fallback,0.1.2,0.1.12,6,SURVIVED,879.3,,,,,,,
fickling:0.1.4:polyglot.py:check_numpy:c6fe8d2056f0c6a8,fickling,trailofbits/fickling,train,polyglot.py,check_numpy,,0.1.4,0.1.12,5,SURVIVED,354.4,,,,,,,
fickling:0.1.6:polyglot.py:check_numpy:53e6cb63ba2cb6a4,fickling,trailofbits/fickling,train,polyglot.py,check_numpy,,0.1.6,0.1.12,4,SURVIVED,193.2,,,,,,,
fickling:0.0.1:tracing.py:Trace.run:90490d751c4cb71b,fickling,trailofbits/fickling,train,tracing.py,Trace.run,,0.0.1,0.1.12,10,SURVIVED,1936.2,,,,,,,
fickling:0.1.12:analysis.py:AnalysisContext.analyze:949325ab545c95b6,fickling,trailofbits/fickling,train,analysis.py,AnalysisContext.analyze,,0.1.12,0.1.12,1,TOO_YOUNG,,,,,,,,
fickling:0.1.12:cli.py:_scan_huggingface:13644eff32abf6d2,fickling,trailofbits/fickling,train,cli.py,_scan_huggingface,,0.1.12,0.1.12,1,TOO_YOUNG,,,,,,,,
fickling:0.1.12:cli.py:_scan_huggingface:3ccd1a8e58022716,fickling,trailofbits/fickling,train,cli.py,_scan_huggingface,,0.1.12,0.1.12,1,TOO_YOUNG,,,,,,,,
fickling:0.1.12:cli.py:_scan_huggingface:69c1c4bda2a4cbd2,fickling,trailofbits/fickling,train,cli.py,_scan_huggingface,silent-fallback,0.1.12,0.1.12,1,TOO_YOUNG,,,,,,,,
fickling:0.1.12:cli.py:main:b037aeb38f629901,fickling,trailofbits/fickling,train,cli.py,main,silent-fallback,0.1.12,0.1.12,1,TOO_YOUNG,,,,,,,,
fickling:0.1.8:polyglot.py:<module>:5c7c0b9c0dbf17d5,fickling,trailofbits/fickling,train,polyglot.py,<module>,silent-fallback,0.1.8,0.1.12,3,TOO_YOUNG,,,,,,,,
fickling:0.1.8:polyglot.py:check_and_find_in_7z:22af7939aa18c266,fickling,trailofbits/fickling,train,polyglot.py,check_and_find_in_7z,,0.1.8,0.1.12,3,TOO_YOUNG,,,,,,,,
fickling:0.1.12:polyglot.py:check_pickle:223398e24073277b,fickling,trailofbits/fickling,train,polyglot.py,check_pickle,silent-fallback,0.1.12,0.1.12,1,TOO_YOUNG,,,,,,,,
fickling:0.1.12:polyglot.py:check_pickle:ee8dab3b68c04eae,fickling,trailofbits/fickling,train,polyglot.py,check_pickle,silent-fallback,0.1.12,0.1.12,1,TOO_YOUNG,,,,,,,,
fickling:0.1.8:polyglot.py:find_file_properties_recursively:0e01f5a7404472c4,fickling,trailofbits/fickling,train,polyglot.py,find_file_properties_recursively,,0.1.8,0.1.12,3,TOO_YOUNG,,,,,,,,
fickling:0.1.8:polyglot.py:find_file_properties_recursively:1594f49eb6ab0789,fickling,trailofbits/fickling,train,polyglot.py,find_file_properties_recursively,no-action,0.1.8,0.1.12,3,TOO_YOUNG,,,,,,,,
fickling:0.1.8:polyglot.py:find_file_properties_recursively:5c97244b2888cf4e,fickling,trailofbits/fickling,train,polyglot.py,find_file_properties_recursively,,0.1.8,0.1.12,3,TOO_YOUNG,,,,,,,,
fickling:0.1.8:polyglot.py:find_file_properties_recursively:d38e7e6ca77a3817,fickling,trailofbits/fickling,train,polyglot.py,find_file_properties_recursively,,0.1.8,0.1.12,3,TOO_YOUNG,,,,,,,,
fickling:0.1.8:polyglot.py:is_7z_file:329a6d7960ee48f3,fickling,trailofbits/fickling,train,polyglot.py,is_7z_file,silent-fallback,0.1.8,0.1.12,3,TOO_YOUNG,,,,,,,,
fickling:0.0.1:cli.py:main:b52115587bb7318a,fickling,trailofbits/fickling,train,cli.py,main,,0.0.1,0.0.3,2,VANISHED,,,,,,,,
fickling:0.0.5:cli.py:main:65debe3c24539d8e,fickling,trailofbits/fickling,train,cli.py,main,silent-fallback,0.0.5,0.0.7,2,VANISHED,,,,,,,,
fickling:0.1.2:cli.py:main:4801d172ea40ca0e,fickling,trailofbits/fickling,train,cli.py,main,silent-fallback,0.1.2,0.1.4,2,VANISHED,,,,,,,,
fickling:0.0.5:pickle.py:StackedPickle.load:365b4585c1dc2ac0,fickling,trailofbits/fickling,train,pickle.py,StackedPickle.load,,0.0.5,0.1.4,4,VANISHED,,,,,,,,
fickling:0.1.2:polyglot.py:check_and_find_in_zip:f13b61197a9203f0,fickling,trailofbits/fickling,train,polyglot.py,check_and_find_in_zip,,0.1.2,0.1.4,2,VANISHED,,,,,,,,
fickling:0.1.2:polyglot.py:check_pickle:9ffdc721658c0213,fickling,trailofbits/fickling,train,polyglot.py,check_pickle,silent-fallback,0.1.2,0.1.10,5,VANISHED,,,,,,,,
fickling:0.1.2:polyglot.py:check_pickle:ef3b67da62bc350f,fickling,trailofbits/fickling,train,polyglot.py,check_pickle,silent-fallback,0.1.2,0.1.2,1,VANISHED,,,,,,,,
fickling:0.1.4:polyglot.py:check_pickle:9491d47d3d0c981f,fickling,trailofbits/fickling,train,polyglot.py,check_pickle,silent-fallback,0.1.4,0.1.10,4,VANISHED,,,,,,,,
garak:0.9.0.12:command.py:end_run:20d0124b54d9b67e,garak,NVIDIA/garak,held-out,command.py,end_run,,0.9.0.12,0.16.0,6,FIXED,,0.9.0.15,0.10.2,log,ok,932,https://github.com/NVIDIA/garak/commit/1fb059fb2f170a6967657df5fd1f73bbfbcecb85,5
garak:0.13.0:probes/base.py:Probe._mint_attempt:035ae2b1ad041c01,garak,NVIDIA/garak,held-out,probes/base.py,Probe._mint_attempt,,0.13.0,0.16.0,3,MUTATED,,,,,,,,
garak:0.9.0.9:resources/autodan/genetic.py:<module>:2edd8a2b2543fbac,garak,NVIDIA/garak,held-out,resources/autodan/genetic.py,<module>,,0.9.0.9,0.16.0,7,MUTATED,,,,,,,,
garak:0.9.0.15:detectors/fileformats.py:FileIsPickled._test_file:cc99064ef1203dd7,garak,NVIDIA/garak,held-out,detectors/fileformats.py,FileIsPickled._test_file,silent-fallback,0.9.0.15,0.16.0,5,SURVIVED,721.1,,,,,,,
garak:0.9.0.15:harnesses/base.py:Harness._load_buffs:06527817fe6ad3c3,garak,NVIDIA/garak,held-out,harnesses/base.py,Harness._load_buffs,,0.9.0.15,0.16.0,5,SURVIVED,721.1,,,,,,,
garak:0.10.2:payloads.py:_validate_payload:216b918559b18a27,garak,NVIDIA/garak,held-out,payloads.py,_validate_payload,,0.10.2,0.16.0,4,SURVIVED,551.0,,,,,,,
garak:0.9.0.15:resources/autodan/genetic.py:crossover:742e0c85473d2d69,garak,NVIDIA/garak,held-out,resources/autodan/genetic.py,crossover,,0.9.0.15,0.16.0,5,SURVIVED,721.1,,,,,,,
garak:0.16.0:analyze/ci_calculator.py:_extract_ci_config_from_report:02cb9a6b51e2d58c,garak,NVIDIA/garak,held-out,analyze/ci_calculator.py,_extract_ci_config_from_report,no-action,0.16.0,0.16.0,1,TOO_YOUNG,,,,,,,,
garak:0.14.0:analyze/qual_review.py:qual_review:7bf2bbd5befec3a2,garak,NVIDIA/garak,held-out,analyze/qual_review.py,qual_review,,0.14.0,0.16.0,2,TOO_YOUNG,,,,,,,,
garak:0.16.0:analyze/rebuild_cis.py:rebuild_cis_for_report:22af834a2f58e367,garak,NVIDIA/garak,held-out,analyze/rebuild_cis.py,rebuild_cis_for_report,silent-fallback,0.16.0,0.16.0,1,TOO_YOUNG,,,,,,,,
garak:0.14.0:analyze/report_avid.py:convert_to_avid:49d765f83a0ffe30,garak,NVIDIA/garak,held-out,analyze/report_avid.py,convert_to_avid,no-action,0.14.0,0.16.0,2,TOO_YOUNG,,,,,,,,
garak:0.16.0:analyze/report_digest.py:<module>:c6b1dbcd0d24af2a,garak,NVIDIA/garak,held-out,analyze/report_digest.py,<module>,,0.16.0,0.16.0,1,TOO_YOUNG,,,,,,,,
garak:0.16.0:command.py:_selection_has_intent_probe:6b1d327be98f69af,garak,NVIDIA/garak,held-out,command.py,_selection_has_intent_probe,,0.16.0,0.16.0,1,TOO_YOUNG,,,,,,,,
garak:0.16.0:command.py:_tier_name:67eed8328521847a,garak,NVIDIA/garak,held-out,command.py,_tier_name,silent-fallback,0.16.0,0.16.0,1,TOO_YOUNG,,,,,,,,
garak:0.14.0:configurable.py:Configurable._load_deps:eadd341e3496b4e0,garak,NVIDIA/garak,held-out,configurable.py,Configurable._load_deps,,0.14.0,0.16.0,2,TOO_YOUNG,,,,,,,,
garak:0.16.0:detectors/agent_breaker.py:AgentBreakerResult._extract_json:1572917c891ef492,garak,NVIDIA/garak,held-out,detectors/agent_breaker.py,AgentBreakerResult._extract_json,no-action,0.16.0,0.16.0,1,TOO_YOUNG,,,,,,,,
garak:0.13.0:detectors/exploitation.py:PythonCodeExecution.detect:c05ee29633f8f5c5,garak,NVIDIA/garak,held-out,detectors/exploitation.py,PythonCodeExecution.detect,no-action,0.13.0,0.16.0,3,TOO_YOUNG,,,,,,,,
garak:0.14.0:detectors/goodside.py:PlainJSON.detect:f58452c2e66658b0,garak,NVIDIA/garak,held-out,detectors/goodside.py,PlainJSON.detect,,0.14.0,0.16.0,2,TOO_YOUNG,,,,,,,,
garak:0.14.0:evaluators/base.py:Evaluator.print_results_narrow:914b6b1eca360b6c,garak,NVIDIA/garak,held-out,evaluators/base.py,Evaluator.print_results_narrow,no-action,0.14.0,0.16.0,2,TOO_YOUNG,,,,,,,,
garak:0.14.0:evaluators/base.py:Evaluator.print_results_wide:914b6b1eca360b6c,garak,NVIDIA/garak,held-out,evaluators/base.py,Evaluator.print_results_wide,no-action,0.14.0,0.16.0,2,TOO_YOUNG,,,,,,,,
garak:0.16.0:generators/nvcf.py:NvcfChat._is_input_value_error:42773f452f55fe0d,garak,NVIDIA/garak,held-out,generators/nvcf.py,NvcfChat._is_input_value_error,silent-fallback,0.16.0,0.16.0,1,TOO_YOUNG,,,,,,,,
garak:0.16.0:generators/rest.py:RestGenerator._call_model:ced4851dc00517b1,garak,NVIDIA/garak,held-out,generators/rest.py,RestGenerator._call_model,,0.16.0,0.16.0,1,TOO_YOUNG,,,,,,,,
garak:0.16.0:generators/websocket.py:WebSocketGenerator._call_model:512dbcab4a42e41b,garak,NVIDIA/garak,held-out,generators/websocket.py,WebSocketGenerator._call_model,,0.16.0,0.16.0,1,TOO_YOUNG,,,,,,,,
garak:0.13.0:langproviders/base.py:_initialize_words:4073960527e46f02,garak,NVIDIA/garak,held-out,langproviders/base.py,_initialize_words,,0.13.0,0.16.0,3,TOO_YOUNG,,,,,,,,
garak:0.13.0:probes/audio.py:AudioAchillesHeel._load_data:0cfe26b4e0688be1,garak,NVIDIA/garak,held-out,probes/audio.py,AudioAchillesHeel._load_data,,0.13.0,0.16.0,3,TOO_YOUNG,,,,,,,,
garak:0.14.0:probes/dan.py:DANProbeMeta.__init__.new_init:1284f94b218cb4de,garak,NVIDIA/garak,held-out,probes/dan.py,DANProbeMeta.__init__.new_init,silent-fallback,0.14.0,0.16.0,2,TOO_YOUNG,,,,,,,,
garak:0.14.0:probes/divergence.py:RepeatedToken._get_token_strings:92c553ccb53fa31f,garak,NVIDIA/garak,held-out,probes/divergence.py,RepeatedToken._get_token_strings,,0.14.0,0.16.0,2,TOO_YOUNG,,,,,,,,
garak:0.13.0:probes/sata.py:MLM.__init__:cb3aaf9177315f60,garak,NVIDIA/garak,held-out,probes/sata.py,MLM.__init__,,0.13.0,0.16.0,3,TOO_YOUNG,,,,,,,,
garak:0.16.0:probes/tap.py:PAIR.probe:7314fb077b8ad8ba,garak,NVIDIA/garak,held-out,probes/tap.py,PAIR.probe,,0.16.0,0.16.0,1,TOO_YOUNG,,,,,,,,
garak:0.16.0:probes/tap.py:TAP.probe:7314fb077b8ad8ba,garak,NVIDIA/garak,held-out,probes/tap.py,TAP.probe,,0.16.0,0.16.0,1,TOO_YOUNG,,,,,,,,
garak:0.16.0:resources/red_team/evaluation.py:token_count:7baefa79a42ef1ed,garak,NVIDIA/garak,held-out,resources/red_team/evaluation.py,token_count,,0.16.0,0.16.0,1,TOO_YOUNG,,,,,,,,
garak:0.16.0:services/intentservice.py:_get_stubs_code:c422d82b3473c514,garak,NVIDIA/garak,held-out,services/intentservice.py,_get_stubs_code,,0.16.0,0.16.0,1,TOO_YOUNG,,,,,,,,
garak:0.13.0:analyze/qual_review.py:<module>:afdd89263dacc7c9,garak,NVIDIA/garak,held-out,analyze/qual_review.py,<module>,,0.13.0,0.13.0,1,VANISHED,,,,,,,,
garak:0.9:cli.py:main:98e8590479555054,garak,NVIDIA/garak,held-out,cli.py,main,,0.9,0.9.0.4,2,VANISHED,,,,,,,,
garak:0.9.0.6.post2:cli.py:main:2bdf04d6785e63ab,garak,NVIDIA/garak,held-out,cli.py,main,,0.9.0.6.post2,0.9.0.6.post2,1,VANISHED,,,,,,,,
garak:0.9.0.9:cli.py:main:efe2e9ddc83f44f1,garak,NVIDIA/garak,held-out,cli.py,main,,0.9.0.9,0.13.0,5,VANISHED,,,,,,,,
garak:0.9.0.9:command.py:plugin_info:f2170863e13c5130,garak,NVIDIA/garak,held-out,command.py,plugin_info,,0.9.0.9,0.9.0.12,2,VANISHED,,,,,,,,
garak:0.9:detectors/goodside.py:PlainJSON.detect:450c490145a59715,garak,NVIDIA/garak,held-out,detectors/goodside.py,PlainJSON.detect,,0.9,0.9.0.12,5,VANISHED,,,,,,,,
garak:0.9.0.15:detectors/goodside.py:PlainJSON.detect:f7d892bdb96ebdfc,garak,NVIDIA/garak,held-out,detectors/goodside.py,PlainJSON.detect,,0.9.0.15,0.13.0,3,VANISHED,,,,,,,,
garak:0.9:detectors/promptinject.py:AttackRogueString.detect:88bac465e95e5735,garak,NVIDIA/garak,held-out,detectors/promptinject.py,AttackRogueString.detect,no-action,0.9,0.9.0.12,5,VANISHED,,,,,,,,
garak:0.9:evaluators/base.py:Evaluator.print_results:535521d1cbe96c70,garak,NVIDIA/garak,held-out,evaluators/base.py,Evaluator.print_results,no-action,0.9,0.13.0,8,VANISHED,,,,,,,,
garak:0.9.0.6.post2:evaluators/base.py:Evaluator.print_results_narrow:4eae9d1591807825,garak,NVIDIA/garak,held-out,evaluators/base.py,Evaluator.print_results_narrow,no-action,0.9.0.6.post2,0.13.0,6,VANISHED,,,,,,,,
garak:0.9:generators/huggingface.py:Local.generate:cdfb4e63ff6a92de,garak,NVIDIA/garak,held-out,generators/huggingface.py,Local.generate,silent-fallback,0.9,0.9,1,VANISHED,,,,,,,,
garak:0.9.0.4:generators/huggingface.py:Pipeline.generate:0de01b286aaad7b5,garak,NVIDIA/garak,held-out,generators/huggingface.py,Pipeline.generate,silent-fallback,0.9.0.4,0.9.0.12,4,VANISHED,,,,,,,,
garak:0.9.0.12:harnesses/base.py:Harness._load_buffs:f9ef5104bc07b980,garak,NVIDIA/garak,held-out,harnesses/base.py,Harness._load_buffs,,0.9.0.12,0.9.0.12,1,VANISHED,,,,,,,,
garak:0.9.0.9:harnesses/base.py:Harness._load_buffs:53457042f381c115,garak,NVIDIA/garak,held-out,harnesses/base.py,Harness._load_buffs,,0.9.0.9,0.9.0.9,1,VANISHED,,,,,,,,
garak:0.9.0.9:resources/autodan/model_utils.py:AutoDanPrefixManager.get_prompt:cc08c5e20d51b037,garak,NVIDIA/garak,held-out,resources/autodan/model_utils.py,AutoDanPrefixManager.get_prompt,silent-fallback,0.9.0.9,0.13.0,5,VANISHED,,,,,,,,
garak:0.9.0.9:resources/gcg/attack_manager.py:AttackPrompt._update_ids:cc08c5e20d51b037,garak,NVIDIA/garak,held-out,resources/gcg/attack_manager.py,AttackPrompt._update_ids,silent-fallback,0.9.0.9,0.13.0,5,VANISHED,,,,,,,,
inspect_ai:0.3.29:_eval/run.py:run_multiple.worker:46a2b425cd355d0c,inspect_ai,UKGovernmentBEIS/inspect_ai,held-out,_eval/run.py,run_multiple.worker,,0.3.29,0.3.55,2,FIXED,,0.3.29,0.3.55,log,ok,979,https://github.com/UKGovernmentBEIS/inspect_ai/commit/bdb79ea49e83b2afaf167f030c3c114d4bbfd78a,20
inspect_ai:0.3.235:_util/event_loop_monitor.py:event_loop_monitor:f12e1e8f455f823f,inspect_ai,UKGovernmentBEIS/inspect_ai,held-out,_util/event_loop_monitor.py,event_loop_monitor,,0.3.235,0.3.261,2,FIXED,,0.3.235,0.3.261,raise,ok,4976,https://github.com/UKGovernmentBEIS/inspect_ai/commit/0b435d3f60e02c5a6c6ea40677af54978955f3d9,2
inspect_ai:0.3.134:agent/_bridge/sandbox/proxy.py:run_model_proxy_server:7fcf3054e7ca793f,inspect_ai,UKGovernmentBEIS/inspect_ai,held-out,agent/_bridge/sandbox/proxy.py,run_model_proxy_server,,0.3.134,0.3.261,5,FIXED,,0.3.235,0.3.261,log,ok,5022,https://github.com/UKGovernmentBEIS/inspect_ai/commit/4b814dce0401cb0764ae00a50a329c8cfd15c292,20
inspect_ai:0.3.162:model/_model.py:Model._generate.generate:b2b0636330b3e946,inspect_ai,UKGovernmentBEIS/inspect_ai,held-out,model/_model.py,Model._generate.generate,,0.3.162,0.3.209,2,FIXED,,0.3.162,0.3.209,raise,ok,3705,https://github.com/UKGovernmentBEIS/inspect_ai/commit/f4436c181197f9e1453a40ab51227f7d11a20078,20
inspect_ai:0.3.209:model/_providers/openai_compatible.py:OpenAICompatibleAPI.generate:dfc45585a4858b75,inspect_ai,UKGovernmentBEIS/inspect_ai,held-out,model/_providers/openai_compatible.py,OpenAICompatibleAPI.generate,,0.3.209,0.3.261,3,FIXED,,0.3.235,0.3.261,raise,ok,5129,https://github.com/UKGovernmentBEIS/inspect_ai/commit/fbee5b35c656f1c7653af3adf682172033ee0590,12
inspect_ai:0.3.29:model/_providers/util/util.py:parse_tool_call:5a2477542e567d7b,inspect_ai,UKGovernmentBEIS/inspect_ai,held-out,model/_providers/util/util.py,parse_tool_call,,0.3.29,0.3.261,9,FIXED,,0.3.235,0.3.261,log,ok,5117,https://github.com/UKGovernmentBEIS/inspect_ai/commit/a23ee0d172eb601bcddc523423a276062ae0d6e4,6
inspect_ai:0.3.2:util/_context/subprocess.py:subprocess.run_command_timeout:c4528a205d6d021b,inspect_ai,UKGovernmentBEIS/inspect_ai,held-out,util/_context/subprocess.py,subprocess.run_command_timeout,,0.3.2,0.3.29,2,FIXED,,0.3.2,0.3.29,raise,ok,136,https://github.com/UKGovernmentBEIS/inspect_ai/commit/1fd6e5b0bc7bf42883dfc201f090d5f70f4ffe87,5
inspect_ai:0.3.55:_display/rich/display.py:RichTaskScreen.input_screen:c7f08d1b3dd40fb2,inspect_ai,UKGovernmentBEIS/inspect_ai,held-out,_display/rich/display.py,RichTaskScreen.input_screen,,0.3.55,0.3.261,8,MUTATED,,,,,,,,
inspect_ai:0.3.55:_display/textual/app.py:TextualTaskScreen.input_screen:3a8a2990ce69a700,inspect_ai,UKGovernmentBEIS/inspect_ai,held-out,_display/textual/app.py,TextualTaskScreen.input_screen,,0.3.55,0.3.261,8,MUTATED,,,,,,,,
inspect_ai:0.3.29:_eval/task/rundir.py:task_run_dir_switching:f12e1e8f455f823f,inspect_ai,UKGovernmentBEIS/inspect_ai,held-out,_eval/task/rundir.py,task_run_dir_switching,,0.3.29,0.3.261,9,MUTATED,,,,,,,,
inspect_ai:0.3.235:_util/_async.py:run_coroutine:27ce7161404d1f40,inspect_ai,UKGovernmentBEIS/inspect_ai,held-out,_util/_async.py,run_coroutine,,0.3.235,0.3.261,2,MUTATED,,,,,,,,
inspect_ai:0.3.55:_util/environ.py:environ_var:f12e1e8f455f823f,inspect_ai,UKGovernmentBEIS/inspect_ai,held-out,_util/environ.py,environ_var,,0.3.55,0.3.261,8,MUTATED,,,,,,,,
inspect_ai:0.3.55:_util/package.py:package_is_installed_editable:ad87a4c11ceed2d3,inspect_ai,UKGovernmentBEIS/inspect_ai,held-out,_util/package.py,package_is_installed_editable,silent-fallback,0.3.55,0.3.261,8,MUTATED,,,,,,,,
inspect_ai:0.3.162:_view/common.py:_walk_without_detail:dba85eba95632d75,inspect_ai,UKGovernmentBEIS/inspect_ai,held-out,_view/common.py,_walk_without_detail,,0.3.162,0.3.261,4,MUTATED,,,,,,,,
inspect_ai:0.3.235:agent/_acp/discovery.py:pid_alive:689c26721b8da3d5,inspect_ai,UKGovernmentBEIS/inspect_ai,held-out,agent/_acp/discovery.py,pid_alive,silent-fallback,0.3.235,0.3.261,2,MUTATED,,,,,,,,
inspect_ai:0.3.108:approval/_human/approver.py:human_approver.approve:deca204d14244b6f,inspect_ai,UKGovernmentBEIS/inspect_ai,held-out,approval/_human/approver.py,human_approver.approve,,0.3.108,0.3.261,6,MUTATED,,,,,,,,
inspect_ai:0.3.235:log/_recorders/buffer/database.py:SampleBufferDatabase._get_connection:3f672b8f13347a19,inspect_ai,UKGovernmentBEIS/inspect_ai,held-out,log/_recorders/buffer/database.py,SampleBufferDatabase._get_connection,,0.3.235,0.3.261,2,MUTATED,,,,,,,,
inspect_ai:0.3.235:log/_samples.py:active_sample:3cae82d12ae79f4a,inspect_ai,UKGovernmentBEIS/inspect_ai,held-out,log/_samples.py,active_sample,,0.3.235,0.3.261,2,MUTATED,,,,,,,,
inspect_ai:0.3.82:log/_samples.py:track_active_sample_retries:f12e1e8f455f823f,inspect_ai,UKGovernmentBEIS/inspect_ai,held-out,log/_samples.py,track_active_sample_retries,,0.3.82,0.3.261,7,MUTATED,,,,,,,,
inspect_ai:0.3.235:model/_model.py:Model._connection_concurrency:f12e1e8f455f823f,inspect_ai,UKGovernmentBEIS/inspect_ai,held-out,model/_model.py,Model._connection_concurrency,,0.3.235,0.3.261,2,MUTATED,,,,,,,,
inspect_ai:0.3.82:solver/_bridge/patch.py:openai_request_to_inspect_model:f12e1e8f455f823f,inspect_ai,UKGovernmentBEIS/inspect_ai,held-out,solver/_bridge/patch.py,openai_request_to_inspect_model,,0.3.82,0.3.261,7,MUTATED,,,,,,,,
inspect_ai:0.3.108:tool/_mcp/_mcp.py:MCPServerSession._close:aadd23df11ce6c60,inspect_ai,UKGovernmentBEIS/inspect_ai,held-out,tool/_mcp/_mcp.py,MCPServerSession._close,,0.3.108,0.3.261,6,MUTATED,,,,,,,,
inspect_ai:0.3.108:tool/_mcp/_sandbox.py:sandbox_client:38d61b311adc1715,inspect_ai,UKGovernmentBEIS/inspect_ai,held-out,tool/_mcp/_sandbox.py,sandbox_client,,0.3.108,0.3.261,6,MUTATED,,,,,,,,
inspect_ai:0.3.134:tool/_sandbox_tools_utils/sandbox.py:_open_executable_for_arch:2c8150dac68122ad,inspect_ai,UKGovernmentBEIS/inspect_ai,held-out,tool/_sandbox_tools_utils/sandbox.py,_open_executable_for_arch,,0.3.134,0.3.261,5,MUTATED,,,,,,,,
inspect_ai:0.3.235:util/_checkpoint/checkpointer_impl.py:_EnteredCheckpointer.span_session:f12e1e8f455f823f,inspect_ai,UKGovernmentBEIS/inspect_ai,held-out,util/_checkpoint/checkpointer_impl.py,_EnteredCheckpointer.span_session,,0.3.235,0.3.261,2,MUTATED,,,,,,,,
inspect_ai:0.3.2:util/_context/resource.py:resource:879769ba5975a699,inspect_ai,UKGovernmentBEIS/inspect_ai,held-out,util/_context/resource.py,resource,,0.3.2,0.3.261,10,MUTATED,,,,,,,,
inspect_ai:0.3.108:util/_span.py:span:51823bcdef682009,inspect_ai,UKGovernmentBEIS/inspect_ai,held-out,util/_span.py,span,,0.3.108,0.3.261,6,MUTATED,,,,,,,,
inspect_ai:0.3.134:_cli/util.py:int_bool_or_str_flag_callback.callback:d9e511fb8d7da777,inspect_ai,UKGovernmentBEIS/inspect_ai,held-out,_cli/util.py,int_bool_or_str_flag_callback.callback,,0.3.134,0.3.261,5,SURVIVED,337.2,,,,,,,
inspect_ai:0.3.108:_display/core/panel.py:task_panel_plain:f401caab036a286d,inspect_ai,UKGovernmentBEIS/inspect_ai,held-out,_display/core/panel.py,task_panel_plain,,0.3.108,0.3.261,6,SURVIVED,431.2,,,,,,,
inspect_ai:0.3.82:_display/plain/display.py:PlainDisplay.task_screen:6e44dd8b38f72fd6,inspect_ai,UKGovernmentBEIS/inspect_ai,held-out,_display/plain/display.py,PlainDisplay.task_screen,,0.3.82,0.3.261,7,SURVIVED,515.3,,,,,,,
inspect_ai:0.3.29:_display/rich.py:record_console_input:f12e1e8f455f823f,inspect_ai,UKGovernmentBEIS/inspect_ai,held-out,_display/rich.py,record_console_input,,0.3.29,0.3.261,9,SURVIVED,712.8,,,,,,,
inspect_ai:0.3.29:_display/rich.py:task_panel:f401caab036a286d,inspect_ai,UKGovernmentBEIS/inspect_ai,held-out,_display/rich.py,task_panel,,0.3.29,0.3.261,9,SURVIVED,712.8,,,,,,,
inspect_ai:0.3.82:_display/rich/display.py:RichDisplay._update_display_loop:4714f0b7f2ad44d8,inspect_ai,UKGovernmentBEIS/inspect_ai,held-out,_display/rich/display.py,RichDisplay._update_display_loop,no-action,0.3.82,0.3.261,7,SURVIVED,515.3,,,,,,,
inspect_ai:0.3.82:_display/rich/display.py:RichDisplay.task_screen:5b12afce73968e22,inspect_ai,UKGovernmentBEIS/inspect_ai,held-out,_display/rich/display.py,RichDisplay.task_screen,,0.3.82,0.3.261,7,SURVIVED,515.3,,,,,,,
inspect_ai:0.3.82:_display/rich/display.py:RichDisplay.task_screen:930327434f2b399b,inspect_ai,UKGovernmentBEIS/inspect_ai,held-out,_display/rich/display.py,RichDisplay.task_screen,,0.3.82,0.3.261,7,SURVIVED,515.3,,,,,,,
inspect_ai:0.3.82:_display/textual/app.py:TaskScreenApp.get_input_panel:a15398d5db462dd3,inspect_ai,UKGovernmentBEIS/inspect_ai,held-out,_display/textual/app.py,TaskScreenApp.get_input_panel,silent-fallback,0.3.82,0.3.261,7,SURVIVED,515.3,,,,,,,
inspect_ai:0.3.55:_display/textual/app.py:TaskScreenApp.task_display:bf3cbbe5ba7415c8,inspect_ai,UKGovernmentBEIS/inspect_ai,held-out,_display/textual/app.py,TaskScreenApp.task_display,,0.3.55,0.3.261,8,SURVIVED,609.2,,,,,,,
inspect_ai:0.3.55:_display/textual/app.py:TaskScreenApp.task_screen:4cb594a3b32adadb,inspect_ai,UKGovernmentBEIS/inspect_ai,held-out,_display/textual/app.py,TaskScreenApp.task_screen,,0.3.55,0.3.261,8,SURVIVED,609.2,,,,,,,
inspect_ai:0.3.108:_display/textual/widgets/samples.py:SamplesList.get_id_at_index:51dac1e305a15635,inspect_ai,UKGovernmentBEIS/inspect_ai,held-out,_display/textual/widgets/samples.py,SamplesList.get_id_at_index,silent-fallback,0.3.108,0.3.261,6,SURVIVED,431.2,,,,,,,
inspect_ai:0.3.82:_display/textual/widgets/samples.py:SamplesView.notify_active:b495321937463414,inspect_ai,UKGovernmentBEIS/inspect_ai,held-out,_display/textual/widgets/samples.py,SamplesView.notify_active,no-action,0.3.82,0.3.261,7,SURVIVED,515.3,,,,,,,
inspect_ai:0.3.55:_display/textual/widgets/tasks.py:TaskProgressView.complete:0ed587a62d4a11f8,inspect_ai,UKGovernmentBEIS/inspect_ai,held-out,_display/textual/widgets/tasks.py,TaskProgressView.complete,no-action,0.3.55,0.3.261,8,SURVIVED,609.2,,,,,,,
inspect_ai:0.3.134:_eval/eval.py:_eval_async_inner:ce73ece0b4dda7fe,inspect_ai,UKGovernmentBEIS/inspect_ai,held-out,_eval/eval.py,_eval_async_inner,,0.3.134,0.3.261,5,SURVIVED,337.2,,,,,,,
inspect_ai:0.3.29:_eval/list.py:parse_tasks:a7c72bcad2047f8e,inspect_ai,UKGovernmentBEIS/inspect_ai,held-out,_eval/list.py,parse_tasks,silent-fallback,0.3.29,0.3.261,9,SURVIVED,712.8,,,,,,,
inspect_ai:0.3.29:_eval/loader.py:code_has_decorator:17cf739b8d4003b7,inspect_ai,UKGovernmentBEIS/inspect_ai,held-out,_eval/loader.py,code_has_decorator,no-action,0.3.29,0.3.261,9,SURVIVED,712.8,,,,,,,
inspect_ai:0.3.82:_eval/loader.py:resolve_task_args:046c877bf22fdd82,inspect_ai,UKGovernmentBEIS/inspect_ai,held-out,_eval/loader.py,resolve_task_args,silent-fallback,0.3.82,0.3.261,7,SURVIVED,515.3,,,,,,,
inspect_ai:0.3.162:_eval/task/results.py:ScorerInfo.from_name:e9ccf3a2a39a87c5,inspect_ai,UKGovernmentBEIS/inspect_ai,held-out,_eval/task/results.py,ScorerInfo.from_name,silent-fallback,0.3.162,0.3.261,4,SURVIVED,224.1,,,,,,,
inspect_ai:0.3.82:_eval/task/results.py:is_metric_deprecated:722679b882c4918c,inspect_ai,UKGovernmentBEIS/inspect_ai,held-out,_eval/task/results.py,is_metric_deprecated,silent-fallback,0.3.82,0.3.261,7,SURVIVED,515.3,,,,,,,
inspect_ai:0.3.134:_eval/task/run.py:task_run:0cb27c9912df30ca,inspect_ai,UKGovernmentBEIS/inspect_ai,held-out,_eval/task/run.py,task_run,,0.3.134,0.3.261,5,SURVIVED,337.2,,,,,,,
inspect_ai:0.3.162:_eval/task/run.py:task_run_sample:2b621b700df81d5e,inspect_ai,UKGovernmentBEIS/inspect_ai,held-out,_eval/task/run.py,task_run_sample,,0.3.162,0.3.261,4,SURVIVED,224.1,,,,,,,
inspect_ai:0.3.134:_eval/task/sandbox.py:filesystem_for_file:d438655ef448c963,inspect_ai,UKGovernmentBEIS/inspect_ai,held-out,_eval/task/sandbox.py,filesystem_for_file,silent-fallback,0.3.134,0.3.261,5,SURVIVED,337.2,,,,,,,
inspect_ai:0.3.29:_eval/task/sandbox.py:read_sandboxenv_file:97cdd173b9448942,inspect_ai,UKGovernmentBEIS/inspect_ai,held-out,_eval/task/sandbox.py,read_sandboxenv_file,,0.3.29,0.3.261,9,SURVIVED,712.8,,,,,,,
inspect_ai:0.3.82:_util/_async.py:coro_print_exceptions:a51da73dc2042210,inspect_ai,UKGovernmentBEIS/inspect_ai,held-out,_util/_async.py,coro_print_exceptions,,0.3.82,0.3.261,7,SURVIVED,515.3,,,,,,,
inspect_ai:0.3.82:_util/_async.py:current_async_backend:d9e23b1b7ce29752,inspect_ai,UKGovernmentBEIS/inspect_ai,held-out,_util/_async.py,current_async_backend,silent-fallback,0.3.82,0.3.261,7,SURVIVED,515.3,,,,,,,
inspect_ai:0.3.162:_util/asyncfiles.py:AsyncFilesystem.read_file:502a68cf041fbfe6,inspect_ai,UKGovernmentBEIS/inspect_ai,held-out,_util/asyncfiles.py,AsyncFilesystem.read_file,,0.3.162,0.3.261,4,SURVIVED,224.1,,,,,,,
inspect_ai:0.3.162:_util/dateutil.py:is_file_older_than:7316e17a94a3a930,inspect_ai,UKGovernmentBEIS/inspect_ai,held-out,_util/dateutil.py,is_file_older_than,,0.3.162,0.3.261,4,SURVIVED,224.1,,,,,,,
inspect_ai:0.3.55:_util/decorator.py:parse_decorators:50135c4c779f0397,inspect_ai,UKGovernmentBEIS/inspect_ai,held-out,_util/decorator.py,parse_decorators,no-action,0.3.55,0.3.261,8,SURVIVED,609.2,,,,,,,
inspect_ai:0.3.2:_util/dotenv.py:dotenv_environ:d6717efd86cdff47,inspect_ai,UKGovernmentBEIS/inspect_ai,held-out,_util/dotenv.py,dotenv_environ,,0.3.2,0.3.261,10,SURVIVED,861.0,,,,,,,
inspect_ai:0.3.162:_util/file.py:FileSystem._determine_mtime:39647597d41703bb,inspect_ai,UKGovernmentBEIS/inspect_ai,held-out,_util/file.py,FileSystem._determine_mtime,no-action,0.3.162,0.3.261,4,SURVIVED,224.1,,,,,,,
inspect_ai:0.3.162:_util/file.py:FileSystem._determine_mtime:fabf25c20ebb6162,inspect_ai,UKGovernmentBEIS/inspect_ai,held-out,_util/file.py,FileSystem._determine_mtime,no-action,0.3.162,0.3.261,4,SURVIVED,224.1,,,,,,,
inspect_ai:0.3.162:_util/file.py:FileSystem.is_writeable:1d88d4a6c5e29640,inspect_ai,UKGovernmentBEIS/inspect_ai,held-out,_util/file.py,FileSystem.is_writeable,silent-fallback,0.3.162,0.3.261,4,SURVIVED,224.1,,,,,,,
inspect_ai:0.3.162:_util/file.py:FileSystem.is_writeable:94911414f48871e3,inspect_ai,UKGovernmentBEIS/inspect_ai,held-out,_util/file.py,FileSystem.is_writeable,silent-fallback,0.3.162,0.3.261,4,SURVIVED,224.1,,,,,,,
inspect_ai:0.3.55:_util/file.py:async_fileystem:c4bfd3e21427167a,inspect_ai,UKGovernmentBEIS/inspect_ai,held-out,_util/file.py,async_fileystem,,0.3.55,0.3.261,8,SURVIVED,609.2,,,,,,,
inspect_ai:0.3.2:_util/file.py:file:4367577539309646,inspect_ai,UKGovernmentBEIS/inspect_ai,held-out,_util/file.py,file,,0.3.2,0.3.261,10,SURVIVED,861.0,,,,,,,
inspect_ai:0.3.162:_util/json.py:json_changes:161d67764686893d,inspect_ai,UKGovernmentBEIS/inspect_ai,held-out,_util/json.py,json_changes,no-action,0.3.162,0.3.261,4,SURVIVED,224.1,,,,,,,
inspect_ai:0.3.162:_util/local_server.py:get_machine_ip:a8d7c5acd2459d65,inspect_ai,UKGovernmentBEIS/inspect_ai,held-out,_util/local_server.py,get_machine_ip,silent-fallback,0.3.162,0.3.261,4,SURVIVED,224.1,,,,,,,
inspect_ai:0.3.108:_util/local_server.py:kill_process_tree:6fba279f58f831cd,inspect_ai,UKGovernmentBEIS/inspect_ai,held-out,_util/local_server.py,kill_process_tree,no-action,0.3.108,0.3.261,6,SURVIVED,431.2,,,,,,,
inspect_ai:0.3.108:_util/local_server.py:reserve_port:78f106630acabb77,inspect_ai,UKGovernmentBEIS/inspect_ai,held-out,_util/local_server.py,reserve_port,,0.3.108,0.3.261,6,SURVIVED,431.2,,,,,,,
inspect_ai:0.3.2:_util/notebook.py:NotebookLoader.load_module:6cfe37bdad62f4b5,inspect_ai,UKGovernmentBEIS/inspect_ai,held-out,_util/notebook.py,NotebookLoader.load_module,,0.3.2,0.3.261,10,SURVIVED,861.0,,,,,,,
inspect_ai:0.3.29:_util/notebook.py:read_notebook_code:f82d50aa76deb352,inspect_ai,UKGovernmentBEIS/inspect_ai,held-out,_util/notebook.py,read_notebook_code,silent-fallback,0.3.29,0.3.261,9,SURVIVED,712.8,,,,,,,
inspect_ai:0.3.55:_util/package.py:get_installed_package_name:50e8cb55ea9befcd,inspect_ai,UKGovernmentBEIS/inspect_ai,held-out,_util/package.py,get_installed_package_name,silent-fallback,0.3.55,0.3.261,8,SURVIVED,609.2,,,,,,,
inspect_ai:0.3.134:_util/package.py:get_package_direct_url:c181aab491f89782,inspect_ai,UKGovernmentBEIS/inspect_ai,held-out,_util/package.py,get_package_direct_url,silent-fallback,0.3.134,0.3.261,5,SURVIVED,337.2,,,,,,,
inspect_ai:0.3.2:_util/path.py:add_to_path:f12e1e8f455f823f,inspect_ai,UKGovernmentBEIS/inspect_ai,held-out,_util/path.py,add_to_path,,0.3.2,0.3.261,10,SURVIVED,861.0,,,,,,,
inspect_ai:0.3.2:_util/platform.py:running_in_notebook:1cd3ad994eb22515,inspect_ai,UKGovernmentBEIS/inspect_ai,held-out,_util/platform.py,running_in_notebook,silent-fallback,0.3.2,0.3.261,10,SURVIVED,861.0,,,,,,,
inspect_ai:0.3.55:_util/terminal.py:_query:691d282932454ebf,inspect_ai,UKGovernmentBEIS/inspect_ai,held-out,_util/terminal.py,_query,,0.3.55,0.3.261,8,SURVIVED,609.2,,,,,,,
inspect_ai:0.3.162:_util/trace.py:rotate_trace_files:0c183c43b8ee0d0d,inspect_ai,UKGovernmentBEIS/inspect_ai,held-out,_util/trace.py,rotate_trace_files,no-action,0.3.162,0.3.261,4,SURVIVED,224.1,,,,,,,
inspect_ai:0.3.162:_util/working.py:sample_waiting_for:b182f46f13908684,inspect_ai,UKGovernmentBEIS/inspect_ai,held-out,_util/working.py,sample_waiting_for,,0.3.162,0.3.261,4,SURVIVED,224.1,,,,,,,
inspect_ai:0.3.162:_view/azure.py:azure_debug_exists:4481dfdbce781bb9,inspect_ai,UKGovernmentBEIS/inspect_ai,held-out,_view/azure.py,azure_debug_exists,,0.3.162,0.3.261,4,SURVIVED,224.1,,,,,,,
inspect_ai:0.3.162:_view/common.py:_walk_supports_detail:a0a618c8f013e0a6,inspect_ai,UKGovernmentBEIS/inspect_ai,held-out,_view/common.py,_walk_supports_detail,silent-fallback,0.3.162,0.3.261,4,SURVIVED,224.1,,,,,,,
inspect_ai:0.3.29:_view/view.py:view_acquire_port.release_lock_file:aa0ef2caf5e0881d,inspect_ai,UKGovernmentBEIS/inspect_ai,held-out,_view/view.py,view_acquire_port.release_lock_file,no-action,0.3.29,0.3.261,9,SURVIVED,712.8,,,,,,,
inspect_ai:0.3.134:agent/_bridge/bridge.py:agent_bridge:cd8d767fe261ee4e,inspect_ai,UKGovernmentBEIS/inspect_ai,held-out,agent/_bridge/bridge.py,agent_bridge,,0.3.134,0.3.261,5,SURVIVED,337.2,,,,,,,
inspect_ai:0.3.162:agent/_human/panel.py:HumanAgentPanel.update_state:d6ee506ceb7372ee,inspect_ai,UKGovernmentBEIS/inspect_ai,held-out,agent/_human/panel.py,HumanAgentPanel.update_state,no-action,0.3.162,0.3.261,4,SURVIVED,224.1,,,,,,,
inspect_ai:0.3.162:analysis/_dataframe/record.py:_coerce_from_str:38ee66e97f849a0d,inspect_ai,UKGovernmentBEIS/inspect_ai,held-out,analysis/_dataframe/record.py,_coerce_from_str,no-action,0.3.162,0.3.261,4,SURVIVED,224.1,,,,,,,
inspect_ai:0.3.108:analysis/beta/_dataframe/record.py:_coerce_from_str:02800791f69a5677,inspect_ai,UKGovernmentBEIS/inspect_ai,held-out,analysis/beta/_dataframe/record.py,_coerce_from_str,silent-fallback,0.3.108,0.3.261,6,SURVIVED,431.2,,,,,,,
inspect_ai:0.3.108:analysis/beta/_dataframe/record.py:_coerce_from_str:efb5e100a6ce28d1,inspect_ai,UKGovernmentBEIS/inspect_ai,held-out,analysis/beta/_dataframe/record.py,_coerce_from_str,silent-fallback,0.3.108,0.3.261,6,SURVIVED,431.2,,,,,,,
inspect_ai:0.3.108:analysis/beta/_dataframe/record.py:_try_constructor:a7181052229718ca,inspect_ai,UKGovernmentBEIS/inspect_ai,held-out,analysis/beta/_dataframe/record.py,_try_constructor,silent-fallback,0.3.108,0.3.261,6,SURVIVED,431.2,,,,,,,
inspect_ai:0.3.108:analysis/beta/_dataframe/util.py:verify_prerequisites:22399d9daef4c452,inspect_ai,UKGovernmentBEIS/inspect_ai,held-out,analysis/beta/_dataframe/util.py,verify_prerequisites,,0.3.108,0.3.261,6,SURVIVED,431.2,,,,,,,
inspect_ai:0.3.108:analysis/beta/_dataframe/util.py:verify_prerequisites:94b7420a27fa21e5,inspect_ai,UKGovernmentBEIS/inspect_ai,held-out,analysis/beta/_dataframe/util.py,verify_prerequisites,,0.3.108,0.3.261,6,SURVIVED,431.2,,,,,,,
inspect_ai:0.3.29:dataset/_sources/util.py:resolve_sample_files.resolve_file:2c0f61cb6fce3f2b,inspect_ai,UKGovernmentBEIS/inspect_ai,held-out,dataset/_sources/util.py,resolve_sample_files.resolve_file,,0.3.29,0.3.261,9,SURVIVED,712.8,,,,,,,
inspect_ai:0.3.162:log/_bundle.py:_check_hf_space_exists:2c48eaade24cdfd2,inspect_ai,UKGovernmentBEIS/inspect_ai,held-out,log/_bundle.py,_check_hf_space_exists,silent-fallback,0.3.162,0.3.261,4,SURVIVED,224.1,,,,,,,
inspect_ai:0.3.82:log/_recorders/buffer/buffer.py:sample_buffer:e3f33177014a8b8e,inspect_ai,UKGovernmentBEIS/inspect_ai,held-out,log/_recorders/buffer/buffer.py,sample_buffer,,0.3.82,0.3.261,7,SURVIVED,515.3,,,,,,,
inspect_ai:0.3.108:log/_recorders/buffer/database.py:SampleBufferDatabase.get_samples:5822c2b766457dcf,inspect_ai,UKGovernmentBEIS/inspect_ai,held-out,log/_recorders/buffer/database.py,SampleBufferDatabase.get_samples,silent-fallback,0.3.108,0.3.261,6,SURVIVED,431.2,,,,,,,
inspect_ai:0.3.134:log/_recorders/buffer/database.py:cleanup_sample_buffer_db:0e1e4d7506f722ec,inspect_ai,UKGovernmentBEIS/inspect_ai,held-out,log/_recorders/buffer/database.py,cleanup_sample_buffer_db,no-action,0.3.134,0.3.261,5,SURVIVED,337.2,,,,,,,
inspect_ai:0.3.82:log/_recorders/buffer/filestore.py:SampleBufferFilestore.get_samples:ad02938748a0e643,inspect_ai,UKGovernmentBEIS/inspect_ai,held-out,log/_recorders/buffer/filestore.py,SampleBufferFilestore.get_samples,silent-fallback,0.3.82,0.3.261,7,SURVIVED,515.3,,,,,,,
inspect_ai:0.3.82:log/_recorders/buffer/filestore.py:cleanup_sample_buffer_filestores:1846c8c590423daa,inspect_ai,UKGovernmentBEIS/inspect_ai,held-out,log/_recorders/buffer/filestore.py,cleanup_sample_buffer_filestores,silent-fallback,0.3.82,0.3.261,7,SURVIVED,515.3,,,,,,,
inspect_ai:0.3.82:log/_recorders/buffer/filestore.py:cleanup_sample_buffer_filestores:aa15cef2dbfae1e3,inspect_ai,UKGovernmentBEIS/inspect_ai,held-out,log/_recorders/buffer/filestore.py,cleanup_sample_buffer_filestores,no-action,0.3.82,0.3.261,7,SURVIVED,515.3,,,,,,,
inspect_ai:0.3.162:model/_cache.py:CachePolicy.from_string:fdb7f6481653d809,inspect_ai,UKGovernmentBEIS/inspect_ai,held-out,model/_cache.py,CachePolicy.from_string,silent-fallback,0.3.162,0.3.261,4,SURVIVED,224.1,,,,,,,
inspect_ai:0.3.55:model/_cache.py:cache_fetch:52fb4962a584aa07,inspect_ai,UKGovernmentBEIS/inspect_ai,held-out,model/_cache.py,cache_fetch,silent-fallback,0.3.55,0.3.261,8,SURVIVED,609.2,,,,,,,
inspect_ai:0.3.55:model/_cache.py:cache_list_expired:35b001bd0165b57c,inspect_ai,UKGovernmentBEIS/inspect_ai,held-out,model/_cache.py,cache_list_expired,,0.3.55,0.3.261,8,SURVIVED,609.2,,,,,,,
inspect_ai:0.3.55:model/_cache.py:cache_prune:8effa08ec8d44157,inspect_ai,UKGovernmentBEIS/inspect_ai,held-out,model/_cache.py,cache_prune,,0.3.55,0.3.261,8,SURVIVED,609.2,,,,,,,
inspect_ai:0.3.55:model/_cache.py:cache_store:c2cc736f1355004b,inspect_ai,UKGovernmentBEIS/inspect_ai,held-out,model/_cache.py,cache_store,silent-fallback,0.3.55,0.3.261,8,SURVIVED,609.2,,,,,,,
inspect_ai:0.3.162:model/_model_data/sync_models.py:fetch_together_models:7cd9bcc1ae67b03d,inspect_ai,UKGovernmentBEIS/inspect_ai,held-out,model/_model_data/sync_models.py,fetch_together_models,,0.3.162,0.3.261,4,SURVIVED,224.1,,,,,,,
inspect_ai:0.3.134:model/_providers/_together_batch.py:TogetherBatcher._upload_batch_file:c92989f2d671b9aa,inspect_ai,UKGovernmentBEIS/inspect_ai,held-out,model/_providers/_together_batch.py,TogetherBatcher._upload_batch_file,,0.3.134,0.3.261,5,SURVIVED,337.2,,,,,,,
inspect_ai:0.3.134:model/_providers/anthropic.py:message_block_params:4b55c64c15dbbc5b,inspect_ai,UKGovernmentBEIS/inspect_ai,held-out,model/_providers/anthropic.py,message_block_params,,0.3.134,0.3.261,5,SURVIVED,337.2,,,,,,,
inspect_ai:0.3.134:model/_providers/anthropic.py:message_block_params:de1d7ec2e4f76935,inspect_ai,UKGovernmentBEIS/inspect_ai,held-out,model/_providers/anthropic.py,message_block_params,,0.3.134,0.3.261,5,SURVIVED,337.2,,,,,,,
inspect_ai:0.3.108:model/_providers/google.py:file_for_content:3a56bc6c695fc816,inspect_ai,UKGovernmentBEIS/inspect_ai,held-out,model/_providers/google.py,file_for_content,,0.3.108,0.3.261,6,SURVIVED,431.2,,,,,,,
inspect_ai:0.3.82:model/_providers/hf.py:batched_generate:95f15b6e6fe07fc8,inspect_ai,UKGovernmentBEIS/inspect_ai,held-out,model/_providers/hf.py,batched_generate,no-action,0.3.82,0.3.261,7,SURVIVED,515.3,,,,,,,
inspect_ai:0.3.134:model/_providers/hf.py:process_batches:87db1dbe5a7143e3,inspect_ai,UKGovernmentBEIS/inspect_ai,held-out,model/_providers/hf.py,process_batches,,0.3.134,0.3.261,5,SURVIVED,337.2,,,,,,,
inspect_ai:0.3.82:model/_providers/hf.py:process_batches:c5e1d31696bef49a,inspect_ai,UKGovernmentBEIS/inspect_ai,held-out,model/_providers/hf.py,process_batches,,0.3.82,0.3.261,7,SURVIVED,515.3,,,,,,,
inspect_ai:0.3.162:model/_providers/openai_responses.py:_fix_function_tool_parameters:108332781f209aa8,inspect_ai,UKGovernmentBEIS/inspect_ai,held-out,model/_providers/openai_responses.py,_fix_function_tool_parameters,no-action,0.3.162,0.3.261,4,SURVIVED,224.1,,,,,,,
inspect_ai:0.3.162:model/_providers/sglang.py:SGLangAPI.__init__:6fa3999051057bce,inspect_ai,UKGovernmentBEIS/inspect_ai,held-out,model/_providers/sglang.py,SGLangAPI.__init__,silent-fallback,0.3.162,0.3.261,4,SURVIVED,224.1,,,,,,,
inspect_ai:0.3.134:model/_providers/util/batch.py:Batcher._fail_all_requests:f9ec812084f9f383,inspect_ai,UKGovernmentBEIS/inspect_ai,held-out,model/_providers/util/batch.py,Batcher._fail_all_requests,no-action,0.3.134,0.3.261,5,SURVIVED,337.2,,,,,,,
inspect_ai:0.3.134:model/_providers/util/batch.py:Batcher._resolve_inflight_batch:70238df87d4156a9,inspect_ai,UKGovernmentBEIS/inspect_ai,held-out,model/_providers/util/batch.py,Batcher._resolve_inflight_batch,,0.3.134,0.3.261,5,SURVIVED,337.2,,,,,,,
inspect_ai:0.3.134:model/_providers/util/batch.py:Batcher._wrapped_check_batch:e1ae4cd5c82cc8ae,inspect_ai,UKGovernmentBEIS/inspect_ai,held-out,model/_providers/util/batch.py,Batcher._wrapped_check_batch,silent-fallback,0.3.134,0.3.261,5,SURVIVED,337.2,,,,,,,
inspect_ai:0.3.134:model/_providers/util/batch.py:Batcher._wrapped_handle_batch_result:9f99fe86c4318eb9,inspect_ai,UKGovernmentBEIS/inspect_ai,held-out,model/_providers/util/batch.py,Batcher._wrapped_handle_batch_result,,0.3.134,0.3.261,5,SURVIVED,337.2,,,,,,,
inspect_ai:0.3.29:model/_providers/util/util.py:parse_tool_call:4d28fbf8b7092433,inspect_ai,UKGovernmentBEIS/inspect_ai,held-out,model/_providers/util/util.py,parse_tool_call,,0.3.29,0.3.261,9,SURVIVED,712.8,,,,,,,
inspect_ai:0.3.134:scorer/_unicode.py:_char_to_ascii_digit:7d40e0fa97b8c8ad,inspect_ai,UKGovernmentBEIS/inspect_ai,held-out,scorer/_unicode.py,_char_to_ascii_digit,no-action,0.3.134,0.3.261,5,SURVIVED,337.2,,,,,,,
inspect_ai:0.3.134:scorer/_unicode.py:_char_to_ascii_digit:b42b034fcbf88c18,inspect_ai,UKGovernmentBEIS/inspect_ai,held-out,scorer/_unicode.py,_char_to_ascii_digit,no-action,0.3.134,0.3.261,5,SURVIVED,337.2,,,,,,,
inspect_ai:0.3.134:scorer/_unicode.py:_fraction_char_value:d956a96f07e6e93c,inspect_ai,UKGovernmentBEIS/inspect_ai,held-out,scorer/_unicode.py,_fraction_char_value,silent-fallback,0.3.134,0.3.261,5,SURVIVED,337.2,,,,,,,
inspect_ai:0.3.134:scorer/_unicode.py:_parse_generic_unicode_digits:7a355a13caa23ccf,inspect_ai,UKGovernmentBEIS/inspect_ai,held-out,scorer/_unicode.py,_parse_generic_unicode_digits,silent-fallback,0.3.134,0.3.261,5,SURVIVED,337.2,,,,,,,
inspect_ai:0.3.134:scorer/_unicode.py:_try_single_char_numeric:60fbe422207b4c70,inspect_ai,UKGovernmentBEIS/inspect_ai,held-out,scorer/_unicode.py,_try_single_char_numeric,silent-fallback,0.3.134,0.3.261,5,SURVIVED,337.2,,,,,,,
inspect_ai:0.3.82:solver/_human_agent/commands/note.py:NoteCommand.cli:3ddf02045343a08d,inspect_ai,UKGovernmentBEIS/inspect_ai,held-out,solver/_human_agent/commands/note.py,NoteCommand.cli,no-action,0.3.82,0.3.261,7,SURVIVED,515.3,,,,,,,
inspect_ai:0.3.134:tool/_sandbox_tools_utils/build_within_container.py:read_version:58343c6703e14d4e,inspect_ai,UKGovernmentBEIS/inspect_ai,held-out,tool/_sandbox_tools_utils/build_within_container.py,read_version,,0.3.134,0.3.261,5,SURVIVED,337.2,,,,,,,
inspect_ai:0.3.134:util/_sandbox/context.py:_is_file_readable:96902318bde8860b,inspect_ai,UKGovernmentBEIS/inspect_ai,held-out,util/_sandbox/context.py,_is_file_readable,silent-fallback,0.3.134,0.3.261,5,SURVIVED,337.2,,,,,,,
inspect_ai:0.3.55:util/_sandbox/context.py:sandbox_connections:0d315e0a4acbcba2,inspect_ai,UKGovernmentBEIS/inspect_ai,held-out,util/_sandbox/context.py,sandbox_connections,no-action,0.3.55,0.3.261,8,SURVIVED,609.2,,,,,,,
inspect_ai:0.3.108:util/_sandbox/context.py:sandbox_default:f12e1e8f455f823f,inspect_ai,UKGovernmentBEIS/inspect_ai,held-out,util/_sandbox/context.py,sandbox_default,,0.3.108,0.3.261,6,SURVIVED,431.2,,,,,,,
inspect_ai:0.3.82:util/_sandbox/docker/docker.py:get_ports_info:756de0dbeb7b8efd,inspect_ai,UKGovernmentBEIS/inspect_ai,held-out,util/_sandbox/docker/docker.py,get_ports_info,silent-fallback,0.3.82,0.3.261,7,SURVIVED,515.3,,,,,,,
inspect_ai:0.3.82:util/_sandbox/environment.py:deserialize_sandbox_specific_config:55f64395e77294ee,inspect_ai,UKGovernmentBEIS/inspect_ai,held-out,util/_sandbox/environment.py,deserialize_sandbox_specific_config,,0.3.82,0.3.261,7,SURVIVED,515.3,,,,,,,
inspect_ai:0.3.82:util/_sandbox/events.py:SandboxEnvironmentProxy.no_events:f12e1e8f455f823f,inspect_ai,UKGovernmentBEIS/inspect_ai,held-out,util/_sandbox/events.py,SandboxEnvironmentProxy.no_events,,0.3.82,0.3.261,7,SURVIVED,515.3,,,,,,,
inspect_ai:0.3.82:util/_sandbox/self_check.py:test_exec_as_user:fe8ac542b95b3429,inspect_ai,UKGovernmentBEIS/inspect_ai,held-out,util/_sandbox/self_check.py,test_exec_as_user,,0.3.82,0.3.261,7,SURVIVED,515.3,,,,,,,
inspect_ai:0.3.134:util/_store_model.py:StoreModel._coerce_value:c6a03b4ee79927b8,inspect_ai,UKGovernmentBEIS/inspect_ai,held-out,util/_store_model.py,StoreModel._coerce_value,,0.3.134,0.3.261,5,SURVIVED,337.2,,,,,,,
inspect_ai:0.3.108:util/_subprocess.py:drain_stream:f301d725553245c4,inspect_ai,UKGovernmentBEIS/inspect_ai,held-out,util/_subprocess.py,drain_stream,no-action,0.3.108,0.3.261,6,SURVIVED,431.2,,,,,,,
inspect_ai:0.3.235:_cli/acp.py:_run_stdio_bridge:02a9d1e495cb076d,inspect_ai,UKGovernmentBEIS/inspect_ai,held-out,_cli/acp.py,_run_stdio_bridge,,0.3.235,0.3.261,2,TOO_YOUNG,,,,,,,,
inspect_ai:0.3.235:_cli/acp.py:_run_stdio_bridge:4ee3996399e39377,inspect_ai,UKGovernmentBEIS/inspect_ai,held-out,_cli/acp.py,_run_stdio_bridge,,0.3.235,0.3.261,2,TOO_YOUNG,,,,,,,,
inspect_ai:0.3.235:_cli/acp.py:_run_stdio_bridge:e9fc2e2a3188b510,inspect_ai,UKGovernmentBEIS/inspect_ai,held-out,_cli/acp.py,_run_stdio_bridge,,0.3.235,0.3.261,2,TOO_YOUNG,,,,,,,,
inspect_ai:0.3.235:_cli/acp.py:_run_stdio_bridge:f38346b287929352,inspect_ai,UKGovernmentBEIS/inspect_ai,held-out,_cli/acp.py,_run_stdio_bridge,,0.3.235,0.3.261,2,TOO_YOUNG,,,,,,,,
inspect_ai:0.3.235:_cli/acp.py:acp_command:a58cd0486187c5e9,inspect_ai,UKGovernmentBEIS/inspect_ai,held-out,_cli/acp.py,acp_command,,0.3.235,0.3.261,2,TOO_YOUNG,,,,,,,,
inspect_ai:0.3.261:_cli/ctl/_config.py:_default_provenance_author:a3a322d75ff7a644,inspect_ai,UKGovernmentBEIS/inspect_ai,held-out,_cli/ctl/_config.py,_default_provenance_author,,0.3.261,0.3.261,1,TOO_YOUNG,,,,,,,,
inspect_ai:0.3.261:_cli/ctl/_config.py:_default_provenance_author.git_config:bc5f31f0cb918721,inspect_ai,UKGovernmentBEIS/inspect_ai,held-out,_cli/ctl/_config.py,_default_provenance_author.git_config,silent-fallback,0.3.261,0.3.261,1,TOO_YOUNG,,,,,,,,
inspect_ai:0.3.261:_cli/ctl/_fetch.py:_read_task_rows:3fa95f257535d5a4,inspect_ai,UKGovernmentBEIS/inspect_ai,held-out,_cli/ctl/_fetch.py,_read_task_rows,,0.3.261,0.3.261,1,TOO_YOUNG,,,,,,,,
inspect_ai:0.3.261:_cli/ctl/_group.py:_IntOrClearType.convert:0fe5c3ef31f7acef,inspect_ai,UKGovernmentBEIS/inspect_ai,held-out,_cli/ctl/_group.py,_IntOrClearType.convert,,0.3.261,0.3.261,1,TOO_YOUNG,,,,,,,,
inspect_ai:0.3.261:_cli/ctl/_group.py:_use_terse:0ce2cd170f7c36fb,inspect_ai,UKGovernmentBEIS/inspect_ai,held-out,_cli/ctl/_group.py,_use_terse,silent-fallback,0.3.261,0.3.261,1,TOO_YOUNG,,,,,,,,
inspect_ai:0.3.261:_cli/ctl/_http.py:_error_body:a8db5aa6c3d802c5,inspect_ai,UKGovernmentBEIS/inspect_ai,held-out,_cli/ctl/_http.py,_error_body,silent-fallback,0.3.261,0.3.261,1,TOO_YOUNG,,,,,,,,
inspect_ai:0.3.261:_cli/ctl/_http.py:_handler_404:a8db5aa6c3d802c5,inspect_ai,UKGovernmentBEIS/inspect_ai,held-out,_cli/ctl/_http.py,_handler_404,silent-fallback,0.3.261,0.3.261,1,TOO_YOUNG,,,,,,,,
inspect_ai:0.3.261:_cli/ctl/_http.py:_rejection_503:a8db5aa6c3d802c5,inspect_ai,UKGovernmentBEIS/inspect_ai,held-out,_cli/ctl/_http.py,_rejection_503,silent-fallback,0.3.261,0.3.261,1,TOO_YOUNG,,,,,,,,
inspect_ai:0.3.261:_cli/ctl/_render.py:_format_started:1eb981d074f1cd5d,inspect_ai,UKGovernmentBEIS/inspect_ai,held-out,_cli/ctl/_render.py,_format_started,silent-fallback,0.3.261,0.3.261,1,TOO_YOUNG,,,,,,,,
inspect_ai:0.3.261:_cli/ctl/_sample_read.py:_fetch_sample_row_from_listing:ff028db17ddf733c,inspect_ai,UKGovernmentBEIS/inspect_ai,held-out,_cli/ctl/_sample_read.py,_fetch_sample_row_from_listing,silent-fallback,0.3.261,0.3.261,1,TOO_YOUNG,,,,,,,,
inspect_ai:0.3.261:_cli/ctl/_sample_read.py:_looks_like_timestamp:a8795dbae278ac85,inspect_ai,UKGovernmentBEIS/inspect_ai,held-out,_cli/ctl/_sample_read.py,_looks_like_timestamp,silent-fallback,0.3.261,0.3.261,1,TOO_YOUNG,,,,,,,,
inspect_ai:0.3.261:_cli/ctl/_sample_read.py:_read_all_eval_samples.read:509b237c70725cb7,inspect_ai,UKGovernmentBEIS/inspect_ai,held-out,_cli/ctl/_sample_read.py,_read_all_eval_samples.read,,0.3.261,0.3.261,1,TOO_YOUNG,,,,,,,,
inspect_ai:0.3.261:_cli/detach.py:_handoff_record:68b3b1f62426e6f5,inspect_ai,UKGovernmentBEIS/inspect_ai,held-out,_cli/detach.py,_handoff_record,silent-fallback,0.3.261,0.3.261,1,TOO_YOUNG,,,,,,,,
inspect_ai:0.3.261:_cli/detach.py:exec_detached:5a79726b737be9fa,inspect_ai,UKGovernmentBEIS/inspect_ai,held-out,_cli/detach.py,exec_detached,,0.3.261,0.3.261,1,TOO_YOUNG,,,,,,,,
inspect_ai:0.3.261:_cli/eval.py:_eval_exec_json:f44e22b5a8793297,inspect_ai,UKGovernmentBEIS/inspect_ai,held-out,_cli/eval.py,_eval_exec_json,,0.3.261,0.3.261,1,TOO_YOUNG,,,,,,,,
inspect_ai:0.3.261:_cli/eval.py:_stdout_owned_for_json:442d5f09d8630bc6,inspect_ai,UKGovernmentBEIS/inspect_ai,held-out,_cli/eval.py,_stdout_owned_for_json,,0.3.261,0.3.261,1,TOO_YOUNG,,,,,,,,
inspect_ai:0.3.261:_cli/eval.py:_stdout_owned_for_json:6dd452145352b503,inspect_ai,UKGovernmentBEIS/inspect_ai,held-out,_cli/eval.py,_stdout_owned_for_json,silent-fallback,0.3.261,0.3.261,1,TOO_YOUNG,,,,,,,,
inspect_ai:0.3.235:_cli/util.py:int_bool_or_str_retry_flag_callback.callback:d9e511fb8d7da777,inspect_ai,UKGovernmentBEIS/inspect_ai,held-out,_cli/util.py,int_bool_or_str_retry_flag_callback.callback,,0.3.235,0.3.261,2,TOO_YOUNG,,,,,,,,
inspect_ai:0.3.261:_cli/util.py:parse_model_spec_cli_args:d5bd343ececeb0d6,inspect_ai,UKGovernmentBEIS/inspect_ai,held-out,_cli/util.py,parse_model_spec_cli_args,silent-fallback,0.3.261,0.3.261,1,TOO_YOUNG,,,,,,,,
inspect_ai:0.3.261:_control/config_record.py:_resolve_author:a3a322d75ff7a644,inspect_ai,UKGovernmentBEIS/inspect_ai,held-out,_control/config_record.py,_resolve_author,,0.3.261,0.3.261,1,TOO_YOUNG,,,,,,,,
inspect_ai:0.3.261:_control/discovery.py:list_discovered_servers:14b3fc2e97ddf17b,inspect_ai,UKGovernmentBEIS/inspect_ai,held-out,_control/discovery.py,list_discovered_servers,silent-fallback,0.3.261,0.3.261,1,TOO_YOUNG,,,,,,,,
inspect_ai:0.3.261:_control/discovery.py:list_discovered_servers:78a4b1e8dce0cad0,inspect_ai,UKGovernmentBEIS/inspect_ai,held-out,_control/discovery.py,list_discovered_servers,,0.3.261,0.3.261,1,TOO_YOUNG,,,,,,,,
inspect_ai:0.3.261:_control/discovery.py:list_discovered_servers:d364e27bca5ab4dc,inspect_ai,UKGovernmentBEIS/inspect_ai,held-out,_control/discovery.py,list_discovered_servers,silent-fallback,0.3.261,0.3.261,1,TOO_YOUNG,,,,,,,,
inspect_ai:0.3.261:_control/events.py:_to_text:a3f605c390e391a0,inspect_ai,UKGovernmentBEIS/inspect_ai,held-out,_control/events.py,_to_text,,0.3.261,0.3.261,1,TOO_YOUNG,,,,,,,,
inspect_ai:0.3.261:_control/events.py:decode_cursor:2bb2c0da6eefc9ed,inspect_ai,UKGovernmentBEIS/inspect_ai,held-out,_control/events.py,decode_cursor,,0.3.261,0.3.261,1,TOO_YOUNG,,,,,,,,
inspect_ai:0.3.261:_control/max_tasks.py:remove_task_dispatcher:dd1ac66a23543043,inspect_ai,UKGovernmentBEIS/inspect_ai,held-out,_control/max_tasks.py,remove_task_dispatcher,no-action,0.3.261,0.3.261,1,TOO_YOUNG,,,,,,,,
inspect_ai:0.3.261:_control/pause.py:discard_park_waiter:a080be0366aff9a8,inspect_ai,UKGovernmentBEIS/inspect_ai,held-out,_control/pause.py,discard_park_waiter,no-action,0.3.261,0.3.261,1,TOO_YOUNG,,,,,,,,
inspect_ai:0.3.261:_control/pause.py:remove_dispatch_waker:7ada6e16d570f297,inspect_ai,UKGovernmentBEIS/inspect_ai,held-out,_control/pause.py,remove_dispatch_waker,no-action,0.3.261,0.3.261,1,TOO_YOUNG,,,,,,,,
inspect_ai:0.3.261:_control/pause.py:wait_generate_dispatch:6f6d0b7033a0bf92,inspect_ai,UKGovernmentBEIS/inspect_ai,held-out,_control/pause.py,wait_generate_dispatch,,0.3.261,0.3.261,1,TOO_YOUNG,,,,,,,,
inspect_ai:0.3.261:_control/pause.py:wait_generate_dispatch:ed12c0f64421cd61,inspect_ai,UKGovernmentBEIS/inspect_ai,held-out,_control/pause.py,wait_generate_dispatch,,0.3.261,0.3.261,1,TOO_YOUNG,,,,,,,,
inspect_ai:0.3.261:_control/scoring.py:_score_held_sample:32ab48abf726b3b1,inspect_ai,UKGovernmentBEIS/inspect_ai,held-out,_control/scoring.py,_score_held_sample,,0.3.261,0.3.261,1,TOO_YOUNG,,,,,,,,
inspect_ai:0.3.261:_control/scoring.py:_score_held_sample:7f4f00d8a5d8a584,inspect_ai,UKGovernmentBEIS/inspect_ai,held-out,_control/scoring.py,_score_held_sample,,0.3.261,0.3.261,1,TOO_YOUNG,,,,,,,,
inspect_ai:0.3.261:_control/scoring.py:_score_held_sample.run_scorers:16ea224bc3d30b6a,inspect_ai,UKGovernmentBEIS/inspect_ai,held-out,_control/scoring.py,_score_held_sample.run_scorers,,0.3.261,0.3.261,1,TOO_YOUNG,,,,,,,,
inspect_ai:0.3.261:_control/server.py:ControlServer._build_app._parse_override_knobs:8255e758e44c44f3,inspect_ai,UKGovernmentBEIS/inspect_ai,held-out,_control/server.py,ControlServer._build_app._parse_override_knobs,,0.3.261,0.3.261,1,TOO_YOUNG,,,,,,,,
inspect_ai:0.3.261:_control/server.py:ControlServer._build_app.patch_limits:5fdfbd3bc22a9b3a,inspect_ai,UKGovernmentBEIS/inspect_ai,held-out,_control/server.py,ControlServer._build_app.patch_limits,,0.3.261,0.3.261,1,TOO_YOUNG,,,,,,,,
inspect_ai:0.3.261:_control/server.py:ControlServer._build_app.patch_process_limits:0f17c3f0099d3ac7,inspect_ai,UKGovernmentBEIS/inspect_ai,held-out,_control/server.py,ControlServer._build_app.patch_process_limits,,0.3.261,0.3.261,1,TOO_YOUNG,,,,,,,,
inspect_ai:0.3.261:_control/server.py:ControlServer._unlink_socket:296b58b365d219a9,inspect_ai,UKGovernmentBEIS/inspect_ai,held-out,_control/server.py,ControlServer._unlink_socket,no-action,0.3.261,0.3.261,1,TOO_YOUNG,,,,,,,,
inspect_ai:0.3.261:_control/server.py:ControlServer.stop:80440a48460d32d9,inspect_ai,UKGovernmentBEIS/inspect_ai,held-out,_control/server.py,ControlServer.stop,no-action,0.3.261,0.3.261,1,TOO_YOUNG,,,,,,,,
inspect_ai:0.3.261:_control/server.py:ControlServer.stop:89e6bc20c64e0d01,inspect_ai,UKGovernmentBEIS/inspect_ai,held-out,_control/server.py,ControlServer.stop,no-action,0.3.261,0.3.261,1,TOO_YOUNG,,,,,,,,
inspect_ai:0.3.261:_control/server.py:ControlServer.stop:e2f4443c1dc6d060,inspect_ai,UKGovernmentBEIS/inspect_ai,held-out,_control/server.py,ControlServer.stop,no-action,0.3.261,0.3.261,1,TOO_YOUNG,,,,,,,,
inspect_ai:0.3.261:_control/server.py:control_server:42511ba18f3f8a12,inspect_ai,UKGovernmentBEIS/inspect_ai,held-out,_control/server.py,control_server,,0.3.261,0.3.261,1,TOO_YOUNG,,,,,,,,
inspect_ai:0.3.261:_control/state.py:_iso_to_timestamp:547d3c334de7aa4e,inspect_ai,UKGovernmentBEIS/inspect_ai,held-out,_control/state.py,_iso_to_timestamp,silent-fallback,0.3.261,0.3.261,1,TOO_YOUNG,,,,,,,,
inspect_ai:0.3.261:_control/state.py:_read_full_sample:907650062c1bcab7,inspect_ai,UKGovernmentBEIS/inspect_ai,held-out,_control/state.py,_read_full_sample,silent-fallback,0.3.261,0.3.261,1,TOO_YOUNG,,,,,,,,
inspect_ai:0.3.261:_control/state.py:completed_eval_sample_summaries:f4a1623ed3f26a80,inspect_ai,UKGovernmentBEIS/inspect_ai,held-out,_control/state.py,completed_eval_sample_summaries,silent-fallback,0.3.261,0.3.261,1,TOO_YOUNG,,,,,,,,
inspect_ai:0.3.235:_display/core/rich.py:_positive_int_env:3811c4a2005ea208,inspect_ai,UKGovernmentBEIS/inspect_ai,held-out,_display/core/rich.py,_positive_int_env,silent-fallback,0.3.235,0.3.261,2,TOO_YOUNG,,,,,,,,
inspect_ai:0.3.235:_display/textual/app.py:TaskScreenApp.update_display:0526c15df32dddbd,inspect_ai,UKGovernmentBEIS/inspect_ai,held-out,_display/textual/app.py,TaskScreenApp.update_display,no-action,0.3.235,0.3.261,2,TOO_YOUNG,,,,,,,,
inspect_ai:0.3.235:_display/textual/widgets/samples.py:SampleInfo.on_button_pressed:72759eada6e2a1e8,inspect_ai,UKGovernmentBEIS/inspect_ai,held-out,_display/textual/widgets/samples.py,SampleInfo.on_button_pressed,silent-fallback,0.3.235,0.3.261,2,TOO_YOUNG,,,,,,,,
inspect_ai:0.3.235:_display/textual/widgets/samples.py:SampleInfo.sync_sample:acd56609c2f4671c,inspect_ai,UKGovernmentBEIS/inspect_ai,held-out,_display/textual/widgets/samples.py,SampleInfo.sync_sample,silent-fallback,0.3.235,0.3.261,2,TOO_YOUNG,,,,,,,,
inspect_ai:0.3.235:_display/textual/widgets/samples.py:SampleToolbar._set_prompt_mode_class:a9bd53d50bdac3da,inspect_ai,UKGovernmentBEIS/inspect_ai,held-out,_display/textual/widgets/samples.py,SampleToolbar._set_prompt_mode_class,silent-fallback,0.3.235,0.3.261,2,TOO_YOUNG,,,,,,,,
inspect_ai:0.3.235:_display/textual/widgets/samples.py:SampleToolbar._sync_interrupt_subscriptions:0325596214649ade,inspect_ai,UKGovernmentBEIS/inspect_ai,held-out,_display/textual/widgets/samples.py,SampleToolbar._sync_interrupt_subscriptions,no-action,0.3.235,0.3.261,2,TOO_YOUNG,,,,,,,,
inspect_ai:0.3.235:_display/textual/widgets/samples.py:SampleToolbar._sync_interrupt_subscriptions:15fd7386cb7ee7e0,inspect_ai,UKGovernmentBEIS/inspect_ai,held-out,_display/textual/widgets/samples.py,SampleToolbar._sync_interrupt_subscriptions,no-action,0.3.235,0.3.261,2,TOO_YOUNG,,,,,,,,
inspect_ai:0.3.235:_display/textual/widgets/samples.py:SampleToolbar._sync_interrupt_subscriptions:845df4637e71f369,inspect_ai,UKGovernmentBEIS/inspect_ai,held-out,_display/textual/widgets/samples.py,SampleToolbar._sync_interrupt_subscriptions,no-action,0.3.235,0.3.261,2,TOO_YOUNG,,,,,,,,
inspect_ai:0.3.235:_display/textual/widgets/samples.py:SampleToolbar._sync_interrupt_subscriptions._on_interrupted:845df4637e71f369,inspect_ai,UKGovernmentBEIS/inspect_ai,held-out,_display/textual/widgets/samples.py,SampleToolbar._sync_interrupt_subscriptions._on_interrupted,no-action,0.3.235,0.3.261,2,TOO_YOUNG,,,,,,,,
inspect_ai:0.3.235:_display/textual/widgets/samples.py:SampleToolbar._sync_interrupt_subscriptions._on_resolved:3b459dadaef1f2f4,inspect_ai,UKGovernmentBEIS/inspect_ai,held-out,_display/textual/widgets/samples.py,SampleToolbar._sync_interrupt_subscriptions._on_resolved,no-action,0.3.235,0.3.261,2,TOO_YOUNG,,,,,,,,
inspect_ai:0.3.209:_display/textual/widgets/tasks.py:RetryCheckbox._make_label:dbc7f2e742ea78d6,inspect_ai,UKGovernmentBEIS/inspect_ai,held-out,_display/textual/widgets/tasks.py,RetryCheckbox._make_label,,0.3.209,0.3.261,3,TOO_YOUNG,,,,,,,,
inspect_ai:0.3.235:_display/textual/widgets/tasks.py:TaskProgressView.update_agent_width:6381133037cd1814,inspect_ai,UKGovernmentBEIS/inspect_ai,held-out,_display/textual/widgets/tasks.py,TaskProgressView.update_agent_width,no-action,0.3.235,0.3.261,2,TOO_YOUNG,,,,,,,,
inspect_ai:0.3.235:_display/textual/widgets/tasks.py:TaskProgressView.update_description_width:87d559d93a551b6e,inspect_ai,UKGovernmentBEIS/inspect_ai,held-out,_display/textual/widgets/tasks.py,TaskProgressView.update_description_width,no-action,0.3.235,0.3.261,2,TOO_YOUNG,,,,,,,,
inspect_ai:0.3.235:_display/textual/widgets/tasks.py:TaskProgressView.update_model_width:1ce8deeb47f81982,inspect_ai,UKGovernmentBEIS/inspect_ai,held-out,_display/textual/widgets/tasks.py,TaskProgressView.update_model_width,no-action,0.3.235,0.3.261,2,TOO_YOUNG,,,,,,,,
inspect_ai:0.3.261:_eval/eval.py:eval_async.run:ebd79f1e9d272731,inspect_ai,UKGovernmentBEIS/inspect_ai,held-out,_eval/eval.py,eval_async.run,,0.3.261,0.3.261,1,TOO_YOUNG,,,,,,,,
inspect_ai:0.3.209:_eval/eval.py:eval_retry_async:bc433898b4bb8b1c,inspect_ai,UKGovernmentBEIS/inspect_ai,held-out,_eval/eval.py,eval_retry_async,no-action,0.3.209,0.3.261,3,TOO_YOUNG,,,,,,,,
inspect_ai:0.3.209:_eval/eval.py:eval_retry_async:ec801de15243d6b4,inspect_ai,UKGovernmentBEIS/inspect_ai,held-out,_eval/eval.py,eval_retry_async,no-action,0.3.209,0.3.261,3,TOO_YOUNG,,,,,,,,
inspect_ai:0.3.261:_eval/eval_set_pruning.py:_Pruner._load:763bf01b09ed8d32,inspect_ai,UKGovernmentBEIS/inspect_ai,held-out,_eval/eval_set_pruning.py,_Pruner._load,,0.3.261,0.3.261,1,TOO_YOUNG,,,,,,,,
inspect_ai:0.3.261:_eval/eval_set_pruning.py:_args_hash_of_call:aeb0330e608e36e1,inspect_ai,UKGovernmentBEIS/inspect_ai,held-out,_eval/eval_set_pruning.py,_args_hash_of_call,silent-fallback,0.3.261,0.3.261,1,TOO_YOUNG,,,,,,,,
inspect_ai:0.3.261:_eval/eval_set_pruning.py:task_construction:f12e1e8f455f823f,inspect_ai,UKGovernmentBEIS/inspect_ai,held-out,_eval/eval_set_pruning.py,task_construction,,0.3.261,0.3.261,1,TOO_YOUNG,,,,,,,,
inspect_ai:0.3.261:_eval/eval_set_selection.py:_document_version:c0221f098d80c371,inspect_ai,UKGovernmentBEIS/inspect_ai,held-out,_eval/eval_set_selection.py,_document_version,silent-fallback,0.3.261,0.3.261,1,TOO_YOUNG,,,,,,,,
inspect_ai:0.3.209:_eval/evalset.py:_embed_viewer:f12e1e8f455f823f,inspect_ai,UKGovernmentBEIS/inspect_ai,held-out,_eval/evalset.py,_embed_viewer,,0.3.209,0.3.261,3,TOO_YOUNG,,,,,,,,
inspect_ai:0.3.209:_eval/evalset.py:_embed_viewer.update_listing:001cd180ee9974c3,inspect_ai,UKGovernmentBEIS/inspect_ai,held-out,_eval/evalset.py,_embed_viewer.update_listing,no-action,0.3.209,0.3.261,3,TOO_YOUNG,,,,,,,,
inspect_ai:0.3.261:_eval/evalset.py:_register_reused_logs:e5050c763360f348,inspect_ai,UKGovernmentBEIS/inspect_ai,held-out,_eval/evalset.py,_register_reused_logs,silent-fallback,0.3.261,0.3.261,1,TOO_YOUNG,,,,,,,,
inspect_ai:0.3.261:_eval/evalset.py:eval_set:4201136f7df9e1d4,inspect_ai,UKGovernmentBEIS/inspect_ai,held-out,_eval/evalset.py,eval_set,,0.3.261,0.3.261,1,TOO_YOUNG,,,,,,,,
inspect_ai:0.3.261:_eval/evalset.py:eval_set:4e1738a20c7e7a84,inspect_ai,UKGovernmentBEIS/inspect_ai,held-out,_eval/evalset.py,eval_set,,0.3.261,0.3.261,1,TOO_YOUNG,,,,,,,,
inspect_ai:0.3.261:_eval/loader.py:_load_task_source_from_file:6998320dea6e219f,inspect_ai,UKGovernmentBEIS/inspect_ai,held-out,_eval/loader.py,_load_task_source_from_file,silent-fallback,0.3.261,0.3.261,1,TOO_YOUNG,,,,,,,,
inspect_ai:0.3.261:_eval/loader.py:refers_to_task_source:291bc7672b88d473,inspect_ai,UKGovernmentBEIS/inspect_ai,held-out,_eval/loader.py,refers_to_task_source,silent-fallback,0.3.261,0.3.261,1,TOO_YOUNG,,,,,,,,
inspect_ai:0.3.261:_eval/task/log.py:TaskLogger._stale_flush_after_delay:052960fe8f3cc151,inspect_ai,UKGovernmentBEIS/inspect_ai,held-out,_eval/task/log.py,TaskLogger._stale_flush_after_delay,,0.3.261,0.3.261,1,TOO_YOUNG,,,,,,,,
inspect_ai:0.3.261:_eval/task/log.py:TaskLogger.read_sample:b75ccf417dad5acf,inspect_ai,UKGovernmentBEIS/inspect_ai,held-out,_eval/task/log.py,TaskLogger.read_sample,silent-fallback,0.3.261,0.3.261,1,TOO_YOUNG,,,,,,,,
inspect_ai:0.3.261:_eval/task/run.py:_task_run_sample_attempt:0bde2f3a74c51099,inspect_ai,UKGovernmentBEIS/inspect_ai,held-out,_eval/task/run.py,_task_run_sample_attempt,,0.3.261,0.3.261,1,TOO_YOUNG,,,,,,,,
inspect_ai:0.3.261:_eval/task/run.py:_task_run_sample_attempt:7c722946dc08d265,inspect_ai,UKGovernmentBEIS/inspect_ai,held-out,_eval/task/run.py,_task_run_sample_attempt,,0.3.261,0.3.261,1,TOO_YOUNG,,,,,,,,
inspect_ai:0.3.261:_eval/task/run.py:_task_run_sample_attempt:ab897a63c2939215,inspect_ai,UKGovernmentBEIS/inspect_ai,held-out,_eval/task/run.py,_task_run_sample_attempt,,0.3.261,0.3.261,1,TOO_YOUNG,,,,,,,,
inspect_ai:0.3.261:_eval/task/run.py:eval_log_sample_source.error_history_from_file:b80668107943e131,inspect_ai,UKGovernmentBEIS/inspect_ai,held-out,_eval/task/run.py,eval_log_sample_source.error_history_from_file,,0.3.261,0.3.261,1,TOO_YOUNG,,,,,,,,
inspect_ai:0.3.261:_eval/task/run.py:eval_log_sample_source.prior_exists_in_file:b9e2518915b5560a,inspect_ai,UKGovernmentBEIS/inspect_ai,held-out,_eval/task/run.py,eval_log_sample_source.prior_exists_in_file,,0.3.261,0.3.261,1,TOO_YOUNG,,,,,,,,
inspect_ai:0.3.261:_eval/task/run.py:eval_log_sample_source.read_from_file:bedb42ca81e9d383,inspect_ai,UKGovernmentBEIS/inspect_ai,held-out,_eval/task/run.py,eval_log_sample_source.read_from_file,,0.3.261,0.3.261,1,TOO_YOUNG,,,,,,,,
inspect_ai:0.3.261:_eval/task/run.py:task_run.run_sample:0a483fc33a07c2e7,inspect_ai,UKGovernmentBEIS/inspect_ai,held-out,_eval/task/run.py,task_run.run_sample,,0.3.261,0.3.261,1,TOO_YOUNG,,,,,,,,
inspect_ai:0.3.261:_eval/task/run.py:task_run.run_sample:199c02b0092e732a,inspect_ai,UKGovernmentBEIS/inspect_ai,held-out,_eval/task/run.py,task_run.run_sample,,0.3.261,0.3.261,1,TOO_YOUNG,,,,,,,,
inspect_ai:0.3.235:_eval/task/scan.py:scan_context:f12e1e8f455f823f,inspect_ai,UKGovernmentBEIS/inspect_ai,held-out,_eval/task/scan.py,scan_context,,0.3.235,0.3.261,2,TOO_YOUNG,,,,,,,,
inspect_ai:0.3.261:_eval/task/scheduler.py:SampleScheduler.run.run_feeder:8ab3c4d9682593a1,inspect_ai,UKGovernmentBEIS/inspect_ai,held-out,_eval/task/scheduler.py,SampleScheduler.run.run_feeder,,0.3.261,0.3.261,1,TOO_YOUNG,,,,,,,,
inspect_ai:0.3.261:_eval/task/scheduler.py:SampleScheduler.run.run_one:f17c248a187bff07,inspect_ai,UKGovernmentBEIS/inspect_ai,held-out,_eval/task/scheduler.py,SampleScheduler.run.run_one,,0.3.261,0.3.261,1,TOO_YOUNG,,,,,,,,
inspect_ai:0.3.209:_eval/task/store.py:DiskSampleStore.__init__:5de67eb734f0878b,inspect_ai,UKGovernmentBEIS/inspect_ai,held-out,_eval/task/store.py,DiskSampleStore.__init__,no-action,0.3.209,0.3.261,3,TOO_YOUNG,,,,,,,,
inspect_ai:0.3.209:_eval/task/store.py:DiskSampleStore.__init__:b7fc8c760f60b853,inspect_ai,UKGovernmentBEIS/inspect_ai,held-out,_eval/task/store.py,DiskSampleStore.__init__,no-action,0.3.209,0.3.261,3,TOO_YOUNG,,,,,,,,
inspect_ai:0.3.209:_eval/task/store.py:DiskSampleStore.close:6cba65bf44c28d4d,inspect_ai,UKGovernmentBEIS/inspect_ai,held-out,_eval/task/store.py,DiskSampleStore.close,no-action,0.3.209,0.3.261,3,TOO_YOUNG,,,,,,,,
inspect_ai:0.3.209:_lfs/_cache.py:_try_create_marker:651120d1b98194ba,inspect_ai,UKGovernmentBEIS/inspect_ai,held-out,_lfs/_cache.py,_try_create_marker,silent-fallback,0.3.209,0.3.261,3,TOO_YOUNG,,,,,,,,
inspect_ai:0.3.209:_lfs/_pointer.py:_parse_pointer_text:150ce86c76b39b51,inspect_ai,UKGovernmentBEIS/inspect_ai,held-out,_lfs/_pointer.py,_parse_pointer_text,silent-fallback,0.3.209,0.3.261,3,TOO_YOUNG,,,,,,,,
inspect_ai:0.3.209:_lfs/_pointer.py:is_lfs_pointer:4516e2f32ac7c4cd,inspect_ai,UKGovernmentBEIS/inspect_ai,held-out,_lfs/_pointer.py,is_lfs_pointer,silent-fallback,0.3.209,0.3.261,3,TOO_YOUNG,,,,,,,,
inspect_ai:0.3.209:_lfs/_pointer.py:parse_lfs_pointer:02db286e768d0512,inspect_ai,UKGovernmentBEIS/inspect_ai,held-out,_lfs/_pointer.py,parse_lfs_pointer,silent-fallback,0.3.209,0.3.261,3,TOO_YOUNG,,,,,,,,
inspect_ai:0.3.209:_lfs/resolver.py:resolve_lfs_directory_verbose:747f53949e8e4815,inspect_ai,UKGovernmentBEIS/inspect_ai,held-out,_lfs/resolver.py,resolve_lfs_directory_verbose,,0.3.209,0.3.261,3,TOO_YOUNG,,,,,,,,
inspect_ai:0.3.261:_util/_async.py:_anyio_run_released:58e7b7e98b57e403,inspect_ai,UKGovernmentBEIS/inspect_ai,held-out,_util/_async.py,_anyio_run_released,,0.3.261,0.3.261,1,TOO_YOUNG,,,,,,,,
inspect_ai:0.3.209:_util/async_bytes_reader.py:_BytesIterableReader.read:0878ce71bd954042,inspect_ai,UKGovernmentBEIS/inspect_ai,held-out,_util/async_bytes_reader.py,_BytesIterableReader.read,,0.3.209,0.3.261,3,TOO_YOUNG,,,,,,,,
inspect_ai:0.3.209:_util/async_zip.py:_ZipMemberBytes.__aiter__:78b7e731274928ed,inspect_ai,UKGovernmentBEIS/inspect_ai,held-out,_util/async_zip.py,_ZipMemberBytes.__aiter__,,0.3.209,0.3.261,3,TOO_YOUNG,,,,,,,,
inspect_ai:0.3.209:_util/async_zip.py:_ZipMemberBytes.__aiter__:eb6341f2c55446b9,inspect_ai,UKGovernmentBEIS/inspect_ai,held-out,_util/async_zip.py,_ZipMemberBytes.__aiter__,,0.3.209,0.3.261,3,TOO_YOUNG,,,,,,,,
inspect_ai:0.3.261:_util/asyncfiles.py:AsyncFilesystem.read_file_bytes_fully:4d9de0b5a1c0d859,inspect_ai,UKGovernmentBEIS/inspect_ai,held-out,_util/asyncfiles.py,AsyncFilesystem.read_file_bytes_fully,,0.3.261,0.3.261,1,TOO_YOUNG,,,,,,,,
inspect_ai:0.3.261:_util/asyncfiles.py:AsyncFilesystem.read_file_bytes_fully:abbc7487eb2cc4a4,inspect_ai,UKGovernmentBEIS/inspect_ai,held-out,_util/asyncfiles.py,AsyncFilesystem.read_file_bytes_fully,,0.3.261,0.3.261,1,TOO_YOUNG,,,,,,,,
inspect_ai:0.3.209:_util/asyncfiles.py:AsyncFilesystem.read_file_suffix:4a9137a1dafdef20,inspect_ai,UKGovernmentBEIS/inspect_ai,held-out,_util/asyncfiles.py,AsyncFilesystem.read_file_suffix,,0.3.209,0.3.261,3,TOO_YOUNG,,,,,,,,
inspect_ai:0.3.261:_util/asyncfiles.py:AsyncFilesystem.write_file_streaming:000d5255b2744e62,inspect_ai,UKGovernmentBEIS/inspect_ai,held-out,_util/asyncfiles.py,AsyncFilesystem.write_file_streaming,silent-fallback,0.3.261,0.3.261,1,TOO_YOUNG,,,,,,,,
inspect_ai:0.3.261:_util/asyncfiles.py:bind_async_filesystem:f12e1e8f455f823f,inspect_ai,UKGovernmentBEIS/inspect_ai,held-out,_util/asyncfiles.py,bind_async_filesystem,,0.3.261,0.3.261,1,TOO_YOUNG,,,,,,,,
inspect_ai:0.3.261:_util/atomic_write.py:_create_local_tempfile:1bf724f63628ce8f,inspect_ai,UKGovernmentBEIS/inspect_ai,held-out,_util/atomic_write.py,_create_local_tempfile,,0.3.261,0.3.261,1,TOO_YOUNG,,,,,,,,
inspect_ai:0.3.261:_util/atomic_write.py:atomic_write:03a7f31219bf69f5,inspect_ai,UKGovernmentBEIS/inspect_ai,held-out,_util/atomic_write.py,atomic_write,no-action,0.3.261,0.3.261,1,TOO_YOUNG,,,,,,,,
inspect_ai:0.3.261:_util/atomic_write.py:atomic_write:061d093d2aea3dc2,inspect_ai,UKGovernmentBEIS/inspect_ai,held-out,_util/atomic_write.py,atomic_write,,0.3.261,0.3.261,1,TOO_YOUNG,,,,,,,,
inspect_ai:0.3.261:_util/atomic_write.py:atomic_write:5805f56f4ac4c36a,inspect_ai,UKGovernmentBEIS/inspect_ai,held-out,_util/atomic_write.py,atomic_write,silent-fallback,0.3.261,0.3.261,1,TOO_YOUNG,,,,,,,,
inspect_ai:0.3.235:_util/compression.py:ZstdDecompressor.decompress_next:93b90a54285080be,inspect_ai,UKGovernmentBEIS/inspect_ai,held-out,_util/compression.py,ZstdDecompressor.decompress_next,silent-fallback,0.3.235,0.3.261,2,TOO_YOUNG,,,,,,,,
inspect_ai:0.3.235:_util/compression_transcoding.py:_ZstdDecompressIterator.__anext__:93b90a54285080be,inspect_ai,UKGovernmentBEIS/inspect_ai,held-out,_util/compression_transcoding.py,_ZstdDecompressIterator.__anext__,silent-fallback,0.3.235,0.3.261,2,TOO_YOUNG,,,,,,,,
inspect_ai:0.3.261:_util/discovery.py:_sweep_stale_entries:41d7b251749a71f8,inspect_ai,UKGovernmentBEIS/inspect_ai,held-out,_util/discovery.py,_sweep_stale_entries,no-action,0.3.261,0.3.261,1,TOO_YOUNG,,,,,,,,
inspect_ai:0.3.261:_util/discovery.py:prepare_discovery_dir:e45f863e0fc637c5,inspect_ai,UKGovernmentBEIS/inspect_ai,held-out,_util/discovery.py,prepare_discovery_dir,no-action,0.3.261,0.3.261,1,TOO_YOUNG,,,,,,,,
inspect_ai:0.3.235:_util/download.py:download:f3ea3a0d25438aac,inspect_ai,UKGovernmentBEIS/inspect_ai,held-out,_util/download.py,download,,0.3.235,0.3.261,2,TOO_YOUNG,,,,,,,,
inspect_ai:0.3.235:_util/download.py:gdrive_download:1d46fa965bbdde0f,inspect_ai,UKGovernmentBEIS/inspect_ai,held-out,_util/download.py,gdrive_download,,0.3.235,0.3.261,2,TOO_YOUNG,,,,,,,,
inspect_ai:0.3.261:_util/event_loop_monitor.py:event_loop_monitor:d1e5fa9864847a28,inspect_ai,UKGovernmentBEIS/inspect_ai,held-out,_util/event_loop_monitor.py,event_loop_monitor,,0.3.261,0.3.261,1,TOO_YOUNG,,,,,,,,
inspect_ai:0.3.261:_util/file.py:_ensure_hf_filesystem_dependencies:05dac44f88d5e98c,inspect_ai,UKGovernmentBEIS/inspect_ai,held-out,_util/file.py,_ensure_hf_filesystem_dependencies,,0.3.261,0.3.261,1,TOO_YOUNG,,,,,,,,
inspect_ai:0.3.209:_util/file.py:cleanup_s3_sessions:b2ca82a83934f4c8,inspect_ai,UKGovernmentBEIS/inspect_ai,held-out,_util/file.py,cleanup_s3_sessions,no-action,0.3.209,0.3.261,3,TOO_YOUNG,,,,,,,,
inspect_ai:0.3.209:_util/file.py:cleanup_s3_sessions:f93c8de83cf16bcd,inspect_ai,UKGovernmentBEIS/inspect_ai,held-out,_util/file.py,cleanup_s3_sessions,no-action,0.3.209,0.3.261,3,TOO_YOUNG,,,,,,,,
inspect_ai:0.3.261:_util/git.py:redact_url_credentials:72d20f873279eeaf,inspect_ai,UKGovernmentBEIS/inspect_ai,held-out,_util/git.py,redact_url_credentials,,0.3.261,0.3.261,1,TOO_YOUNG,,,,,,,,
inspect_ai:0.3.235:_util/http.py:_parse_retry_after_value:3887c2f489061341,inspect_ai,UKGovernmentBEIS/inspect_ai,held-out,_util/http.py,_parse_retry_after_value,silent-fallback,0.3.235,0.3.261,2,TOO_YOUNG,,,,,,,,
inspect_ai:0.3.235:_util/http.py:_parse_retry_after_value:6ac76ac1c0e97df1,inspect_ai,UKGovernmentBEIS/inspect_ai,held-out,_util/http.py,_parse_retry_after_value,no-action,0.3.235,0.3.261,2,TOO_YOUNG,,,,,,,,
inspect_ai:0.3.235:_util/http.py:_parse_retry_after_value:85435dfd6293587b,inspect_ai,UKGovernmentBEIS/inspect_ai,held-out,_util/http.py,_parse_retry_after_value,no-action,0.3.235,0.3.261,2,TOO_YOUNG,,,,,,,,
inspect_ai:0.3.235:_util/http.py:parse_retry_after_from_exception:4d49f01cbeda2c24,inspect_ai,UKGovernmentBEIS/inspect_ai,held-out,_util/http.py,parse_retry_after_from_exception,silent-fallback,0.3.235,0.3.261,2,TOO_YOUNG,,,,,,,,
inspect_ai:0.3.261:_util/http_defaults.py:<module>:901397c0d661b0a4,inspect_ai,UKGovernmentBEIS/inspect_ai,held-out,_util/http_defaults.py,<module>,,0.3.261,0.3.261,1,TOO_YOUNG,,,,,,,,
inspect_ai:0.3.261:_util/http_defaults.py:_env_float:2537c4b7236db7e6,inspect_ai,UKGovernmentBEIS/inspect_ai,held-out,_util/http_defaults.py,_env_float,,0.3.261,0.3.261,1,TOO_YOUNG,,,,,,,,
inspect_ai:0.3.261:_util/http_defaults.py:_env_int:8255e758e44c44f3,inspect_ai,UKGovernmentBEIS/inspect_ai,held-out,_util/http_defaults.py,_env_int,,0.3.261,0.3.261,1,TOO_YOUNG,,,,,,,,
inspect_ai:0.3.261:_util/http_defaults_httpx2.py:<module>:e91a9192adcb3619,inspect_ai,UKGovernmentBEIS/inspect_ai,held-out,_util/http_defaults_httpx2.py,<module>,,0.3.261,0.3.261,1,TOO_YOUNG,,,,,,,,
inspect_ai:0.3.261:_util/http_defaults_httpx2.py:_env_float:2537c4b7236db7e6,inspect_ai,UKGovernmentBEIS/inspect_ai,held-out,_util/http_defaults_httpx2.py,_env_float,,0.3.261,0.3.261,1,TOO_YOUNG,,,,,,,,
inspect_ai:0.3.261:_util/http_defaults_httpx2.py:_env_int:8255e758e44c44f3,inspect_ai,UKGovernmentBEIS/inspect_ai,held-out,_util/http_defaults_httpx2.py,_env_int,,0.3.261,0.3.261,1,TOO_YOUNG,,,,,,,,
inspect_ai:0.3.261:_util/httpx.py:_retryable_no_status_errors:08e4b115ab15f73d,inspect_ai,UKGovernmentBEIS/inspect_ai,held-out,_util/httpx.py,_retryable_no_status_errors,no-action,0.3.261,0.3.261,1,TOO_YOUNG,,,,,,,,
inspect_ai:0.3.261:_util/images.py:_PublicNetworkBackend.connect_tcp:708868e7b83a477e,inspect_ai,UKGovernmentBEIS/inspect_ai,held-out,_util/images.py,_PublicNetworkBackend.connect_tcp,,0.3.261,0.3.261,1,TOO_YOUNG,,,,,,,,
inspect_ai:0.3.235:_util/images.py:_get_resolver:5d4079727e578cd3,inspect_ai,UKGovernmentBEIS/inspect_ai,held-out,_util/images.py,_get_resolver,silent-fallback,0.3.235,0.3.261,2,TOO_YOUNG,,,,,,,,
inspect_ai:0.3.261:_util/images.py:_public_ip_addresses:126bf9881e22fb4b,inspect_ai,UKGovernmentBEIS/inspect_ai,held-out,_util/images.py,_public_ip_addresses,,0.3.261,0.3.261,1,TOO_YOUNG,,,,,,,,
inspect_ai:0.3.235:_util/images.py:media_resolver:211e165b0ddd3d6c,inspect_ai,UKGovernmentBEIS/inspect_ai,held-out,_util/images.py,media_resolver,silent-fallback,0.3.235,0.3.261,2,TOO_YOUNG,,,,,,,,
inspect_ai:0.3.235:_util/images.py:media_resolver:f12e1e8f455f823f,inspect_ai,UKGovernmentBEIS/inspect_ai,held-out,_util/images.py,media_resolver,,0.3.235,0.3.261,2,TOO_YOUNG,,,,,,,,
inspect_ai:0.3.261:_util/json.py:get_ijson_backend:0cd320e36d4ac751,inspect_ai,UKGovernmentBEIS/inspect_ai,held-out,_util/json.py,get_ijson_backend,no-action,0.3.261,0.3.261,1,TOO_YOUNG,,,,,,,,
inspect_ai:0.3.261:_util/package.py:_distribution_ships_origin:b50eaa640f715c85,inspect_ai,UKGovernmentBEIS/inspect_ai,held-out,_util/package.py,_distribution_ships_origin,,0.3.261,0.3.261,1,TOO_YOUNG,,,,,,,,
inspect_ai:0.3.261:_util/package.py:_path_is_within:4b74b4ea32ae8a0f,inspect_ai,UKGovernmentBEIS/inspect_ai,held-out,_util/package.py,_path_is_within,silent-fallback,0.3.261,0.3.261,1,TOO_YOUNG,,,,,,,,
inspect_ai:0.3.261:_util/package.py:get_distribution_for_object:50e8cb55ea9befcd,inspect_ai,UKGovernmentBEIS/inspect_ai,held-out,_util/package.py,get_distribution_for_object,silent-fallback,0.3.261,0.3.261,1,TOO_YOUNG,,,,,,,,
inspect_ai:0.3.261:_util/package.py:get_distribution_for_object:5e0ff532f2d3b684,inspect_ai,UKGovernmentBEIS/inspect_ai,held-out,_util/package.py,get_distribution_for_object,,0.3.261,0.3.261,1,TOO_YOUNG,,,,,,,,
inspect_ai:0.3.261:_util/package.py:get_distribution_for_object:85c4ef0bb54e5428,inspect_ai,UKGovernmentBEIS/inspect_ai,held-out,_util/package.py,get_distribution_for_object,no-action,0.3.261,0.3.261,1,TOO_YOUNG,,,,,,,,
inspect_ai:0.3.235:_util/s3_monitor.py:_attach_hooks._after_call:85d5911267d3f512,inspect_ai,UKGovernmentBEIS/inspect_ai,held-out,_util/s3_monitor.py,_attach_hooks._after_call,no-action,0.3.235,0.3.261,2,TOO_YOUNG,,,,,,,,
inspect_ai:0.3.235:_util/s3_monitor.py:_ticker:7d7114491d6b1da2,inspect_ai,UKGovernmentBEIS/inspect_ai,held-out,_util/s3_monitor.py,_ticker,no-action,0.3.235,0.3.261,2,TOO_YOUNG,,,,,,,,
inspect_ai:0.3.235:_util/s3_monitor.py:monitor_s3_traffic:d1e5fa9864847a28,inspect_ai,UKGovernmentBEIS/inspect_ai,held-out,_util/s3_monitor.py,monitor_s3_traffic,no-action,0.3.235,0.3.261,2,TOO_YOUNG,,,,,,,,
inspect_ai:0.3.261:_util/sockets.py:lock_socket_file:774d4ee9a2aeb9c7,inspect_ai,UKGovernmentBEIS/inspect_ai,held-out,_util/sockets.py,lock_socket_file,no-action,0.3.261,0.3.261,1,TOO_YOUNG,,,,,,,,
inspect_ai:0.3.261:_util/sockets.py:parse_host_port:4a2593073d5b7025,inspect_ai,UKGovernmentBEIS/inspect_ai,held-out,_util/sockets.py,parse_host_port,silent-fallback,0.3.261,0.3.261,1,TOO_YOUNG,,,,,,,,
inspect_ai:0.3.261:_util/sockets.py:peer_uid:f04ec05cca8a66b8,inspect_ai,UKGovernmentBEIS/inspect_ai,held-out,_util/sockets.py,peer_uid,silent-fallback,0.3.261,0.3.261,1,TOO_YOUNG,,,,,,,,
inspect_ai:0.3.235:_util/text.py:is_finite_number:e3a7c092a1239091,inspect_ai,UKGovernmentBEIS/inspect_ai,held-out,_util/text.py,is_finite_number,silent-fallback,0.3.235,0.3.261,2,TOO_YOUNG,,,,,,,,
inspect_ai:0.3.235:_util/textual/form.py:_CleanSelectionList.render_line:d46a530b281fbf6a,inspect_ai,UKGovernmentBEIS/inspect_ai,held-out,_util/textual/form.py,_CleanSelectionList.render_line,,0.3.235,0.3.261,2,TOO_YOUNG,,,,,,,,
inspect_ai:0.3.235:_util/trace.py:_is_cancelled_exception:61b6ad3db26920e9,inspect_ai,UKGovernmentBEIS/inspect_ai,held-out,_util/trace.py,_is_cancelled_exception,silent-fallback,0.3.235,0.3.261,2,TOO_YOUNG,,,,,,,,
inspect_ai:0.3.261:_util/trace.py:read_trace_file.read_file:7f0e477bba5c0b9e,inspect_ai,UKGovernmentBEIS/inspect_ai,held-out,_util/trace.py,read_trace_file.read_file,,0.3.261,0.3.261,1,TOO_YOUNG,,,,,,,,
inspect_ai:0.3.261:_util/working.py:sample_waiting:f12e1e8f455f823f,inspect_ai,UKGovernmentBEIS/inspect_ai,held-out,_util/working.py,sample_waiting,,0.3.261,0.3.261,1,TOO_YOUNG,,,,,,,,
inspect_ai:0.3.261:_view/common.py:get_app_config:4e1b10d45f5335b8,inspect_ai,UKGovernmentBEIS/inspect_ai,held-out,_view/common.py,get_app_config,silent-fallback,0.3.261,0.3.261,1,TOO_YOUNG,,,,,,,,
inspect_ai:0.3.261:_view/common.py:log_dir_uri:65dc94257c8cc33f,inspect_ai,UKGovernmentBEIS/inspect_ai,held-out,_view/common.py,log_dir_uri,silent-fallback,0.3.261,0.3.261,1,TOO_YOUNG,,,,,,,,
inspect_ai:0.3.261:_view/common.py:stream_log_bytes._stream_local:2ba9fb13425806cf,inspect_ai,UKGovernmentBEIS/inspect_ai,held-out,_view/common.py,stream_log_bytes._stream_local,,0.3.261,0.3.261,1,TOO_YOUNG,,,,,,,,
inspect_ai:0.3.261:_view/common.py:stream_log_bytes._stream_local:5e79d386640b07df,inspect_ai,UKGovernmentBEIS/inspect_ai,held-out,_view/common.py,stream_log_bytes._stream_local,,0.3.261,0.3.261,1,TOO_YOUNG,,,,,,,,
inspect_ai:0.3.261:_view/fastapi_server.py:OnlyDirAccessPolicy._validate_log_dir:0df92bcedabafaaf,inspect_ai,UKGovernmentBEIS/inspect_ai,held-out,_view/fastapi_server.py,OnlyDirAccessPolicy._validate_log_dir,silent-fallback,0.3.261,0.3.261,1,TOO_YOUNG,,,,,,,,
inspect_ai:0.3.261:_view/fastapi_server.py:view_server.run_server:06a30af04f242234,inspect_ai,UKGovernmentBEIS/inspect_ai,held-out,_view/fastapi_server.py,view_server.run_server,,0.3.261,0.3.261,1,TOO_YOUNG,,,,,,,,
inspect_ai:0.3.261:_view/network.py:BrowserOriginMiddleware.__call__:17e12b39e7bef39f,inspect_ai,UKGovernmentBEIS/inspect_ai,held-out,_view/network.py,BrowserOriginMiddleware.__call__,silent-fallback,0.3.261,0.3.261,1,TOO_YOUNG,,,,,,,,
inspect_ai:0.3.261:_view/network.py:BrowserOriginMiddleware.__call__:eaf1835b73fcd8d6,inspect_ai,UKGovernmentBEIS/inspect_ai,held-out,_view/network.py,BrowserOriginMiddleware.__call__,silent-fallback,0.3.261,0.3.261,1,TOO_YOUNG,,,,,,,,
inspect_ai:0.3.261:_view/network.py:HostValidationMiddleware.__call__:2b853565e6da3a50,inspect_ai,UKGovernmentBEIS/inspect_ai,held-out,_view/network.py,HostValidationMiddleware.__call__,silent-fallback,0.3.261,0.3.261,1,TOO_YOUNG,,,,,,,,
inspect_ai:0.3.261:_view/network.py:_canonical_hostname:2adf10752af52f26,inspect_ai,UKGovernmentBEIS/inspect_ai,held-out,_view/network.py,_canonical_hostname,no-action,0.3.261,0.3.261,1,TOO_YOUNG,,,,,,,,
inspect_ai:0.3.261:_view/network.py:_is_loopback_host:58003530e78deed4,inspect_ai,UKGovernmentBEIS/inspect_ai,held-out,_view/network.py,_is_loopback_host,silent-fallback,0.3.261,0.3.261,1,TOO_YOUNG,,,,,,,,
inspect_ai:0.3.261:_view/network.py:_is_wildcard_host:beecffe1cec892e0,inspect_ai,UKGovernmentBEIS/inspect_ai,held-out,_view/network.py,_is_wildcard_host,silent-fallback,0.3.261,0.3.261,1,TOO_YOUNG,,,,,,,,
inspect_ai:0.3.235:_view/user_info.py:_git_config:bcdb46470498190a,inspect_ai,UKGovernmentBEIS/inspect_ai,held-out,_view/user_info.py,_git_config,silent-fallback,0.3.235,0.3.261,2,TOO_YOUNG,,,,,,,,
inspect_ai:0.3.235:_view/user_info.py:user_info:db7ea8f73713fe65,inspect_ai,UKGovernmentBEIS/inspect_ai,held-out,_view/user_info.py,user_info,,0.3.235,0.3.261,2,TOO_YOUNG,,,,,,,,
inspect_ai:0.3.235:agent/_acp/_client_registry.py:_ClientDriverRegistry.attach._unsubscribe:3eccf73946f757f3,inspect_ai,UKGovernmentBEIS/inspect_ai,held-out,agent/_acp/_client_registry.py,_ClientDriverRegistry.attach._unsubscribe,no-action,0.3.235,0.3.261,2,TOO_YOUNG,,,,,,,,
inspect_ai:0.3.235:agent/_acp/_client_registry.py:_ClientDriverRegistry.attach._unsubscribe:690c4bc696cc4b9a,inspect_ai,UKGovernmentBEIS/inspect_ai,held-out,agent/_acp/_client_registry.py,_ClientDriverRegistry.attach._unsubscribe,no-action,0.3.235,0.3.261,2,TOO_YOUNG,,,,,,,,
inspect_ai:0.3.235:agent/_acp/_client_registry.py:_ClientDriverRegistry.notify_attach:690c4bc696cc4b9a,inspect_ai,UKGovernmentBEIS/inspect_ai,held-out,agent/_acp/_client_registry.py,_ClientDriverRegistry.notify_attach,no-action,0.3.235,0.3.261,2,TOO_YOUNG,,,,,,,,
inspect_ai:0.3.235:agent/_acp/_client_registry.py:_ClientDriverRegistry.subscribe_attach._unsubscribe:ff23a806cb83d069,inspect_ai,UKGovernmentBEIS/inspect_ai,held-out,agent/_acp/_client_registry.py,_ClientDriverRegistry.subscribe_attach._unsubscribe,no-action,0.3.235,0.3.261,2,TOO_YOUNG,,,,,,,,
inspect_ai:0.3.235:agent/_acp/connection.py:_parse_target_spec:25b66fdb1dad9615,inspect_ai,UKGovernmentBEIS/inspect_ai,held-out,agent/_acp/connection.py,_parse_target_spec,silent-fallback,0.3.235,0.3.261,2,TOO_YOUNG,,,,,,,,
inspect_ai:0.3.235:agent/_acp/discovery.py:_target_from_discovery_data:16d0202faf417bd3,inspect_ai,UKGovernmentBEIS/inspect_ai,held-out,agent/_acp/discovery.py,_target_from_discovery_data,silent-fallback,0.3.235,0.3.261,2,TOO_YOUNG,,,,,,,,
inspect_ai:0.3.235:agent/_acp/discovery.py:cleanup_stale_discovery_files:1253cf6b04a35a41,inspect_ai,UKGovernmentBEIS/inspect_ai,held-out,agent/_acp/discovery.py,cleanup_stale_discovery_files,no-action,0.3.235,0.3.261,2,TOO_YOUNG,,,,,,,,
inspect_ai:0.3.235:agent/_acp/discovery.py:list_discovered_evals:d364e27bca5ab4dc,inspect_ai,UKGovernmentBEIS/inspect_ai,held-out,agent/_acp/discovery.py,list_discovered_evals,silent-fallback,0.3.235,0.3.261,2,TOO_YOUNG,,,,,,,,
inspect_ai:0.3.235:agent/_acp/discovery.py:list_discovered_evals:eddac1ac81f8c433,inspect_ai,UKGovernmentBEIS/inspect_ai,held-out,agent/_acp/discovery.py,list_discovered_evals,,0.3.235,0.3.261,2,TOO_YOUNG,,,,,,,,
inspect_ai:0.3.235:agent/_acp/discovery.py:list_discovered_evals:fc2bb8bb6bfaaba2,inspect_ai,UKGovernmentBEIS/inspect_ai,held-out,agent/_acp/discovery.py,list_discovered_evals,,0.3.235,0.3.261,2,TOO_YOUNG,,,,,,,,
inspect_ai:0.3.261:agent/_acp/discovery.py:list_discovered_evals:78a4b1e8dce0cad0,inspect_ai,UKGovernmentBEIS/inspect_ai,held-out,agent/_acp/discovery.py,list_discovered_evals,silent-fallback,0.3.261,0.3.261,1,TOO_YOUNG,,,,,,,,
inspect_ai:0.3.235:agent/_acp/inspect_ext.py:RawEventForwarder._on_event:89d391f355335952,inspect_ai,UKGovernmentBEIS/inspect_ai,held-out,agent/_acp/inspect_ext.py,RawEventForwarder._on_event,no-action,0.3.235,0.3.261,2,TOO_YOUNG,,,,,,,,
inspect_ai:0.3.235:agent/_acp/inspect_ext.py:RawEventForwarder._run:9fe15b8c128fc410,inspect_ai,UKGovernmentBEIS/inspect_ai,held-out,agent/_acp/inspect_ext.py,RawEventForwarder._run,,0.3.235,0.3.261,2,TOO_YOUNG,,,,,,,,
inspect_ai:0.3.235:agent/_acp/inspect_ext.py:RawEventForwarder.drain:f3ddb3ccf0ff482a,inspect_ai,UKGovernmentBEIS/inspect_ai,held-out,agent/_acp/inspect_ext.py,RawEventForwarder.drain,silent-fallback,0.3.235,0.3.261,2,TOO_YOUNG,,,,,,,,
inspect_ai:0.3.235:agent/_acp/inspect_ext.py:RawEventForwarder.stop:41dc10713ba430e5,inspect_ai,UKGovernmentBEIS/inspect_ai,held-out,agent/_acp/inspect_ext.py,RawEventForwarder.stop,no-action,0.3.235,0.3.261,2,TOO_YOUNG,,,,,,,,
inspect_ai:0.3.235:agent/_acp/inspect_ext.py:RawEventForwarder.stop:6eaef31c828dd12e,inspect_ai,UKGovernmentBEIS/inspect_ai,held-out,agent/_acp/inspect_ext.py,RawEventForwarder.stop,no-action,0.3.235,0.3.261,2,TOO_YOUNG,,,,,,,,
inspect_ai:0.3.235:agent/_acp/inspect_ext.py:RawEventForwarder.stop:79f90a5247994549,inspect_ai,UKGovernmentBEIS/inspect_ai,held-out,agent/_acp/inspect_ext.py,RawEventForwarder.stop,no-action,0.3.235,0.3.261,2,TOO_YOUNG,,,,,,,,
inspect_ai:0.3.235:agent/_acp/picker.py:resolve_selection:9b4066f58b874865,inspect_ai,UKGovernmentBEIS/inspect_ai,held-out,agent/_acp/picker.py,resolve_selection,no-action,0.3.235,0.3.261,2,TOO_YOUNG,,,,,,,,
inspect_ai:0.3.235:agent/_acp/server.py:AcpServer.stop:6892228f772a0089,inspect_ai,UKGovernmentBEIS/inspect_ai,held-out,agent/_acp/server.py,AcpServer.stop,no-action,0.3.235,0.3.261,2,TOO_YOUNG,,,,,,,,
inspect_ai:0.3.235:agent/_acp/server.py:AcpServer.stop:dad02c4f0bc3d4da,inspect_ai,UKGovernmentBEIS/inspect_ai,held-out,agent/_acp/server.py,AcpServer.stop,no-action,0.3.235,0.3.261,2,TOO_YOUNG,,,,,,,,
inspect_ai:0.3.235:agent/_acp/server.py:acp_server:42511ba18f3f8a12,inspect_ai,UKGovernmentBEIS/inspect_ai,held-out,agent/_acp/server.py,acp_server,,0.3.235,0.3.261,2,TOO_YOUNG,,,,,,,,
inspect_ai:0.3.261:agent/_acp/session_router.py:Forwarders._run_semantic_forwarder:3777384807d8ff74,inspect_ai,UKGovernmentBEIS/inspect_ai,held-out,agent/_acp/session_router.py,Forwarders._run_semantic_forwarder,,0.3.261,0.3.261,1,TOO_YOUNG,,,,,,,,
inspect_ai:0.3.235:agent/_acp/session_router.py:Forwarders.drain:6fee0e2e9165d610,inspect_ai,UKGovernmentBEIS/inspect_ai,held-out,agent/_acp/session_router.py,Forwarders.drain,silent-fallback,0.3.235,0.3.261,2,TOO_YOUNG,,,,,,,,
inspect_ai:0.3.235:agent/_acp/session_router.py:Forwarders.stop:3a239e35a0bed18f,inspect_ai,UKGovernmentBEIS/inspect_ai,held-out,agent/_acp/session_router.py,Forwarders.stop,no-action,0.3.235,0.3.261,2,TOO_YOUNG,,,,,,,,
inspect_ai:0.3.235:agent/_acp/session_router.py:Forwarders.stop:b0aebbee195340e4,inspect_ai,UKGovernmentBEIS/inspect_ai,held-out,agent/_acp/session_router.py,Forwarders.stop,no-action,0.3.235,0.3.261,2,TOO_YOUNG,,,,,,,,
inspect_ai:0.3.235:agent/_acp/stdio.py:_rewrite_session_new_to_attach:bed0c51211298703,inspect_ai,UKGovernmentBEIS/inspect_ai,held-out,agent/_acp/stdio.py,_rewrite_session_new_to_attach,silent-fallback,0.3.235,0.3.261,2,TOO_YOUNG,,,,,,,,
inspect_ai:0.3.235:agent/_acp/stdio.py:bridge_stdio:710f0c2fc80fff3d,inspect_ai,UKGovernmentBEIS/inspect_ai,held-out,agent/_acp/stdio.py,bridge_stdio,silent-suppress,0.3.235,0.3.261,2,TOO_YOUNG,,,,,,,,
inspect_ai:0.3.235:agent/_acp/stdio.py:preflight_resolve_triple:04a209af6592d2d6,inspect_ai,UKGovernmentBEIS/inspect_ai,held-out,agent/_acp/stdio.py,preflight_resolve_triple,silent-suppress,0.3.235,0.3.261,2,TOO_YOUNG,,,,,,,,
inspect_ai:0.3.261:agent/_acp/transport.py:acp_session:4cc55c31ea6a28db,inspect_ai,UKGovernmentBEIS/inspect_ai,held-out,agent/_acp/transport.py,acp_session,,0.3.261,0.3.261,1,TOO_YOUNG,,,,,,,,
inspect_ai:0.3.261:agent/_acp/transport_live.py:LiveAcpTransport.subscribe_turn_state._unsubscribe:e347a435e4fdb641,inspect_ai,UKGovernmentBEIS/inspect_ai,held-out,agent/_acp/transport_live.py,LiveAcpTransport.subscribe_turn_state._unsubscribe,no-action,0.3.261,0.3.261,1,TOO_YOUNG,,,,,,,,
inspect_ai:0.3.235:agent/_acp/transport_live.py:LiveAcpTransport.track_model_event:f12e1e8f455f823f,inspect_ai,UKGovernmentBEIS/inspect_ai,held-out,agent/_acp/transport_live.py,LiveAcpTransport.track_model_event,,0.3.235,0.3.261,2,TOO_YOUNG,,,,,,,,
inspect_ai:0.3.235:agent/_acp/transport_live.py:LiveAcpTransport.track_tool_call:c2ae8bb9d34e330a,inspect_ai,UKGovernmentBEIS/inspect_ai,held-out,agent/_acp/transport_live.py,LiveAcpTransport.track_tool_call,no-action,0.3.235,0.3.261,2,TOO_YOUNG,,,,,,,,
inspect_ai:0.3.235:agent/_acp/transport_live.py:LiveAcpTransport.track_tool_call:f12e1e8f455f823f,inspect_ai,UKGovernmentBEIS/inspect_ai,held-out,agent/_acp/transport_live.py,LiveAcpTransport.track_tool_call,no-action,0.3.235,0.3.261,2,TOO_YOUNG,,,,,,,,
inspect_ai:0.3.261:agent/_acp/transport_live.py:LiveAcpTransport.wait_for_client:c1ee3ffc68ffcda4,inspect_ai,UKGovernmentBEIS/inspect_ai,held-out,agent/_acp/transport_live.py,LiveAcpTransport.wait_for_client,,0.3.261,0.3.261,1,TOO_YOUNG,,,,,,,,
inspect_ai:0.3.235:agent/_acp/transport_live.py:_InterruptCoordinator.subscribe_interrupted._unsubscribe:d1ff2441dc665562,inspect_ai,UKGovernmentBEIS/inspect_ai,held-out,agent/_acp/transport_live.py,_InterruptCoordinator.subscribe_interrupted._unsubscribe,no-action,0.3.235,0.3.261,2,TOO_YOUNG,,,,,,,,
inspect_ai:0.3.235:agent/_acp/transport_live.py:_InterruptCoordinator.subscribe_prompt_resolved._unsubscribe:521bc60442093111,inspect_ai,UKGovernmentBEIS/inspect_ai,held-out,agent/_acp/transport_live.py,_InterruptCoordinator.subscribe_prompt_resolved._unsubscribe,no-action,0.3.235,0.3.261,2,TOO_YOUNG,,,,,,,,
inspect_ai:0.3.235:agent/_acp/transport_live.py:_PubSubBus.publish:3513c5a14d2c6bda,inspect_ai,UKGovernmentBEIS/inspect_ai,held-out,agent/_acp/transport_live.py,_PubSubBus.publish,no-action,0.3.235,0.3.261,2,TOO_YOUNG,,,,,,,,
inspect_ai:0.3.235:agent/_acp/transport_live.py:_TurnCancelMachinery.track_model_event:f12e1e8f455f823f,inspect_ai,UKGovernmentBEIS/inspect_ai,held-out,agent/_acp/transport_live.py,_TurnCancelMachinery.track_model_event,,0.3.235,0.3.261,2,TOO_YOUNG,,,,,,,,
inspect_ai:0.3.235:agent/_acp/transport_live.py:_TurnCancelMachinery.track_tool_call:aac2e5fa45de87a9,inspect_ai,UKGovernmentBEIS/inspect_ai,held-out,agent/_acp/transport_live.py,_TurnCancelMachinery.track_tool_call,no-action,0.3.235,0.3.261,2,TOO_YOUNG,,,,,,,,
inspect_ai:0.3.235:agent/_acp/transport_live.py:_TurnCancelMachinery.track_tool_call:f12e1e8f455f823f,inspect_ai,UKGovernmentBEIS/inspect_ai,held-out,agent/_acp/transport_live.py,_TurnCancelMachinery.track_tool_call,no-action,0.3.235,0.3.261,2,TOO_YOUNG,,,,,,,,
inspect_ai:0.3.235:agent/_acp/tui/app.py:InspectAcpApp._attach_and_show:93a8e1ccc936b1be,inspect_ai,UKGovernmentBEIS/inspect_ai,held-out,agent/_acp/tui/app.py,InspectAcpApp._attach_and_show,silent-fallback,0.3.235,0.3.261,2,TOO_YOUNG,,,,,,,,
inspect_ai:0.3.235:agent/_acp/tui/app.py:InspectAcpApp._enumerate:305b1a06a271ba11,inspect_ai,UKGovernmentBEIS/inspect_ai,held-out,agent/_acp/tui/app.py,InspectAcpApp._enumerate,silent-fallback,0.3.235,0.3.261,2,TOO_YOUNG,,,,,,,,
inspect_ai:0.3.235:agent/_acp/tui/app.py:InspectAcpApp._enumerate:e79312a0279bd96e,inspect_ai,UKGovernmentBEIS/inspect_ai,held-out,agent/_acp/tui/app.py,InspectAcpApp._enumerate,silent-fallback,0.3.235,0.3.261,2,TOO_YOUNG,,,,,,,,
inspect_ai:0.3.235:agent/_acp/tui/app.py:InspectAcpApp.on_mount:4ee784844c3b33cc,inspect_ai,UKGovernmentBEIS/inspect_ai,held-out,agent/_acp/tui/app.py,InspectAcpApp.on_mount,silent-fallback,0.3.235,0.3.261,2,TOO_YOUNG,,,,,,,,
inspect_ai:0.3.235:agent/_acp/tui/client.py:AttachedSession._coordinator:05df33219a29b02a,inspect_ai,UKGovernmentBEIS/inspect_ai,held-out,agent/_acp/tui/client.py,AttachedSession._coordinator,no-action,0.3.235,0.3.261,2,TOO_YOUNG,,,,,,,,
inspect_ai:0.3.235:agent/_acp/tui/client.py:AttachedSession._establish_connection:6ec5fcc4aaafddb0,inspect_ai,UKGovernmentBEIS/inspect_ai,held-out,agent/_acp/tui/client.py,AttachedSession._establish_connection,no-action,0.3.235,0.3.261,2,TOO_YOUNG,,,,,,,,
inspect_ai:0.3.235:agent/_acp/tui/client.py:AttachedSession._establish_connection:acb662d614f0e8f2,inspect_ai,UKGovernmentBEIS/inspect_ai,held-out,agent/_acp/tui/client.py,AttachedSession._establish_connection,no-action,0.3.235,0.3.261,2,TOO_YOUNG,,,,,,,,
inspect_ai:0.3.235:agent/_acp/tui/client.py:AttachedSession._establish_connection:fdd5308804c4226e,inspect_ai,UKGovernmentBEIS/inspect_ai,held-out,agent/_acp/tui/client.py,AttachedSession._establish_connection,no-action,0.3.235,0.3.261,2,TOO_YOUNG,,,,,,,,
inspect_ai:0.3.235:agent/_acp/tui/client.py:AttachedSession._reconnect_until_resolved:af1d1673ed3fa3d5,inspect_ai,UKGovernmentBEIS/inspect_ai,held-out,agent/_acp/tui/client.py,AttachedSession._reconnect_until_resolved,no-action,0.3.235,0.3.261,2,TOO_YOUNG,,,,,,,,
inspect_ai:0.3.235:agent/_acp/tui/client.py:AttachedSession.close:05df33219a29b02a,inspect_ai,UKGovernmentBEIS/inspect_ai,held-out,agent/_acp/tui/client.py,AttachedSession.close,no-action,0.3.235,0.3.261,2,TOO_YOUNG,,,,,,,,
inspect_ai:0.3.235:agent/_acp/tui/client.py:AttachedSession.close:6ec5fcc4aaafddb0,inspect_ai,UKGovernmentBEIS/inspect_ai,held-out,agent/_acp/tui/client.py,AttachedSession.close,no-action,0.3.235,0.3.261,2,TOO_YOUNG,,,,,,,,
inspect_ai:0.3.235:agent/_acp/tui/client.py:AttachedSession.close:864b6311f65b061f,inspect_ai,UKGovernmentBEIS/inspect_ai,held-out,agent/_acp/tui/client.py,AttachedSession.close,no-action,0.3.235,0.3.261,2,TOO_YOUNG,,,,,,,,
inspect_ai:0.3.235:agent/_acp/tui/client.py:AttachedSession.close:acb662d614f0e8f2,inspect_ai,UKGovernmentBEIS/inspect_ai,held-out,agent/_acp/tui/client.py,AttachedSession.close,no-action,0.3.235,0.3.261,2,TOO_YOUNG,,,,,,,,
inspect_ai:0.3.235:agent/_acp/tui/client.py:_list_for_target:68843ea308412260,inspect_ai,UKGovernmentBEIS/inspect_ai,held-out,agent/_acp/tui/client.py,_list_for_target,no-action,0.3.235,0.3.261,2,TOO_YOUNG,,,,,,,,
inspect_ai:0.3.235:agent/_acp/tui/client.py:_list_for_target:b6a485620da1979f,inspect_ai,UKGovernmentBEIS/inspect_ai,held-out,agent/_acp/tui/client.py,_list_for_target,no-action,0.3.235,0.3.261,2,TOO_YOUNG,,,,,,,,
inspect_ai:0.3.235:agent/_acp/tui/client.py:_run_receive_loop:15fbe2de511f9340,inspect_ai,UKGovernmentBEIS/inspect_ai,held-out,agent/_acp/tui/client.py,_run_receive_loop,no-action,0.3.235,0.3.261,2,TOO_YOUNG,,,,,,,,
inspect_ai:0.3.235:agent/_acp/tui/client.py:_run_receive_loop:fdd5308804c4226e,inspect_ai,UKGovernmentBEIS/inspect_ai,held-out,agent/_acp/tui/client.py,_run_receive_loop,no-action,0.3.235,0.3.261,2,TOO_YOUNG,,,,,,,,
inspect_ai:0.3.235:agent/_acp/tui/client.py:enumerate_sessions._query:43fcc2bd6d17288d,inspect_ai,UKGovernmentBEIS/inspect_ai,held-out,agent/_acp/tui/client.py,enumerate_sessions._query,silent-fallback,0.3.235,0.3.261,2,TOO_YOUNG,,,,,,,,
inspect_ai:0.3.235:agent/_acp/tui/picker_screen.py:PickerScreen._do_rescan:a4a19bdef5503de7,inspect_ai,UKGovernmentBEIS/inspect_ai,held-out,agent/_acp/tui/picker_screen.py,PickerScreen._do_rescan,silent-fallback,0.3.235,0.3.261,2,TOO_YOUNG,,,,,,,,
inspect_ai:0.3.235:agent/_acp/tui/picker_screen.py:PickerScreen._filter_input:ae71155044f436da,inspect_ai,UKGovernmentBEIS/inspect_ai,held-out,agent/_acp/tui/picker_screen.py,PickerScreen._filter_input,silent-fallback,0.3.235,0.3.261,2,TOO_YOUNG,,,,,,,,
inspect_ai:0.3.235:agent/_acp/tui/picker_screen.py:PickerScreen._refresh_status:c9e7876bded157b0,inspect_ai,UKGovernmentBEIS/inspect_ai,held-out,agent/_acp/tui/picker_screen.py,PickerScreen._refresh_status,silent-fallback,0.3.235,0.3.261,2,TOO_YOUNG,,,,,,,,
inspect_ai:0.3.235:agent/_acp/tui/picker_screen.py:PickerScreen._table_or_none:00381974e0dd102d,inspect_ai,UKGovernmentBEIS/inspect_ai,held-out,agent/_acp/tui/picker_screen.py,PickerScreen._table_or_none,silent-fallback,0.3.235,0.3.261,2,TOO_YOUNG,,,,,,,,
inspect_ai:0.3.235:agent/_acp/tui/picker_screen.py:PickerScreen._tick_column:b0811886cbc9de96,inspect_ai,UKGovernmentBEIS/inspect_ai,held-out,agent/_acp/tui/picker_screen.py,PickerScreen._tick_column,,0.3.235,0.3.261,2,TOO_YOUNG,,,,,,,,
inspect_ai:0.3.235:agent/_acp/tui/picker_screen.py:PickerScreen.on_data_table_row_highlighted:2aec4b9eee6e423f,inspect_ai,UKGovernmentBEIS/inspect_ai,held-out,agent/_acp/tui/picker_screen.py,PickerScreen.on_data_table_row_highlighted,silent-fallback,0.3.235,0.3.261,2,TOO_YOUNG,,,,,,,,
inspect_ai:0.3.235:agent/_acp/tui/picker_screen.py:PickerScreen.on_data_table_row_highlighted:d0d994bd0ef39767,inspect_ai,UKGovernmentBEIS/inspect_ai,held-out,agent/_acp/tui/picker_screen.py,PickerScreen.on_data_table_row_highlighted,no-action,0.3.235,0.3.261,2,TOO_YOUNG,,,,,,,,
inspect_ai:0.3.235:agent/_acp/tui/session_screen.py:SessionScreen._apply_lifecycle:03c3de8dd1eaf2fd,inspect_ai,UKGovernmentBEIS/inspect_ai,held-out,agent/_acp/tui/session_screen.py,SessionScreen._apply_lifecycle,no-action,0.3.235,0.3.261,2,TOO_YOUNG,,,,,,,,
inspect_ai:0.3.235:agent/_acp/tui/session_screen.py:SessionScreen._apply_lifecycle:4e6eaa6f2ae80c2a,inspect_ai,UKGovernmentBEIS/inspect_ai,held-out,agent/_acp/tui/session_screen.py,SessionScreen._apply_lifecycle,silent-fallback,0.3.235,0.3.261,2,TOO_YOUNG,,,,,,,,
inspect_ai:0.3.235:agent/_acp/tui/session_screen.py:SessionScreen._apply_state:6985bfed8ad40af4,inspect_ai,UKGovernmentBEIS/inspect_ai,held-out,agent/_acp/tui/session_screen.py,SessionScreen._apply_state,silent-fallback,0.3.235,0.3.261,2,TOO_YOUNG,,,,,,,,
inspect_ai:0.3.235:agent/_acp/tui/session_screen.py:SessionScreen._approval_card_or_none:6dae9486dfd8f416,inspect_ai,UKGovernmentBEIS/inspect_ai,held-out,agent/_acp/tui/session_screen.py,SessionScreen._approval_card_or_none,silent-fallback,0.3.235,0.3.261,2,TOO_YOUNG,,,,,,,,
inspect_ai:0.3.235:agent/_acp/tui/session_screen.py:SessionScreen._cancel_card_or_none:61a3d0b1241d0b56,inspect_ai,UKGovernmentBEIS/inspect_ai,held-out,agent/_acp/tui/session_screen.py,SessionScreen._cancel_card_or_none,silent-fallback,0.3.235,0.3.261,2,TOO_YOUNG,,,,,,,,
inspect_ai:0.3.235:agent/_acp/tui/session_screen.py:SessionScreen._composer_or_none:626891f6b9491ee9,inspect_ai,UKGovernmentBEIS/inspect_ai,held-out,agent/_acp/tui/session_screen.py,SessionScreen._composer_or_none,silent-fallback,0.3.235,0.3.261,2,TOO_YOUNG,,,,,,,,
inspect_ai:0.3.235:agent/_acp/tui/session_screen.py:SessionScreen._elicitation_card_or_none:2186ccda173c1ad3,inspect_ai,UKGovernmentBEIS/inspect_ai,held-out,agent/_acp/tui/session_screen.py,SessionScreen._elicitation_card_or_none,silent-fallback,0.3.235,0.3.261,2,TOO_YOUNG,,,,,,,,
inspect_ai:0.3.235:agent/_acp/tui/session_screen.py:SessionScreen._fire_cancel_tool_call:1d4b10dbb7e81291,inspect_ai,UKGovernmentBEIS/inspect_ai,held-out,agent/_acp/tui/session_screen.py,SessionScreen._fire_cancel_tool_call,silent-fallback,0.3.235,0.3.261,2,TOO_YOUNG,,,,,,,,
inspect_ai:0.3.235:agent/_acp/tui/session_screen.py:SessionScreen._letter_targets_visible_bar:d9355ad91c212670,inspect_ai,UKGovernmentBEIS/inspect_ai,held-out,agent/_acp/tui/session_screen.py,SessionScreen._letter_targets_visible_bar,silent-fallback,0.3.235,0.3.261,2,TOO_YOUNG,,,,,,,,
inspect_ai:0.3.235:agent/_acp/tui/session_screen.py:SessionScreen._reconcile_card:108e36ef084a542f,inspect_ai,UKGovernmentBEIS/inspect_ai,held-out,agent/_acp/tui/session_screen.py,SessionScreen._reconcile_card,silent-fallback,0.3.235,0.3.261,2,TOO_YOUNG,,,,,,,,
inspect_ai:0.3.235:agent/_acp/tui/session_screen.py:SessionScreen._tick:cacf482e48981739,inspect_ai,UKGovernmentBEIS/inspect_ai,held-out,agent/_acp/tui/session_screen.py,SessionScreen._tick,no-action,0.3.235,0.3.261,2,TOO_YOUNG,,,,,,,,
inspect_ai:0.3.235:agent/_acp/tui/session_screen.py:SessionScreen._watch_disconnect:746e6b36dd714e2a,inspect_ai,UKGovernmentBEIS/inspect_ai,held-out,agent/_acp/tui/session_screen.py,SessionScreen._watch_disconnect,,0.3.235,0.3.261,2,TOO_YOUNG,,,,,,,,
inspect_ai:0.3.235:agent/_acp/tui/session_screen.py:SessionScreen.action_interrupt:ba4a6efed3d197fb,inspect_ai,UKGovernmentBEIS/inspect_ai,held-out,agent/_acp/tui/session_screen.py,SessionScreen.action_interrupt,,0.3.235,0.3.261,2,TOO_YOUNG,,,,,,,,
inspect_ai:0.3.235:agent/_acp/tui/session_screen.py:SessionScreen.action_submit:56a2c17bd13ea244,inspect_ai,UKGovernmentBEIS/inspect_ai,held-out,agent/_acp/tui/session_screen.py,SessionScreen.action_submit,silent-fallback,0.3.235,0.3.261,2,TOO_YOUNG,,,,,,,,
inspect_ai:0.3.235:agent/_acp/tui/state.py:SessionState._notify:b705b1bf6d8050a9,inspect_ai,UKGovernmentBEIS/inspect_ai,held-out,agent/_acp/tui/state.py,SessionState._notify,no-action,0.3.235,0.3.261,2,TOO_YOUNG,,,,,,,,
inspect_ai:0.3.235:agent/_acp/tui/state.py:SessionState._remove_scoring_indicator:2b4a379bdf209a18,inspect_ai,UKGovernmentBEIS/inspect_ai,held-out,agent/_acp/tui/state.py,SessionState._remove_scoring_indicator,no-action,0.3.235,0.3.261,2,TOO_YOUNG,,,,,,,,
inspect_ai:0.3.235:agent/_acp/tui/state.py:SessionState.subscribe._unsubscribe:ebd682ecb74cb1f3,inspect_ai,UKGovernmentBEIS/inspect_ai,held-out,agent/_acp/tui/state.py,SessionState.subscribe._unsubscribe,no-action,0.3.235,0.3.261,2,TOO_YOUNG,,,,,,,,
inspect_ai:0.3.235:agent/_acp/tui/state.py:_format_info_data:b2ed4ad719c65cca,inspect_ai,UKGovernmentBEIS/inspect_ai,held-out,agent/_acp/tui/state.py,_format_info_data,,0.3.235,0.3.261,2,TOO_YOUNG,,,,,,,,
inspect_ai:0.3.235:agent/_acp/tui/state.py:_value_to_float:1307ce0a9b19f3c3,inspect_ai,UKGovernmentBEIS/inspect_ai,held-out,agent/_acp/tui/state.py,_value_to_float,silent-fallback,0.3.235,0.3.261,2,TOO_YOUNG,,,,,,,,
inspect_ai:0.3.235:agent/_acp/tui/widgets/_collapsible.py:CollapsibleContent.on_click:44d06ebec88c5738,inspect_ai,UKGovernmentBEIS/inspect_ai,held-out,agent/_acp/tui/widgets/_collapsible.py,CollapsibleContent.on_click,silent-fallback,0.3.235,0.3.261,2,TOO_YOUNG,,,,,,,,
inspect_ai:0.3.235:agent/_acp/tui/widgets/_collapsible.py:CollapsibleContent.on_click:eb5464bd23ff4f2f,inspect_ai,UKGovernmentBEIS/inspect_ai,held-out,agent/_acp/tui/widgets/_collapsible.py,CollapsibleContent.on_click,no-action,0.3.235,0.3.261,2,TOO_YOUNG,,,,,,,,
inspect_ai:0.3.235:agent/_acp/tui/widgets/_collapsible.py:CollapsibleContent.replace_text:12a612f6cd698954,inspect_ai,UKGovernmentBEIS/inspect_ai,held-out,agent/_acp/tui/widgets/_collapsible.py,CollapsibleContent.replace_text,silent-fallback,0.3.235,0.3.261,2,TOO_YOUNG,,,,,,,,
inspect_ai:0.3.235:agent/_acp/tui/widgets/_collapsible.py:CollapsibleContent.replace_text:2ca8ecd3e9fa0338,inspect_ai,UKGovernmentBEIS/inspect_ai,held-out,agent/_acp/tui/widgets/_collapsible.py,CollapsibleContent.replace_text,silent-fallback,0.3.235,0.3.261,2,TOO_YOUNG,,,,,,,,
inspect_ai:0.3.235:agent/_acp/tui/widgets/cancel_card.py:_CancelCard._enter_cancelling:94f4dc9c2f1f3f7c,inspect_ai,UKGovernmentBEIS/inspect_ai,held-out,agent/_acp/tui/widgets/cancel_card.py,_CancelCard._enter_cancelling,,0.3.235,0.3.261,2,TOO_YOUNG,,,,,,,,
inspect_ai:0.3.235:agent/_acp/tui/widgets/cancel_card.py:_CancelCard._fire_cancel:9f8d484e8c5925d5,inspect_ai,UKGovernmentBEIS/inspect_ai,held-out,agent/_acp/tui/widgets/cancel_card.py,_CancelCard._fire_cancel,silent-fallback,0.3.235,0.3.261,2,TOO_YOUNG,,,,,,,,
inspect_ai:0.3.235:agent/_acp/tui/widgets/event_chip.py:_CollapsibleJSON.on_click:c11de1dab00162ba,inspect_ai,UKGovernmentBEIS/inspect_ai,held-out,agent/_acp/tui/widgets/event_chip.py,_CollapsibleJSON.on_click,silent-fallback,0.3.235,0.3.261,2,TOO_YOUNG,,,,,,,,
inspect_ai:0.3.235:agent/_acp/tui/widgets/event_chip.py:_CollapsibleJSON.on_click:d35783feccc4d673,inspect_ai,UKGovernmentBEIS/inspect_ai,held-out,agent/_acp/tui/widgets/event_chip.py,_CollapsibleJSON.on_click,silent-fallback,0.3.235,0.3.261,2,TOO_YOUNG,,,,,,,,
inspect_ai:0.3.235:agent/_acp/tui/widgets/event_chip.py:_TracebackBlock.set_traceback:91014052bd1a5fda,inspect_ai,UKGovernmentBEIS/inspect_ai,held-out,agent/_acp/tui/widgets/event_chip.py,_TracebackBlock.set_traceback,silent-fallback,0.3.235,0.3.261,2,TOO_YOUNG,,,,,,,,
inspect_ai:0.3.235:agent/_acp/tui/widgets/header.py:SessionHeaderWidget.set_lifecycle:105103104d950049,inspect_ai,UKGovernmentBEIS/inspect_ai,held-out,agent/_acp/tui/widgets/header.py,SessionHeaderWidget.set_lifecycle,silent-fallback,0.3.235,0.3.261,2,TOO_YOUNG,,,,,,,,
inspect_ai:0.3.235:agent/_acp/tui/widgets/header.py:SessionHeaderWidget.set_usage:a5ac0a0191800dcd,inspect_ai,UKGovernmentBEIS/inspect_ai,held-out,agent/_acp/tui/widgets/header.py,SessionHeaderWidget.set_usage,no-action,0.3.235,0.3.261,2,TOO_YOUNG,,,,,,,,
inspect_ai:0.3.235:agent/_acp/tui/widgets/message.py:MessageWidget._body:e898a1dc72de77b3,inspect_ai,UKGovernmentBEIS/inspect_ai,held-out,agent/_acp/tui/widgets/message.py,MessageWidget._body,silent-fallback,0.3.235,0.3.261,2,TOO_YOUNG,,,,,,,,
inspect_ai:0.3.235:agent/_acp/tui/widgets/message.py:MessageWidget._refresh_chip:604f1a3cc3c670b6,inspect_ai,UKGovernmentBEIS/inspect_ai,held-out,agent/_acp/tui/widgets/message.py,MessageWidget._refresh_chip,no-action,0.3.235,0.3.261,2,TOO_YOUNG,,,,,,,,
inspect_ai:0.3.235:agent/_acp/tui/widgets/message.py:_ReasoningBlock.set_text:d737c5cb33b89cea,inspect_ai,UKGovernmentBEIS/inspect_ai,held-out,agent/_acp/tui/widgets/message.py,_ReasoningBlock.set_text,no-action,0.3.235,0.3.261,2,TOO_YOUNG,,,,,,,,
inspect_ai:0.3.235:agent/_acp/tui/widgets/plan.py:PlanOverlayScreen._auto_scroll:602468210f772647,inspect_ai,UKGovernmentBEIS/inspect_ai,held-out,agent/_acp/tui/widgets/plan.py,PlanOverlayScreen._auto_scroll,silent-fallback,0.3.235,0.3.261,2,TOO_YOUNG,,,,,,,,
inspect_ai:0.3.235:agent/_acp/tui/widgets/plan.py:PlanOverlayScreen._refresh_from_state:ce6e4fdbd2e2a6a1,inspect_ai,UKGovernmentBEIS/inspect_ai,held-out,agent/_acp/tui/widgets/plan.py,PlanOverlayScreen._refresh_from_state,silent-fallback,0.3.235,0.3.261,2,TOO_YOUNG,,,,,,,,
inspect_ai:0.3.235:agent/_acp/tui/widgets/plan.py:PlanStripWidget._refresh_from_state:e49eb2bedf896a0d,inspect_ai,UKGovernmentBEIS/inspect_ai,held-out,agent/_acp/tui/widgets/plan.py,PlanStripWidget._refresh_from_state,silent-fallback,0.3.235,0.3.261,2,TOO_YOUNG,,,,,,,,
inspect_ai:0.3.235:agent/_acp/tui/widgets/score.py:ScoreChipWidget._refresh_chip:604f1a3cc3c670b6,inspect_ai,UKGovernmentBEIS/inspect_ai,held-out,agent/_acp/tui/widgets/score.py,ScoreChipWidget._refresh_chip,no-action,0.3.235,0.3.261,2,TOO_YOUNG,,,,,,,,
inspect_ai:0.3.235:agent/_acp/tui/widgets/score.py:_ExplanationBlock.set_explanation:faa44ec821a57722,inspect_ai,UKGovernmentBEIS/inspect_ai,held-out,agent/_acp/tui/widgets/score.py,_ExplanationBlock.set_explanation,silent-fallback,0.3.235,0.3.261,2,TOO_YOUNG,,,,,,,,
inspect_ai:0.3.235:agent/_acp/tui/widgets/tool_call.py:ToolCallWidget._update_approval_area_if_changed:89566f02897da186,inspect_ai,UKGovernmentBEIS/inspect_ai,held-out,agent/_acp/tui/widgets/tool_call.py,ToolCallWidget._update_approval_area_if_changed,silent-fallback,0.3.235,0.3.261,2,TOO_YOUNG,,,,,,,,
inspect_ai:0.3.235:agent/_acp/tui/widgets/tool_call.py:ToolCallWidget._update_header_if_changed:0101fee3db400568,inspect_ai,UKGovernmentBEIS/inspect_ai,held-out,agent/_acp/tui/widgets/tool_call.py,ToolCallWidget._update_header_if_changed,no-action,0.3.235,0.3.261,2,TOO_YOUNG,,,,,,,,
inspect_ai:0.3.235:agent/_acp/tui/widgets/tool_call.py:ToolCallWidget.tick_duration:b21b0a9b0326088e,inspect_ai,UKGovernmentBEIS/inspect_ai,held-out,agent/_acp/tui/widgets/tool_call.py,ToolCallWidget.tick_duration,no-action,0.3.235,0.3.261,2,TOO_YOUNG,,,,,,,,
inspect_ai:0.3.235:agent/_acp/tui/widgets/tool_call.py:ToolCallWidget.update_state:4e2862814be3f6f6,inspect_ai,UKGovernmentBEIS/inspect_ai,held-out,agent/_acp/tui/widgets/tool_call.py,ToolCallWidget.update_state,silent-fallback,0.3.235,0.3.261,2,TOO_YOUNG,,,,,,,,
inspect_ai:0.3.235:agent/_acp/tui/widgets/tool_call.py:ToolCallWidget.update_state:d47b96104d7f0075,inspect_ai,UKGovernmentBEIS/inspect_ai,held-out,agent/_acp/tui/widgets/tool_call.py,ToolCallWidget.update_state,no-action,0.3.235,0.3.261,2,TOO_YOUNG,,,,,,,,
inspect_ai:0.3.235:agent/_acp/tui/widgets/transcript.py:TranscriptWidget._is_at_bottom:1c9e784f8af3f7b2,inspect_ai,UKGovernmentBEIS/inspect_ai,held-out,agent/_acp/tui/widgets/transcript.py,TranscriptWidget._is_at_bottom,silent-fallback,0.3.235,0.3.261,2,TOO_YOUNG,,,,,,,,
inspect_ai:0.3.235:agent/_as_solver.py:as_solver.agent_to_solver.solve:d3051f7bcf17b497,inspect_ai,UKGovernmentBEIS/inspect_ai,held-out,agent/_as_solver.py,as_solver.agent_to_solver.solve,,0.3.235,0.3.261,2,TOO_YOUNG,,,,,,,,
inspect_ai:0.3.261:agent/_bridge/bridge.py:init_google_request_patch:d85826249d2b5415,inspect_ai,UKGovernmentBEIS/inspect_ai,held-out,agent/_bridge/bridge.py,init_google_request_patch,silent-fallback,0.3.261,0.3.261,1,TOO_YOUNG,,,,,,,,
inspect_ai:0.3.235:agent/_bridge/responses_impl.py:_is_openai_responses_provider:90f550921d911cdb,inspect_ai,UKGovernmentBEIS/inspect_ai,held-out,agent/_bridge/responses_impl.py,_is_openai_responses_provider,,0.3.235,0.3.261,2,TOO_YOUNG,,,,,,,,
inspect_ai:0.3.209:agent/_bridge/sandbox/bridge.py:sandbox_agent_bridge:8966a097711e76c3,inspect_ai,UKGovernmentBEIS/inspect_ai,held-out,agent/_bridge/sandbox/bridge.py,sandbox_agent_bridge,,0.3.209,0.3.261,3,TOO_YOUNG,,,,,,,,
inspect_ai:0.3.261:agent/_bridge/util.py:bridge_model_generate:f12e1e8f455f823f,inspect_ai,UKGovernmentBEIS/inspect_ai,held-out,agent/_bridge/util.py,bridge_model_generate,,0.3.261,0.3.261,1,TOO_YOUNG,,,,,,,,
inspect_ai:0.3.235:agent/_channel/__init__.py:agent_channel:39ccc99d1fc3bc80,inspect_ai,UKGovernmentBEIS/inspect_ai,held-out,agent/_channel/__init__.py,agent_channel,no-action,0.3.235,0.3.261,2,TOO_YOUNG,,,,,,,,
inspect_ai:0.3.235:agent/_channel/__init__.py:agent_channel:8e244b8029408cd4,inspect_ai,UKGovernmentBEIS/inspect_ai,held-out,agent/_channel/__init__.py,agent_channel,no-action,0.3.235,0.3.261,2,TOO_YOUNG,,,,,,,,
inspect_ai:0.3.235:agent/_channel/__init__.py:agent_channel:b3d4aff3833272e5,inspect_ai,UKGovernmentBEIS/inspect_ai,held-out,agent/_channel/__init__.py,agent_channel,no-action,0.3.235,0.3.261,2,TOO_YOUNG,,,,,,,,
inspect_ai:0.3.235:agent/_channel/channel.py:AgentChannel._drain:9c4bb87a9e04d71a,inspect_ai,UKGovernmentBEIS/inspect_ai,held-out,agent/_channel/channel.py,AgentChannel._drain,no-action,0.3.235,0.3.261,2,TOO_YOUNG,,,,,,,,
inspect_ai:0.3.261:agent/_channel/channel.py:AgentChannel._fire_turn_state:0ca0a4db003885a0,inspect_ai,UKGovernmentBEIS/inspect_ai,held-out,agent/_channel/channel.py,AgentChannel._fire_turn_state,no-action,0.3.261,0.3.261,1,TOO_YOUNG,,,,,,,,
inspect_ai:0.3.235:agent/_channel/channel.py:AgentChannel.subscribe_drained._unsubscribe:e0b998192d5e7904,inspect_ai,UKGovernmentBEIS/inspect_ai,held-out,agent/_channel/channel.py,AgentChannel.subscribe_drained._unsubscribe,no-action,0.3.235,0.3.261,2,TOO_YOUNG,,,,,,,,
inspect_ai:0.3.261:agent/_channel/channel.py:AgentChannel.subscribe_turn_state._unsubscribe:ee8b300c77bde36e,inspect_ai,UKGovernmentBEIS/inspect_ai,held-out,agent/_channel/channel.py,AgentChannel.subscribe_turn_state._unsubscribe,no-action,0.3.261,0.3.261,1,TOO_YOUNG,,,,,,,,
inspect_ai:0.3.235:agent/_channel/channel.py:AgentChannel.turn_scope:f12e1e8f455f823f,inspect_ai,UKGovernmentBEIS/inspect_ai,held-out,agent/_channel/channel.py,AgentChannel.turn_scope,,0.3.235,0.3.261,2,TOO_YOUNG,,,,,,,,
inspect_ai:0.3.235:agent/_deepagent/agent_tool.py:background_registry:78f2ad830afb9802,inspect_ai,UKGovernmentBEIS/inspect_ai,held-out,agent/_deepagent/agent_tool.py,background_registry,no-action,0.3.235,0.3.261,2,TOO_YOUNG,,,,,,,,
inspect_ai:0.3.235:agent/_deepagent/agent_tool.py:background_registry:a8f3539f3b6cdabb,inspect_ai,UKGovernmentBEIS/inspect_ai,held-out,agent/_deepagent/agent_tool.py,background_registry,no-action,0.3.235,0.3.261,2,TOO_YOUNG,,,,,,,,
inspect_ai:0.3.261:agent/_human/commands/submit.py:QuitCommand.cli:bdfffebba4c8e34b,inspect_ai,UKGovernmentBEIS/inspect_ai,held-out,agent/_human/commands/submit.py,QuitCommand.cli,silent-fallback,0.3.261,0.3.261,1,TOO_YOUNG,,,,,,,,
inspect_ai:0.3.261:agent/_human/commands/submit.py:SubmitCommand.cli:bdfffebba4c8e34b,inspect_ai,UKGovernmentBEIS/inspect_ai,held-out,agent/_human/commands/submit.py,SubmitCommand.cli,silent-fallback,0.3.261,0.3.261,1,TOO_YOUNG,,,,,,,,
inspect_ai:0.3.235:agent/_react.py:react.execute:0a266f6492df15f3,inspect_ai,UKGovernmentBEIS/inspect_ai,held-out,agent/_react.py,react.execute,,0.3.235,0.3.261,2,TOO_YOUNG,,,,,,,,
inspect_ai:0.3.235:agent/_react.py:react_no_submit.execute:320f8674e9ca3236,inspect_ai,UKGovernmentBEIS/inspect_ai,held-out,agent/_react.py,react_no_submit.execute,,0.3.235,0.3.261,2,TOO_YOUNG,,,,,,,,
inspect_ai:0.3.261:analysis/_dataframe/samples/table.py:_read_samples_df:061237c2cdf1abc2,inspect_ai,UKGovernmentBEIS/inspect_ai,held-out,analysis/_dataframe/samples/table.py,_read_samples_df,,0.3.261,0.3.261,1,TOO_YOUNG,,,,,,,,
inspect_ai:0.3.235:approval/_apply.py:apply_tool_approval:14a19038d02866fb,inspect_ai,UKGovernmentBEIS/inspect_ai,held-out,approval/_apply.py,apply_tool_approval,,0.3.235,0.3.261,2,TOO_YOUNG,,,,,,,,
inspect_ai:0.3.209:approval/_apply.py:approval:f12e1e8f455f823f,inspect_ai,UKGovernmentBEIS/inspect_ai,held-out,approval/_apply.py,approval,,0.3.209,0.3.261,3,TOO_YOUNG,,,,,,,,
inspect_ai:0.3.235:approval/_human/acp.py:_request_from_driver_with_fallback:b3c625f7d3d750a2,inspect_ai,UKGovernmentBEIS/inspect_ai,held-out,approval/_human/acp.py,_request_from_driver_with_fallback,,0.3.235,0.3.261,2,TOO_YOUNG,,,,,,,,
inspect_ai:0.3.235:dataset/_sources/hf.py:_should_retry_hf_error:32df85d5e41a8304,inspect_ai,UKGovernmentBEIS/inspect_ai,held-out,dataset/_sources/hf.py,_should_retry_hf_error,no-action,0.3.235,0.3.261,2,TOO_YOUNG,,,,,,,,
inspect_ai:0.3.235:dataset/_sources/hf.py:_should_retry_hf_error:395b87e3eb99e98e,inspect_ai,UKGovernmentBEIS/inspect_ai,held-out,dataset/_sources/hf.py,_should_retry_hf_error,no-action,0.3.235,0.3.261,2,TOO_YOUNG,,,,,,,,
inspect_ai:0.3.235:dataset/_sources/hf.py:_should_retry_hf_error:4e263d4da083c0d5,inspect_ai,UKGovernmentBEIS/inspect_ai,held-out,dataset/_sources/hf.py,_should_retry_hf_error,no-action,0.3.235,0.3.261,2,TOO_YOUNG,,,,,,,,
inspect_ai:0.3.209:hooks/_hooks.py:drain_sample_events:5d880ebc95ee941f,inspect_ai,UKGovernmentBEIS/inspect_ai,held-out,hooks/_hooks.py,drain_sample_events,no-action,0.3.209,0.3.261,3,TOO_YOUNG,,,,,,,,
inspect_ai:0.3.209:hooks/_hooks.py:emit_sample_event:fea013ab42bf9d45,inspect_ai,UKGovernmentBEIS/inspect_ai,held-out,hooks/_hooks.py,emit_sample_event,no-action,0.3.209,0.3.261,3,TOO_YOUNG,,,,,,,,
inspect_ai:0.3.209:hooks/_hooks.py:start_sample_event_emitter._emit_loop:b8bfb566507d8e09,inspect_ai,UKGovernmentBEIS/inspect_ai,held-out,hooks/_hooks.py,start_sample_event_emitter._emit_loop,,0.3.209,0.3.261,3,TOO_YOUNG,,,,,,,,
inspect_ai:0.3.261:log/_recorders/buffer/database.py:SampleBufferDatabase.__del__:8f148034419422b0,inspect_ai,UKGovernmentBEIS/inspect_ai,held-out,log/_recorders/buffer/database.py,SampleBufferDatabase.__del__,no-action,0.3.261,0.3.261,1,TOO_YOUNG,,,,,,,,
inspect_ai:0.3.235:log/_recorders/buffer/database.py:SampleBufferDatabase._acquire_sample_read_lease:f12e1e8f455f823f,inspect_ai,UKGovernmentBEIS/inspect_ai,held-out,log/_recorders/buffer/database.py,SampleBufferDatabase._acquire_sample_read_lease,,0.3.235,0.3.261,2,TOO_YOUNG,,,,,,,,
inspect_ai:0.3.261:log/_recorders/buffer/database.py:SampleBufferDatabase._close_all_connections:42aad98b15f2a845,inspect_ai,UKGovernmentBEIS/inspect_ai,held-out,log/_recorders/buffer/database.py,SampleBufferDatabase._close_all_connections,no-action,0.3.261,0.3.261,1,TOO_YOUNG,,,,,,,,
inspect_ai:0.3.261:log/_recorders/buffer/database.py:SampleBufferDatabase._discard_thread_connection:42aad98b15f2a845,inspect_ai,UKGovernmentBEIS/inspect_ai,held-out,log/_recorders/buffer/database.py,SampleBufferDatabase._discard_thread_connection,no-action,0.3.261,0.3.261,1,TOO_YOUNG,,,,,,,,
inspect_ai:0.3.261:log/_recorders/buffer/database.py:SampleBufferDatabase._discard_thread_connection:f21a185aecc55806,inspect_ai,UKGovernmentBEIS/inspect_ai,held-out,log/_recorders/buffer/database.py,SampleBufferDatabase._discard_thread_connection,no-action,0.3.261,0.3.261,1,TOO_YOUNG,,,,,,,,
inspect_ai:0.3.261:log/_recorders/buffer/database.py:SampleBufferDatabase._get_sample_metadata_value:565dbb166f5e7927,inspect_ai,UKGovernmentBEIS/inspect_ai,held-out,log/_recorders/buffer/database.py,SampleBufferDatabase._get_sample_metadata_value,silent-fallback,0.3.261,0.3.261,1,TOO_YOUNG,,,,,,,,
inspect_ai:0.3.209:log/_recorders/buffer/database.py:SampleBufferDatabase.get_sample_data:e4ef5d8fb27a2391,inspect_ai,UKGovernmentBEIS/inspect_ai,held-out,log/_recorders/buffer/database.py,SampleBufferDatabase.get_sample_data,silent-fallback,0.3.209,0.3.261,3,TOO_YOUNG,,,,,,,,
inspect_ai:0.3.209:log/_recorders/buffer/database.py:SampleBufferDatabase.remove_samples:b16fbb7e4323b634,inspect_ai,UKGovernmentBEIS/inspect_ai,held-out,log/_recorders/buffer/database.py,SampleBufferDatabase.remove_samples,no-action,0.3.209,0.3.261,3,TOO_YOUNG,,,,,,,,
inspect_ai:0.3.209:log/_recorders/buffer/filestore.py:SampleBufferFilestore.get_sample_data:f0948275d61c322f,inspect_ai,UKGovernmentBEIS/inspect_ai,held-out,log/_recorders/buffer/filestore.py,SampleBufferFilestore.get_sample_data,silent-fallback,0.3.209,0.3.261,3,TOO_YOUNG,,,,,,,,
inspect_ai:0.3.235:log/_recorders/buffer/filestore.py:SampleBufferFilestore.read_manifest:c1e03c10b1ff0bfe,inspect_ai,UKGovernmentBEIS/inspect_ai,held-out,log/_recorders/buffer/filestore.py,SampleBufferFilestore.read_manifest,silent-fallback,0.3.235,0.3.261,2,TOO_YOUNG,,,,,,,,
inspect_ai:0.3.261:log/_recorders/buffer/filestore.py:SampleBufferFilestore.write_segment:e49d166f7d995028,inspect_ai,UKGovernmentBEIS/inspect_ai,held-out,log/_recorders/buffer/filestore.py,SampleBufferFilestore.write_segment,,0.3.261,0.3.261,1,TOO_YOUNG,,,,,,,,
inspect_ai:0.3.261:log/_recorders/buffer/filestore.py:cleanup_sample_buffer_filestores:9a5865687374d8d4,inspect_ai,UKGovernmentBEIS/inspect_ai,held-out,log/_recorders/buffer/filestore.py,cleanup_sample_buffer_filestores,,0.3.261,0.3.261,1,TOO_YOUNG,,,,,,,,
inspect_ai:0.3.261:log/_recorders/eval.py:EvalRecorder.read_log:e3b642fe20bf5a51,inspect_ai,UKGovernmentBEIS/inspect_ai,held-out,log/_recorders/eval.py,EvalRecorder.read_log,,0.3.261,0.3.261,1,TOO_YOUNG,,,,,,,,
inspect_ai:0.3.261:log/_recorders/eval.py:ZipLogFile.close:c19e1be6833e32c8,inspect_ai,UKGovernmentBEIS/inspect_ai,held-out,log/_recorders/eval.py,ZipLogFile.close,,0.3.261,0.3.261,1,TOO_YOUNG,,,,,,,,
inspect_ai:0.3.261:log/_recorders/eval.py:ZipLogFile.flush:c9199743d974b4f3,inspect_ai,UKGovernmentBEIS/inspect_ai,held-out,log/_recorders/eval.py,ZipLogFile.flush,,0.3.261,0.3.261,1,TOO_YOUNG,,,,,,,,
inspect_ai:0.3.209:log/_recover/_api.py:_recoverable_eval_logs_async:46bb80b9280c70f7,inspect_ai,UKGovernmentBEIS/inspect_ai,held-out,log/_recover/_api.py,_recoverable_eval_logs_async,silent-fallback,0.3.209,0.3.261,3,TOO_YOUNG,,,,,,,,
inspect_ai:0.3.209:log/_recover/_buffer.py:read_buffer_recovery_data:8757793923876c40,inspect_ai,UKGovernmentBEIS/inspect_ai,held-out,log/_recover/_buffer.py,read_buffer_recovery_data,silent-fallback,0.3.209,0.3.261,3,TOO_YOUNG,,,,,,,,
inspect_ai:0.3.261:log/_recover/_stream.py:_write_sample_streaming:242cee23b25701c9,inspect_ai,UKGovernmentBEIS/inspect_ai,held-out,log/_recover/_stream.py,_write_sample_streaming,,0.3.261,0.3.261,1,TOO_YOUNG,,,,,,,,
inspect_ai:0.3.261:log/_samples.py:ActiveSample.awaiting_human:f12e1e8f455f823f,inspect_ai,UKGovernmentBEIS/inspect_ai,held-out,log/_samples.py,ActiveSample.awaiting_human,,0.3.261,0.3.261,1,TOO_YOUNG,,,,,,,,
inspect_ai:0.3.261:log/_samples.py:cleared_retry_wait:f12e1e8f455f823f,inspect_ai,UKGovernmentBEIS/inspect_ai,held-out,log/_samples.py,cleared_retry_wait,,0.3.261,0.3.261,1,TOO_YOUNG,,,,,,,,
inspect_ai:0.3.235:log/_transcript.py:Transcript._process_event:155d70ddafe955bc,inspect_ai,UKGovernmentBEIS/inspect_ai,held-out,log/_transcript.py,Transcript._process_event,,0.3.235,0.3.261,2,TOO_YOUNG,,,,,,,,
inspect_ai:0.3.261:model/_assistant_internal.py:dump_sample_assistant_internal:9be992eeed8a0999,inspect_ai,UKGovernmentBEIS/inspect_ai,held-out,model/_assistant_internal.py,dump_sample_assistant_internal,no-action,0.3.261,0.3.261,1,TOO_YOUNG,,,,,,,,
inspect_ai:0.3.261:model/_assistant_internal.py:dump_sample_assistant_internal:db7a865fa759da62,inspect_ai,UKGovernmentBEIS/inspect_ai,held-out,model/_assistant_internal.py,dump_sample_assistant_internal,no-action,0.3.261,0.3.261,1,TOO_YOUNG,,,,,,,,
inspect_ai:0.3.261:model/_assistant_internal.py:init_sample_assistant_internal:7562a5e2c291151a,inspect_ai,UKGovernmentBEIS/inspect_ai,held-out,model/_assistant_internal.py,init_sample_assistant_internal,no-action,0.3.261,0.3.261,1,TOO_YOUNG,,,,,,,,
inspect_ai:0.3.261:model/_assistant_internal.py:init_sample_assistant_internal:bca1769fd7bff781,inspect_ai,UKGovernmentBEIS/inspect_ai,held-out,model/_assistant_internal.py,init_sample_assistant_internal,no-action,0.3.261,0.3.261,1,TOO_YOUNG,,,,,,,,
inspect_ai:0.3.235:model/_call_tools.py:_execute_tools_impl:2d0a0f32b8aa597d,inspect_ai,UKGovernmentBEIS/inspect_ai,held-out,model/_call_tools.py,_execute_tools_impl,,0.3.235,0.3.261,2,TOO_YOUNG,,,,,,,,
inspect_ai:0.3.235:model/_call_tools.py:_execute_tools_impl.run_one:d674b887a89fd32a,inspect_ai,UKGovernmentBEIS/inspect_ai,held-out,model/_call_tools.py,_execute_tools_impl.run_one,no-action,0.3.235,0.3.261,2,TOO_YOUNG,,,,,,,,
inspect_ai:0.3.261:model/_call_tools.py:_object_with_trailing_quotes:509bf095ee0edca4,inspect_ai,UKGovernmentBEIS/inspect_ai,held-out,model/_call_tools.py,_object_with_trailing_quotes,silent-fallback,0.3.261,0.3.261,1,TOO_YOUNG,,,,,,,,
inspect_ai:0.3.235:model/_call_tools.py:agent_handoff:66d27908b53a38da,inspect_ai,UKGovernmentBEIS/inspect_ai,held-out,model/_call_tools.py,agent_handoff,,0.3.235,0.3.261,2,TOO_YOUNG,,,,,,,,
inspect_ai:0.3.235:model/_call_tools.py:tool_call_view:7e351741e9c03d64,inspect_ai,UKGovernmentBEIS/inspect_ai,held-out,model/_call_tools.py,tool_call_view,silent-fallback,0.3.235,0.3.261,2,TOO_YOUNG,,,,,,,,
inspect_ai:0.3.209:model/_chat_message.py:ChatMessageBase._wrap:6a7aab0715881e38,inspect_ai,UKGovernmentBEIS/inspect_ai,held-out,model/_chat_message.py,ChatMessageBase._wrap,,0.3.209,0.3.261,3,TOO_YOUNG,,,,,,,,
inspect_ai:0.3.261:model/_model.py:Model._connection_concurrency:fd603ac495228c71,inspect_ai,UKGovernmentBEIS/inspect_ai,held-out,model/_model.py,Model._connection_concurrency,,0.3.261,0.3.261,1,TOO_YOUNG,,,,,,,,
inspect_ai:0.3.261:model/_model.py:Model._generate:e1a54b06805cfb98,inspect_ai,UKGovernmentBEIS/inspect_ai,held-out,model/_model.py,Model._generate,,0.3.261,0.3.261,1,TOO_YOUNG,,,,,,,,
inspect_ai:0.3.261:model/_model.py:Model.count_tokens:a76a18d974cebd15,inspect_ai,UKGovernmentBEIS/inspect_ai,held-out,model/_model.py,Model.count_tokens,,0.3.261,0.3.261,1,TOO_YOUNG,,,,,,,,
inspect_ai:0.3.261:model/_model.py:_held_connection_slot:7adae53dff902075,inspect_ai,UKGovernmentBEIS/inspect_ai,held-out,model/_model.py,_held_connection_slot,,0.3.261,0.3.261,1,TOO_YOUNG,,,,,,,,
inspect_ai:0.3.235:model/_model.py:use_model_event_sink:f12e1e8f455f823f,inspect_ai,UKGovernmentBEIS/inspect_ai,held-out,model/_model.py,use_model_event_sink,,0.3.235,0.3.261,2,TOO_YOUNG,,,,,,,,
inspect_ai:0.3.209:model/_model_call.py:as_error_response:6c846bc535cc849b,inspect_ai,UKGovernmentBEIS/inspect_ai,held-out,model/_model_call.py,as_error_response,,0.3.209,0.3.261,3,TOO_YOUNG,,,,,,,,
inspect_ai:0.3.209:model/_model_call.py:as_error_response:c2727045c981e09a,inspect_ai,UKGovernmentBEIS/inspect_ai,held-out,model/_model_call.py,as_error_response,,0.3.209,0.3.261,3,TOO_YOUNG,,,,,,,,
inspect_ai:0.3.261:model/_model_data/sync_models.py:fetch_fireworks_models:db1bf43177de7b99,inspect_ai,UKGovernmentBEIS/inspect_ai,held-out,model/_model_data/sync_models.py,fetch_fireworks_models,,0.3.261,0.3.261,1,TOO_YOUNG,,,,,,,,
inspect_ai:0.3.261:model/_model_info.py:_resolve_model_info:83003b035445ff72,inspect_ai,UKGovernmentBEIS/inspect_ai,held-out,model/_model_info.py,_resolve_model_info,silent-fallback,0.3.261,0.3.261,1,TOO_YOUNG,,,,,,,,
inspect_ai:0.3.261:model/_model_output.py:collect_stop_details:59da72769cb45c79,inspect_ai,UKGovernmentBEIS/inspect_ai,held-out,model/_model_output.py,collect_stop_details,silent-fallback,0.3.261,0.3.261,1,TOO_YOUNG,,,,,,,,
inspect_ai:0.3.261:model/_openai.py:openai_chat_completion_stream_final:3a60c27d7ce5de3c,inspect_ai,UKGovernmentBEIS/inspect_ai,held-out,model/_openai.py,openai_chat_completion_stream_final,,0.3.261,0.3.261,1,TOO_YOUNG,,,,,,,,
inspect_ai:0.3.235:model/_openai_responses.py:_responses_call_to_inspect:1df693559a60fd1c,inspect_ai,UKGovernmentBEIS/inspect_ai,held-out,model/_openai_responses.py,_responses_call_to_inspect,silent-fallback,0.3.235,0.3.261,2,TOO_YOUNG,,,,,,,,
inspect_ai:0.3.235:model/_openai_responses.py:_tool_search_output_param_from_tool_message:5495f6d038a64c16,inspect_ai,UKGovernmentBEIS/inspect_ai,held-out,model/_openai_responses.py,_tool_search_output_param_from_tool_message,silent-fallback,0.3.235,0.3.261,2,TOO_YOUNG,,,,,,,,
inspect_ai:0.3.261:model/_openai_responses.py:parse_web_search_action:5c719fdac82232b5,inspect_ai,UKGovernmentBEIS/inspect_ai,held-out,model/_openai_responses.py,parse_web_search_action,,0.3.261,0.3.261,1,TOO_YOUNG,,,,,,,,
inspect_ai:0.3.235:model/_openai_responses.py:tool_call_from_openai_tool_search_call:4195be250425c5eb,inspect_ai,UKGovernmentBEIS/inspect_ai,held-out,model/_openai_responses.py,tool_call_from_openai_tool_search_call,silent-fallback,0.3.235,0.3.261,2,TOO_YOUNG,,,,,,,,
inspect_ai:0.3.209:model/_openai_responses.py:tool_use_to_mcp_list_tools_param:2dd193ee3b61ef5e,inspect_ai,UKGovernmentBEIS/inspect_ai,held-out,model/_openai_responses.py,tool_use_to_mcp_list_tools_param,silent-fallback,0.3.209,0.3.261,3,TOO_YOUNG,,,,,,,,
inspect_ai:0.3.209:model/_providers/azureai.py:AzureAIAPI.generate:aa9137ae34f47f1c,inspect_ai,UKGovernmentBEIS/inspect_ai,held-out,model/_providers/azureai.py,AzureAIAPI.generate,,0.3.209,0.3.261,3,TOO_YOUNG,,,,,,,,
inspect_ai:0.3.261:model/_providers/google.py:GoogleGenAIAPI.generate:41c2d55da815b1fd,inspect_ai,UKGovernmentBEIS/inspect_ai,held-out,model/_providers/google.py,GoogleGenAIAPI.generate,,0.3.261,0.3.261,1,TOO_YOUNG,,,,,,,,
inspect_ai:0.3.209:model/_providers/groq.py:GroqAPI.generate:3d28eb27a204cc9a,inspect_ai,UKGovernmentBEIS/inspect_ai,held-out,model/_providers/groq.py,GroqAPI.generate,,0.3.209,0.3.261,3,TOO_YOUNG,,,,,,,,
inspect_ai:0.3.261:model/_providers/hf.py:HuggingFaceAPI._apply_chat_template:969561405ea5fcc6,inspect_ai,UKGovernmentBEIS/inspect_ai,held-out,model/_providers/hf.py,HuggingFaceAPI._apply_chat_template,,0.3.261,0.3.261,1,TOO_YOUNG,,,,,,,,
inspect_ai:0.3.261:model/_providers/hf.py:HuggingFaceAPI._apply_chat_template:9e7baae3d4dc37f5,inspect_ai,UKGovernmentBEIS/inspect_ai,held-out,model/_providers/hf.py,HuggingFaceAPI._apply_chat_template,,0.3.261,0.3.261,1,TOO_YOUNG,,,,,,,,
inspect_ai:0.3.261:model/_providers/openai.py:OpenAIAPI.count_text_tokens:bf4a5dfb2b29ea3b,inspect_ai,UKGovernmentBEIS/inspect_ai,held-out,model/_providers/openai.py,OpenAIAPI.count_text_tokens,,0.3.261,0.3.261,1,TOO_YOUNG,,,,,,,,
inspect_ai:0.3.209:model/_providers/openai.py:OpenAIAPI.count_tokens:7d1c8ec59dc7c44f,inspect_ai,UKGovernmentBEIS/inspect_ai,held-out,model/_providers/openai.py,OpenAIAPI.count_tokens,no-action,0.3.209,0.3.261,3,TOO_YOUNG,,,,,,,,
inspect_ai:0.3.261:model/_providers/openai.py:OpenAIAPI.reasoning_summaries:edf579d0ce98d19c,inspect_ai,UKGovernmentBEIS/inspect_ai,held-out,model/_providers/openai.py,OpenAIAPI.reasoning_summaries,silent-fallback,0.3.261,0.3.261,1,TOO_YOUNG,,,,,,,,
inspect_ai:0.3.235:model/_providers/util/hooks.py:HttpHooks.record_response:e6ccfa7230d1f74b,inspect_ai,UKGovernmentBEIS/inspect_ai,held-out,model/_providers/util/hooks.py,HttpHooks.record_response,silent-fallback,0.3.235,0.3.261,2,TOO_YOUNG,,,,,,,,
inspect_ai:0.3.209:model/_providers/vllm.py:_is_dead_local_vllm_endpoint:633b4a18af124aa5,inspect_ai,UKGovernmentBEIS/inspect_ai,held-out,model/_providers/vllm.py,_is_dead_local_vllm_endpoint,silent-fallback,0.3.209,0.3.261,3,TOO_YOUNG,,,,,,,,
inspect_ai:0.3.209:model/_reasoning.py:_parse_internal_attr:30a37e2957ec4962,inspect_ai,UKGovernmentBEIS/inspect_ai,held-out,model/_reasoning.py,_parse_internal_attr,silent-fallback,0.3.209,0.3.261,3,TOO_YOUNG,,,,,,,,
inspect_ai:0.3.261:model/_stream.py:model_stream_observer:f12e1e8f455f823f,inspect_ai,UKGovernmentBEIS/inspect_ai,held-out,model/_stream.py,model_stream_observer,,0.3.261,0.3.261,1,TOO_YOUNG,,,,,,,,
inspect_ai:0.3.261:scorer/_common.py:_parse_number:77b529b4275b76a5,inspect_ai,UKGovernmentBEIS/inspect_ai,held-out,scorer/_common.py,_parse_number,,0.3.261,0.3.261,1,TOO_YOUNG,,,,,,,,
inspect_ai:0.3.261:scorer/_math.py:_expression_equivalent:336a989dfb2bbabc,inspect_ai,UKGovernmentBEIS/inspect_ai,held-out,scorer/_math.py,_expression_equivalent,no-action,0.3.261,0.3.261,1,TOO_YOUNG,,,,,,,,
inspect_ai:0.3.261:scorer/_math.py:_expression_equivalent:bf3a901e3e9a4ba3,inspect_ai,UKGovernmentBEIS/inspect_ai,held-out,scorer/_math.py,_expression_equivalent,no-action,0.3.261,0.3.261,1,TOO_YOUNG,,,,,,,,
inspect_ai:0.3.261:scorer/_math.py:_integer_too_large:6c549b054e28af62,inspect_ai,UKGovernmentBEIS/inspect_ai,held-out,scorer/_math.py,_integer_too_large,silent-fallback,0.3.261,0.3.261,1,TOO_YOUNG,,,,,,,,
inspect_ai:0.3.261:scorer/_math.py:_math_worker_context:483172184be23b44,inspect_ai,UKGovernmentBEIS/inspect_ai,held-out,scorer/_math.py,_math_worker_context,,0.3.261,0.3.261,1,TOO_YOUNG,,,,,,,,
inspect_ai:0.3.261:scorer/_math.py:_numeric_equivalent:98812dde9ceb535a,inspect_ai,UKGovernmentBEIS/inspect_ai,held-out,scorer/_math.py,_numeric_equivalent,silent-fallback,0.3.261,0.3.261,1,TOO_YOUNG,,,,,,,,
inspect_ai:0.3.261:scorer/_math.py:_parse_candidate:2b8d68bd45e98856,inspect_ai,UKGovernmentBEIS/inspect_ai,held-out,scorer/_math.py,_parse_candidate,no-action,0.3.261,0.3.261,1,TOO_YOUNG,,,,,,,,
inspect_ai:0.3.261:scorer/_math.py:_parse_expression:babf93f69ff8920e,inspect_ai,UKGovernmentBEIS/inspect_ai,held-out,scorer/_math.py,_parse_expression,silent-fallback,0.3.261,0.3.261,1,TOO_YOUNG,,,,,,,,
inspect_ai:0.3.261:scorer/_math.py:_parse_plain_expression:e32bb6c378e3482c,inspect_ai,UKGovernmentBEIS/inspect_ai,held-out,scorer/_math.py,_parse_plain_expression,silent-fallback,0.3.261,0.3.261,1,TOO_YOUNG,,,,,,,,
inspect_ai:0.3.261:scorer/_math.py:_parse_targets_worker:481f0c931c5cde87,inspect_ai,UKGovernmentBEIS/inspect_ai,held-out,scorer/_math.py,_parse_targets_worker,,0.3.261,0.3.261,1,TOO_YOUNG,,,,,,,,
inspect_ai:0.3.261:scorer/_math.py:_parse_targets_worker:4c2a369ac9b782b3,inspect_ai,UKGovernmentBEIS/inspect_ai,held-out,scorer/_math.py,_parse_targets_worker,,0.3.261,0.3.261,1,TOO_YOUNG,,,,,,,,
inspect_ai:0.3.261:scorer/_math.py:_score_answer_worker:6a321ffddf8f5401,inspect_ai,UKGovernmentBEIS/inspect_ai,held-out,scorer/_math.py,_score_answer_worker,,0.3.261,0.3.261,1,TOO_YOUNG,,,,,,,,
inspect_ai:0.3.261:scorer/_math.py:_score_answer_worker:addc993ca387e247,inspect_ai,UKGovernmentBEIS/inspect_ai,held-out,scorer/_math.py,_score_answer_worker,,0.3.261,0.3.261,1,TOO_YOUNG,,,,,,,,
inspect_ai:0.3.261:scorer/_math.py:_validate_expression:971c9a2e2e8b2990,inspect_ai,UKGovernmentBEIS/inspect_ai,held-out,scorer/_math.py,_validate_expression,,0.3.261,0.3.261,1,TOO_YOUNG,,,,,,,,
inspect_ai:0.3.261:scorer/_math.py:_validate_expression:d6ea4cb6a3077fcc,inspect_ai,UKGovernmentBEIS/inspect_ai,held-out,scorer/_math.py,_validate_expression,silent-fallback,0.3.261,0.3.261,1,TOO_YOUNG,,,,,,,,
inspect_ai:0.3.261:scorer/_math.py:math.score:162ff6c0dcfb65e3,inspect_ai,UKGovernmentBEIS/inspect_ai,held-out,scorer/_math.py,math.score,silent-fallback,0.3.261,0.3.261,1,TOO_YOUNG,,,,,,,,
inspect_ai:0.3.261:scorer/_math.py:math.score:c0499527397ac780,inspect_ai,UKGovernmentBEIS/inspect_ai,held-out,scorer/_math.py,math.score,silent-fallback,0.3.261,0.3.261,1,TOO_YOUNG,,,,,,,,
inspect_ai:0.3.261:scorer/_metrics/perplexity.py:perplexity_per_seq.metric_fn:d70e087f0229a39c,inspect_ai,UKGovernmentBEIS/inspect_ai,held-out,scorer/_metrics/perplexity.py,perplexity_per_seq.metric_fn,,0.3.261,0.3.261,1,TOO_YOUNG,,,,,,,,
inspect_ai:0.3.261:scorer/_metrics/perplexity.py:perplexity_per_token.metric_fn:68838c715aa1de59,inspect_ai,UKGovernmentBEIS/inspect_ai,held-out,scorer/_metrics/perplexity.py,perplexity_per_token.metric_fn,,0.3.261,0.3.261,1,TOO_YOUNG,,,,,,,,
inspect_ai:0.3.261:solver/_plan.py:Plan.__call__:1928a999ab140440,inspect_ai,UKGovernmentBEIS/inspect_ai,held-out,solver/_plan.py,Plan.__call__,,0.3.261,0.3.261,1,TOO_YOUNG,,,,,,,,
inspect_ai:0.3.235:tool/_mcp/_local.py:_stdio_client_forwarding_stderr:815c02f8bf78066e,inspect_ai,UKGovernmentBEIS/inspect_ai,held-out,tool/_mcp/_local.py,_stdio_client_forwarding_stderr,,0.3.235,0.3.261,2,TOO_YOUNG,,,,,,,,
inspect_ai:0.3.235:tool/_mcp/_local.py:_stdio_client_forwarding_stderr._drain:5c65336c713c8868,inspect_ai,UKGovernmentBEIS/inspect_ai,held-out,tool/_mcp/_local.py,_stdio_client_forwarding_stderr._drain,,0.3.235,0.3.261,2,TOO_YOUNG,,,,,,,,
inspect_ai:0.3.261:tool/_mcp/_sandbox.py:sandbox_client.stdin_writer:784877346222456c,inspect_ai,UKGovernmentBEIS/inspect_ai,held-out,tool/_mcp/_sandbox.py,sandbox_client.stdin_writer,,0.3.261,0.3.261,1,TOO_YOUNG,,,,,,,,
inspect_ai:0.3.261:tool/_mcp/_sandbox.py:sandbox_client.stdin_writer:f7fc6c94f82136fc,inspect_ai,UKGovernmentBEIS/inspect_ai,held-out,tool/_mcp/_sandbox.py,sandbox_client.stdin_writer,,0.3.261,0.3.261,1,TOO_YOUNG,,,,,,,,
inspect_ai:0.3.235:tool/_mcp/_sandbox.py:sandbox_client.stdin_writer.send_to_read_stream:bf1f8fe74a13fdd1,inspect_ai,UKGovernmentBEIS/inspect_ai,held-out,tool/_mcp/_sandbox.py,sandbox_client.stdin_writer.send_to_read_stream,,0.3.235,0.3.261,2,TOO_YOUNG,,,,,,,,
inspect_ai:0.3.261:tool/_mcp/sampling.py:sampling_fn:8951fb24901b2dfd,inspect_ai,UKGovernmentBEIS/inspect_ai,held-out,tool/_mcp/sampling.py,sampling_fn,,0.3.261,0.3.261,1,TOO_YOUNG,,,,,,,,
inspect_ai:0.3.261:tool/_sandbox_tools_utils/_build_bundled_executable.py:_verify_build:d1af8e7bc6bbe2a7,inspect_ai,UKGovernmentBEIS/inspect_ai,held-out,tool/_sandbox_tools_utils/_build_bundled_executable.py,_verify_build,no-action,0.3.261,0.3.261,1,TOO_YOUNG,,,,,,,,
inspect_ai:0.3.261:tool/_sandbox_tools_utils/build_within_container.py:<module>:ba759f5a801f9cf8,inspect_ai,UKGovernmentBEIS/inspect_ai,held-out,tool/_sandbox_tools_utils/build_within_container.py,<module>,,0.3.261,0.3.261,1,TOO_YOUNG,,,,,,,,
inspect_ai:0.3.261:tool/_sandbox_tools_utils/build_within_container.py:main:0800e16d0edb9a5d,inspect_ai,UKGovernmentBEIS/inspect_ai,held-out,tool/_sandbox_tools_utils/build_within_container.py,main,,0.3.261,0.3.261,1,TOO_YOUNG,,,,,,,,
inspect_ai:0.3.261:tool/_sandbox_tools_utils/sandbox.py:_check_main_divergence:bf761db6b82baca9,inspect_ai,UKGovernmentBEIS/inspect_ai,held-out,tool/_sandbox_tools_utils/sandbox.py,_check_main_divergence,,0.3.261,0.3.261,1,TOO_YOUNG,,,,,,,,
inspect_ai:0.3.261:tool/_sandbox_tools_utils/sandbox.py:_create_tools_dir_as_root:a9210b818cbd6579,inspect_ai,UKGovernmentBEIS/inspect_ai,held-out,tool/_sandbox_tools_utils/sandbox.py,_create_tools_dir_as_root,silent-fallback,0.3.261,0.3.261,1,TOO_YOUNG,,,,,,,,
inspect_ai:0.3.261:tool/_sandbox_tools_utils/sandbox.py:_download_and_verify_blocking:d27de6f694fb9cdb,inspect_ai,UKGovernmentBEIS/inspect_ai,held-out,tool/_sandbox_tools_utils/sandbox.py,_download_and_verify_blocking,,0.3.261,0.3.261,1,TOO_YOUNG,,,,,,,,
inspect_ai:0.3.261:tool/_sandbox_tools_utils/sandbox.py:_download_unverified_blocking:22c809fce340c25c,inspect_ai,UKGovernmentBEIS/inspect_ai,held-out,tool/_sandbox_tools_utils/sandbox.py,_download_unverified_blocking,,0.3.261,0.3.261,1,TOO_YOUNG,,,,,,,,
inspect_ai:0.3.261:tool/_sandbox_tools_utils/sandbox.py:_uncompressed_tar_bytes:ad115dbfc6823078,inspect_ai,UKGovernmentBEIS/inspect_ai,held-out,tool/_sandbox_tools_utils/sandbox.py,_uncompressed_tar_bytes,,0.3.261,0.3.261,1,TOO_YOUNG,,,,,,,,
inspect_ai:0.3.261:tool/_sandbox_tools_utils/upload_to_s3.py:<module>:b1e4b4c5caa7de68,inspect_ai,UKGovernmentBEIS/inspect_ai,held-out,tool/_sandbox_tools_utils/upload_to_s3.py,<module>,,0.3.261,0.3.261,1,TOO_YOUNG,,,,,,,,
inspect_ai:0.3.261:tool/_tools/_web_search/_google.py:google_search_provider.search.fetch_pages.process_link:7535440d58805058,inspect_ai,UKGovernmentBEIS/inspect_ai,held-out,tool/_tools/_web_search/_google.py,google_search_provider.search.fetch_pages.process_link,no-action,0.3.261,0.3.261,1,TOO_YOUNG,,,,,,,,
inspect_ai:0.3.209:tool/_tools/_web_search/_tavily.py:_is_query_too_long_error:b8e7f3a1e2045fe4,inspect_ai,UKGovernmentBEIS/inspect_ai,held-out,tool/_tools/_web_search/_tavily.py,_is_query_too_long_error,no-action,0.3.209,0.3.261,3,TOO_YOUNG,,,,,,,,
inspect_ai:0.3.261:util/_checkpoint/_host_egress.py:_committed_checkpoint_or_other:3be94717f1939de0,inspect_ai,UKGovernmentBEIS/inspect_ai,held-out,util/_checkpoint/_host_egress.py,_committed_checkpoint_or_other,silent-fallback,0.3.261,0.3.261,1,TOO_YOUNG,,,,,,,,
inspect_ai:0.3.235:util/_checkpoint/_layout/sample_checkpoints_dir.py:_list_checkpoint_ids:7907d979170ae233,inspect_ai,UKGovernmentBEIS/inspect_ai,held-out,util/_checkpoint/_layout/sample_checkpoints_dir.py,_list_checkpoint_ids,,0.3.235,0.3.261,2,TOO_YOUNG,,,,,,,,
inspect_ai:0.3.235:util/_checkpoint/_layout/sample_checkpoints_dir.py:_list_checkpoint_ids:7bdd18f6f2ac4986,inspect_ai,UKGovernmentBEIS/inspect_ai,held-out,util/_checkpoint/_layout/sample_checkpoints_dir.py,_list_checkpoint_ids,no-action,0.3.235,0.3.261,2,TOO_YOUNG,,,,,,,,
inspect_ai:0.3.261:util/_checkpoint/_layout/sample_checkpoints_dir.py:scan_latest_committed_checkpoint:7e8e0676dcc4dc41,inspect_ai,UKGovernmentBEIS/inspect_ai,held-out,util/_checkpoint/_layout/sample_checkpoints_dir.py,scan_latest_committed_checkpoint,,0.3.261,0.3.261,1,TOO_YOUNG,,,,,,,,
inspect_ai:0.3.261:util/_checkpoint/_snapshot/archive.py:ArchiveStrategy.snapshot:a21879cf7f70c227,inspect_ai,UKGovernmentBEIS/inspect_ai,held-out,util/_checkpoint/_snapshot/archive.py,ArchiveStrategy.snapshot,,0.3.261,0.3.261,1,TOO_YOUNG,,,,,,,,
inspect_ai:0.3.261:util/_checkpoint/_snapshot/archive.py:_archive_checkpoint_id:b5bf2298a018e99b,inspect_ai,UKGovernmentBEIS/inspect_ai,held-out,util/_checkpoint/_snapshot/archive.py,_archive_checkpoint_id,silent-fallback,0.3.261,0.3.261,1,TOO_YOUNG,,,,,,,,
inspect_ai:0.3.261:util/_checkpoint/checkpointer_impl.py:_EnteredCheckpointer._fire_once:95cead87fcb7367e,inspect_ai,UKGovernmentBEIS/inspect_ai,held-out,util/_checkpoint/checkpointer_impl.py,_EnteredCheckpointer._fire_once,,0.3.261,0.3.261,1,TOO_YOUNG,,,,,,,,
inspect_ai:0.3.235:util/_checkpoint/hydrate.py:_drop_orphan_snapshots:e622180807d98c91,inspect_ai,UKGovernmentBEIS/inspect_ai,held-out,util/_checkpoint/hydrate.py,_drop_orphan_snapshots,,0.3.235,0.3.261,2,TOO_YOUNG,,,,,,,,
inspect_ai:0.3.261:util/_checkpoint/hydrate.py:_validate_resume_state:69b57ec38a49c5bb,inspect_ai,UKGovernmentBEIS/inspect_ai,held-out,util/_checkpoint/hydrate.py,_validate_resume_state,,0.3.261,0.3.261,1,TOO_YOUNG,,,,,,,,
inspect_ai:0.3.261:util/_checkpoint/hydrate.py:_validate_resume_state:6fb009a1e019d6d9,inspect_ai,UKGovernmentBEIS/inspect_ai,held-out,util/_checkpoint/hydrate.py,_validate_resume_state,,0.3.261,0.3.261,1,TOO_YOUNG,,,,,,,,
inspect_ai:0.3.235:util/_input/_validate.py:validate_integer:8255e758e44c44f3,inspect_ai,UKGovernmentBEIS/inspect_ai,held-out,util/_input/_validate.py,validate_integer,,0.3.235,0.3.261,2,TOO_YOUNG,,,,,,,,
inspect_ai:0.3.235:util/_input/_validate.py:validate_number:2537c4b7236db7e6,inspect_ai,UKGovernmentBEIS/inspect_ai,held-out,util/_input/_validate.py,validate_number,,0.3.235,0.3.261,2,TOO_YOUNG,,,,,,,,
inspect_ai:0.3.235:util/_input/acp.py:_request_from_driver_with_fallback:f26d5070c69849f2,inspect_ai,UKGovernmentBEIS/inspect_ai,held-out,util/_input/acp.py,_request_from_driver_with_fallback,,0.3.235,0.3.261,2,TOO_YOUNG,,,,,,,,
inspect_ai:0.3.235:util/_input/builtin.py:_dispatch_builtin:4656c8a9bfd32943,inspect_ai,UKGovernmentBEIS/inspect_ai,held-out,util/_input/builtin.py,_dispatch_builtin,,0.3.235,0.3.261,2,TOO_YOUNG,,,,,,,,
inspect_ai:0.3.235:util/_input/console.py:_ask_multiselect:b45c0921ed3893b5,inspect_ai,UKGovernmentBEIS/inspect_ai,held-out,util/_input/console.py,_ask_multiselect,,0.3.235,0.3.261,2,TOO_YOUNG,,,,,,,,
inspect_ai:0.3.261:util/_input/console.py:_ask_schema:626a8ce403619c74,inspect_ai,UKGovernmentBEIS/inspect_ai,held-out,util/_input/console.py,_ask_schema,,0.3.261,0.3.261,1,TOO_YOUNG,,,,,,,,
inspect_ai:0.3.235:util/_input/console.py:console_handler:adba9c476222a432,inspect_ai,UKGovernmentBEIS/inspect_ai,held-out,util/_input/console.py,console_handler,,0.3.235,0.3.261,2,TOO_YOUNG,,,,,,,,
inspect_ai:0.3.235:util/_limit.py:_Tree.suspended:f12e1e8f455f823f,inspect_ai,UKGovernmentBEIS/inspect_ai,held-out,util/_limit.py,_Tree.suspended,,0.3.235,0.3.261,2,TOO_YOUNG,,,,,,,,
inspect_ai:0.3.261:util/_limit_overrides.py:sample_limit_override_scope:f12e1e8f455f823f,inspect_ai,UKGovernmentBEIS/inspect_ai,held-out,util/_limit_overrides.py,sample_limit_override_scope,,0.3.261,0.3.261,1,TOO_YOUNG,,,,,,,,
inspect_ai:0.3.235:util/_notify.py:apprise_scope:f12e1e8f455f823f,inspect_ai,UKGovernmentBEIS/inspect_ai,held-out,util/_notify.py,apprise_scope,,0.3.235,0.3.261,2,TOO_YOUNG,,,,,,,,
inspect_ai:0.3.209:util/_resource.py:resource:900c62183f52f613,inspect_ai,UKGovernmentBEIS/inspect_ai,held-out,util/_resource.py,resource,,0.3.209,0.3.261,3,TOO_YOUNG,,,,,,,,
inspect_ai:0.3.261:util/_restic/resolver.py:_resolve_blocking:b20240363b0ec3a2,inspect_ai,UKGovernmentBEIS/inspect_ai,held-out,util/_restic/resolver.py,_resolve_blocking,,0.3.261,0.3.261,1,TOO_YOUNG,,,,,,,,
inspect_ai:0.3.261:util/_sandbox/_json_rpc_transport.py:SandboxJSONRPCTransport._complete_chunked_response:30308987ab54aefb,inspect_ai,UKGovernmentBEIS/inspect_ai,held-out,util/_sandbox/_json_rpc_transport.py,SandboxJSONRPCTransport._complete_chunked_response,,0.3.261,0.3.261,1,TOO_YOUNG,,,,,,,,
inspect_ai:0.3.209:util/_sandbox/context.py:_is_file_readable:e1e52464900f7887,inspect_ai,UKGovernmentBEIS/inspect_ai,held-out,util/_sandbox/context.py,_is_file_readable,no-action,0.3.209,0.3.261,3,TOO_YOUNG,,,,,,,,
inspect_ai:0.3.261:util/_sandbox/context.py:sandbox_file_detector.detect_on_path:22e12818b16eda22,inspect_ai,UKGovernmentBEIS/inspect_ai,held-out,util/_sandbox/context.py,sandbox_file_detector.detect_on_path,silent-fallback,0.3.261,0.3.261,1,TOO_YOUNG,,,,,,,,
inspect_ai:0.3.209:util/_sandbox/docker/cleanup.py:_cleanup_orphaned_auto_compose_files:b2e0d0f315d82e9e,inspect_ai,UKGovernmentBEIS/inspect_ai,held-out,util/_sandbox/docker/cleanup.py,_cleanup_orphaned_auto_compose_files,,0.3.209,0.3.261,3,TOO_YOUNG,,,,,,,,
inspect_ai:0.3.261:util/_sandbox/docker/diagnostics.py:_inspect_state:4b5ecd25fc9098d1,inspect_ai,UKGovernmentBEIS/inspect_ai,held-out,util/_sandbox/docker/diagnostics.py,_inspect_state,,0.3.261,0.3.261,1,TOO_YOUNG,,,,,,,,
inspect_ai:0.3.261:util/_sandbox/docker/diagnostics.py:_log_tail:7a0dcb1981c30334,inspect_ai,UKGovernmentBEIS/inspect_ai,held-out,util/_sandbox/docker/diagnostics.py,_log_tail,,0.3.261,0.3.261,1,TOO_YOUNG,,,,,,,,
inspect_ai:0.3.261:util/_sandbox/docker/diagnostics.py:_ps_state:964ac0d9a3743ca3,inspect_ai,UKGovernmentBEIS/inspect_ai,held-out,util/_sandbox/docker/diagnostics.py,_ps_state,,0.3.261,0.3.261,1,TOO_YOUNG,,,,,,,,
inspect_ai:0.3.261:util/_sandbox/docker/diagnostics.py:service_dead:964ac0d9a3743ca3,inspect_ai,UKGovernmentBEIS/inspect_ai,held-out,util/_sandbox/docker/diagnostics.py,service_dead,silent-fallback,0.3.261,0.3.261,1,TOO_YOUNG,,,,,,,,
inspect_ai:0.3.209:util/_sandbox/environment.py:deserialize_sandbox_specific_config:dbbc0047a84d4dd3,inspect_ai,UKGovernmentBEIS/inspect_ai,held-out,util/_sandbox/environment.py,deserialize_sandbox_specific_config,no-action,0.3.209,0.3.261,3,TOO_YOUNG,,,,,,,,
inspect_ai:0.3.261:util/_sandbox/limits.py:override_max_exec_output_size:f12e1e8f455f823f,inspect_ai,UKGovernmentBEIS/inspect_ai,held-out,util/_sandbox/limits.py,override_max_exec_output_size,,0.3.261,0.3.261,1,TOO_YOUNG,,,,,,,,
inspect_ai:0.3.261:util/_sandbox/limits.py:override_max_read_file_size:f12e1e8f455f823f,inspect_ai,UKGovernmentBEIS/inspect_ai,held-out,util/_sandbox/limits.py,override_max_read_file_size,,0.3.261,0.3.261,1,TOO_YOUNG,,,,,,,,
inspect_ai:0.3.261:util/_sandbox/self_check.py:test_read_file_not_allowed:eca901046e553fcd,inspect_ai,UKGovernmentBEIS/inspect_ai,held-out,util/_sandbox/self_check.py,test_read_file_not_allowed,,0.3.261,0.3.261,1,TOO_YOUNG,,,,,,,,
inspect_ai:0.3.261:util/_sandbox/self_check.py:test_write_binary_file_without_permissions:98f9f87826ce3b2e,inspect_ai,UKGovernmentBEIS/inspect_ai,held-out,util/_sandbox/self_check.py,test_write_binary_file_without_permissions,,0.3.261,0.3.261,1,TOO_YOUNG,,,,,,,,
inspect_ai:0.3.261:util/_sandbox/self_check.py:test_write_text_file_without_permissions:7d2ba7f4aba73cff,inspect_ai,UKGovernmentBEIS/inspect_ai,held-out,util/_sandbox/self_check.py,test_write_text_file_without_permissions,,0.3.261,0.3.261,1,TOO_YOUNG,,,,,,,,
inspect_ai:0.3.261:util/_sandbox/service.py:SandboxService._handle_request:b0e4f93751a1f291,inspect_ai,UKGovernmentBEIS/inspect_ai,held-out,util/_sandbox/service.py,SandboxService._handle_request,,0.3.261,0.3.261,1,TOO_YOUNG,,,,,,,,
inspect_ai:0.3.261:util/_sandbox/service.py:SandboxService._handle_request:c50b2f8e4bf409e4,inspect_ai,UKGovernmentBEIS/inspect_ai,held-out,util/_sandbox/service.py,SandboxService._handle_request,silent-fallback,0.3.261,0.3.261,1,TOO_YOUNG,,,,,,,,
inspect_ai:0.3.261:util/_sandbox/service.py:SandboxService._request_size:e6ec658af0b90fbe,inspect_ai,UKGovernmentBEIS/inspect_ai,held-out,util/_sandbox/service.py,SandboxService._request_size,silent-fallback,0.3.261,0.3.261,1,TOO_YOUNG,,,,,,,,
inspect_ai:0.3.235:util/_span.py:span_id_provider:f12e1e8f455f823f,inspect_ai,UKGovernmentBEIS/inspect_ai,held-out,util/_span.py,span_id_provider,,0.3.235,0.3.261,2,TOO_YOUNG,,,,,,,,
inspect_ai:0.3.261:util/_subprocess.py:gracefully_terminate_cancelled_subprocess:c398badc3279370a,inspect_ai,UKGovernmentBEIS/inspect_ai,held-out,util/_subprocess.py,gracefully_terminate_cancelled_subprocess,no-action,0.3.261,0.3.261,1,TOO_YOUNG,,,,,,,,
inspect_ai:0.3.108:_display/log/display.py:LogDisplay.task_screen:b13c937a6b0efb57,inspect_ai,UKGovernmentBEIS/inspect_ai,held-out,_display/log/display.py,LogDisplay.task_screen,,0.3.108,0.3.108,1,VANISHED,,,,,,,,
inspect_ai:0.3.29:_display/rich.py:RichDisplay.task_screen:43999a9b0dacb41b,inspect_ai,UKGovernmentBEIS/inspect_ai,held-out,_display/rich.py,RichDisplay.task_screen,,0.3.29,0.3.29,1,VANISHED,,,,,,,,
inspect_ai:0.3.29:_display/rich.py:RichTaskScreen.input_screen:0f673d533763f18e,inspect_ai,UKGovernmentBEIS/inspect_ai,held-out,_display/rich.py,RichTaskScreen.input_screen,,0.3.29,0.3.29,1,VANISHED,,,,,,,,
inspect_ai:0.3.55:_display/rich/display.py:RichDisplay.task_screen:e254146f568af8ec,inspect_ai,UKGovernmentBEIS/inspect_ai,held-out,_display/rich/display.py,RichDisplay.task_screen,,0.3.55,0.3.55,1,VANISHED,,,,,,,,
inspect_ai:0.3.55:_display/textual/app.py:TaskScreenApp.get_input_panel:32cddb409f4274a0,inspect_ai,UKGovernmentBEIS/inspect_ai,held-out,_display/textual/app.py,TaskScreenApp.get_input_panel,silent-fallback,0.3.55,0.3.55,1,VANISHED,,,,,,,,
inspect_ai:0.3.209:_display/textual/app.py:TaskScreenApp.update_display:5f6e85fde7658bf7,inspect_ai,UKGovernmentBEIS/inspect_ai,held-out,_display/textual/app.py,TaskScreenApp.update_display,no-action,0.3.209,0.3.209,1,VANISHED,,,,,,,,
inspect_ai:0.3.209:_display/textual/widgets/tasks.py:TaskProgressView.update_description_width:b24a4fb318324ede,inspect_ai,UKGovernmentBEIS/inspect_ai,held-out,_display/textual/widgets/tasks.py,TaskProgressView.update_description_width,no-action,0.3.209,0.3.209,1,VANISHED,,,,,,,,
inspect_ai:0.3.108:_eval/eval.py:_eval_async_inner:cc2af28017c8a755,inspect_ai,UKGovernmentBEIS/inspect_ai,held-out,_eval/eval.py,_eval_async_inner,,0.3.108,0.3.108,1,VANISHED,,,,,,,,
inspect_ai:0.3.29:_eval/eval.py:eval_async:c2f654a075b99395,inspect_ai,UKGovernmentBEIS/inspect_ai,held-out,_eval/eval.py,eval_async,,0.3.29,0.3.29,1,VANISHED,,,,,,,,
inspect_ai:0.3.55:_eval/eval.py:eval_async:769f5769fc6b84da,inspect_ai,UKGovernmentBEIS/inspect_ai,held-out,_eval/eval.py,eval_async,,0.3.55,0.3.55,1,VANISHED,,,,,,,,
inspect_ai:0.3.82:_eval/eval.py:eval_async:e74822191ab1545e,inspect_ai,UKGovernmentBEIS/inspect_ai,held-out,_eval/eval.py,eval_async,,0.3.82,0.3.82,1,VANISHED,,,,,,,,
inspect_ai:0.3.108:_eval/eval.py:eval_async.run:8601e23e35bf88f8,inspect_ai,UKGovernmentBEIS/inspect_ai,held-out,_eval/eval.py,eval_async.run,,0.3.108,0.3.108,1,VANISHED,,,,,,,,
inspect_ai:0.3.134:_eval/eval.py:eval_async.run:888a41cdc10ca734,inspect_ai,UKGovernmentBEIS/inspect_ai,held-out,_eval/eval.py,eval_async.run,,0.3.134,0.3.162,2,VANISHED,,,,,,,,
inspect_ai:0.3.209:_eval/eval.py:eval_async.run:1cea0bdbafca0aed,inspect_ai,UKGovernmentBEIS/inspect_ai,held-out,_eval/eval.py,eval_async.run,,0.3.209,0.3.209,1,VANISHED,,,,,,,,
inspect_ai:0.3.235:_eval/eval.py:eval_async.run:ae2baead11c08195,inspect_ai,UKGovernmentBEIS/inspect_ai,held-out,_eval/eval.py,eval_async.run,,0.3.235,0.3.235,1,VANISHED,,,,,,,,
inspect_ai:0.3.29:_eval/list.py:parse_tasks:479b7ad94e6540dd,inspect_ai,UKGovernmentBEIS/inspect_ai,held-out,_eval/list.py,parse_tasks,no-action,0.3.29,0.3.29,1,VANISHED,,,,,,,,
inspect_ai:0.3.29:_eval/loader.py:resolve_task_args:5e7ea94751eafdf6,inspect_ai,UKGovernmentBEIS/inspect_ai,held-out,_eval/loader.py,resolve_task_args,silent-fallback,0.3.29,0.3.55,2,VANISHED,,,,,,,,
inspect_ai:0.3.108:_eval/run.py:eval_run:e35b46f7966b20d8,inspect_ai,UKGovernmentBEIS/inspect_ai,held-out,_eval/run.py,eval_run,,0.3.108,0.3.108,1,VANISHED,,,,,,,,
inspect_ai:0.3.134:_eval/run.py:eval_run:42c73b3008a92680,inspect_ai,UKGovernmentBEIS/inspect_ai,held-out,_eval/run.py,eval_run,,0.3.134,0.3.162,2,VANISHED,,,,,,,,
inspect_ai:0.3.209:_eval/run.py:eval_run:eb1ac14e731057c1,inspect_ai,UKGovernmentBEIS/inspect_ai,held-out,_eval/run.py,eval_run,,0.3.209,0.3.209,1,VANISHED,,,,,,,,
inspect_ai:0.3.235:_eval/run.py:eval_run:6306a175a10d0032,inspect_ai,UKGovernmentBEIS/inspect_ai,held-out,_eval/run.py,eval_run,,0.3.235,0.3.235,1,VANISHED,,,,,,,,
inspect_ai:0.3.29:_eval/run.py:eval_run:d9031a3b881aa51e,inspect_ai,UKGovernmentBEIS/inspect_ai,held-out,_eval/run.py,eval_run,,0.3.29,0.3.29,1,VANISHED,,,,,,,,
inspect_ai:0.3.55:_eval/run.py:eval_run:ec7d508faac4e74e,inspect_ai,UKGovernmentBEIS/inspect_ai,held-out,_eval/run.py,eval_run,,0.3.55,0.3.55,1,VANISHED,,,,,,,,
inspect_ai:0.3.82:_eval/run.py:eval_run:ddd3d6be22a0a776,inspect_ai,UKGovernmentBEIS/inspect_ai,held-out,_eval/run.py,eval_run,,0.3.82,0.3.82,1,VANISHED,,,,,,,,
inspect_ai:0.3.29:_eval/run.py:run_multiple:c9a42c5aebf9e7f4,inspect_ai,UKGovernmentBEIS/inspect_ai,held-out,_eval/run.py,run_multiple,,0.3.29,0.3.55,2,VANISHED,,,,,,,,
inspect_ai:0.3.82:_eval/run.py:run_multiple:5f7abf24dada991d,inspect_ai,UKGovernmentBEIS/inspect_ai,held-out,_eval/run.py,run_multiple,no-action,0.3.82,0.3.235,6,VANISHED,,,,,,,,
inspect_ai:0.3.82:_eval/run.py:run_multiple:7d4108ba63e1f592,inspect_ai,UKGovernmentBEIS/inspect_ai,held-out,_eval/run.py,run_multiple,no-action,0.3.82,0.3.235,6,VANISHED,,,,,,,,
inspect_ai:0.3.82:_eval/run.py:run_multiple:9589974d092fe800,inspect_ai,UKGovernmentBEIS/inspect_ai,held-out,_eval/run.py,run_multiple,no-action,0.3.82,0.3.235,6,VANISHED,,,,,,,,
inspect_ai:0.3.108:_eval/run.py:run_multiple.worker:f6a79cab8fb89921,inspect_ai,UKGovernmentBEIS/inspect_ai,held-out,_eval/run.py,run_multiple.worker,no-action,0.3.108,0.3.162,3,VANISHED,,,,,,,,
inspect_ai:0.3.209:_eval/run.py:run_multiple.worker:6c02b02a8e41cff9,inspect_ai,UKGovernmentBEIS/inspect_ai,held-out,_eval/run.py,run_multiple.worker,no-action,0.3.209,0.3.235,2,VANISHED,,,,,,,,
inspect_ai:0.3.82:_eval/run.py:run_multiple.worker:7d4108ba63e1f592,inspect_ai,UKGovernmentBEIS/inspect_ai,held-out,_eval/run.py,run_multiple.worker,no-action,0.3.82,0.3.235,6,VANISHED,,,,,,,,
inspect_ai:0.3.82:_eval/run.py:run_multiple.worker:d7e460d6bb5336af,inspect_ai,UKGovernmentBEIS/inspect_ai,held-out,_eval/run.py,run_multiple.worker,no-action,0.3.82,0.3.82,1,VANISHED,,,,,,,,
inspect_ai:0.3.29:_eval/run.py:run_single:ad479e2e2a83d1ee,inspect_ai,UKGovernmentBEIS/inspect_ai,held-out,_eval/run.py,run_single,,0.3.29,0.3.55,2,VANISHED,,,,,,,,
inspect_ai:0.3.209:_eval/run.py:run_task_retry_attempts:5f7abf24dada991d,inspect_ai,UKGovernmentBEIS/inspect_ai,held-out,_eval/run.py,run_task_retry_attempts,no-action,0.3.209,0.3.235,2,VANISHED,,,,,,,,
inspect_ai:0.3.209:_eval/run.py:run_task_retry_attempts:7d4108ba63e1f592,inspect_ai,UKGovernmentBEIS/inspect_ai,held-out,_eval/run.py,run_task_retry_attempts,no-action,0.3.209,0.3.235,2,VANISHED,,,,,,,,
inspect_ai:0.3.209:_eval/run.py:run_task_retry_attempts:9589974d092fe800,inspect_ai,UKGovernmentBEIS/inspect_ai,held-out,_eval/run.py,run_task_retry_attempts,no-action,0.3.209,0.3.235,2,VANISHED,,,,,,,,
inspect_ai:0.3.209:_eval/run.py:run_task_retry_attempts.worker:754f16f359785232,inspect_ai,UKGovernmentBEIS/inspect_ai,held-out,_eval/run.py,run_task_retry_attempts.worker,no-action,0.3.209,0.3.209,1,VANISHED,,,,,,,,
inspect_ai:0.3.209:_eval/run.py:run_task_retry_attempts.worker:7d4108ba63e1f592,inspect_ai,UKGovernmentBEIS/inspect_ai,held-out,_eval/run.py,run_task_retry_attempts.worker,no-action,0.3.209,0.3.235,2,VANISHED,,,,,,,,
inspect_ai:0.3.235:_eval/run.py:run_task_retry_attempts.worker:71df6ada22780f34,inspect_ai,UKGovernmentBEIS/inspect_ai,held-out,_eval/run.py,run_task_retry_attempts.worker,no-action,0.3.235,0.3.235,1,VANISHED,,,,,,,,
inspect_ai:0.3.2:_eval/task.py:Task._generate:32340d6e182427db,inspect_ai,UKGovernmentBEIS/inspect_ai,held-out,_eval/task.py,Task._generate,silent-fallback,0.3.2,0.3.2,1,VANISHED,,,,,,,,
inspect_ai:0.3.162:_eval/task/run.py:eval_log_sample_source.previous:72b639619a363b8a,inspect_ai,UKGovernmentBEIS/inspect_ai,held-out,_eval/task/run.py,eval_log_sample_source.previous,silent-fallback,0.3.162,0.3.162,1,VANISHED,,,,,,,,
inspect_ai:0.3.209:_eval/task/run.py:eval_log_sample_source.read_from_file:c4d2d6f96c3ff080,inspect_ai,UKGovernmentBEIS/inspect_ai,held-out,_eval/task/run.py,eval_log_sample_source.read_from_file,silent-fallback,0.3.209,0.3.209,1,VANISHED,,,,,,,,
inspect_ai:0.3.235:_eval/task/run.py:eval_log_sample_source.read_from_file:1a852e819fa967aa,inspect_ai,UKGovernmentBEIS/inspect_ai,held-out,_eval/task/run.py,eval_log_sample_source.read_from_file,no-action,0.3.235,0.3.235,1,VANISHED,,,,,,,,
inspect_ai:0.3.209:_eval/task/run.py:init_sample_assistant_internal:3ee046100bca082b,inspect_ai,UKGovernmentBEIS/inspect_ai,held-out,_eval/task/run.py,init_sample_assistant_internal,no-action,0.3.209,0.3.235,2,VANISHED,,,,,,,,
inspect_ai:0.3.209:_eval/task/run.py:init_sample_assistant_internal:ea584c87a3e5a7d4,inspect_ai,UKGovernmentBEIS/inspect_ai,held-out,_eval/task/run.py,init_sample_assistant_internal,no-action,0.3.209,0.3.235,2,VANISHED,,,,,,,,
inspect_ai:0.3.29:_eval/task/run.py:task_run:601b80204708c790,inspect_ai,UKGovernmentBEIS/inspect_ai,held-out,_eval/task/run.py,task_run,,0.3.29,0.3.29,1,VANISHED,,,,,,,,
inspect_ai:0.3.55:_eval/task/run.py:task_run:2cecc9bbcbfca824,inspect_ai,UKGovernmentBEIS/inspect_ai,held-out,_eval/task/run.py,task_run,,0.3.55,0.3.55,1,VANISHED,,,,,,,,
inspect_ai:0.3.82:_eval/task/run.py:task_run:945a4f7fe6bca368,inspect_ai,UKGovernmentBEIS/inspect_ai,held-out,_eval/task/run.py,task_run,no-action,0.3.82,0.3.108,2,VANISHED,,,,,,,,
inspect_ai:0.3.108:_eval/task/run.py:task_run.run_sample.run:2a321748e3733520,inspect_ai,UKGovernmentBEIS/inspect_ai,held-out,_eval/task/run.py,task_run.run_sample.run,,0.3.108,0.3.108,1,VANISHED,,,,,,,,
inspect_ai:0.3.108:_eval/task/run.py:task_run_sample:dce94ed55697fd4e,inspect_ai,UKGovernmentBEIS/inspect_ai,held-out,_eval/task/run.py,task_run_sample,,0.3.108,0.3.235,5,VANISHED,,,,,,,,
inspect_ai:0.3.108:_eval/task/run.py:task_run_sample:f527ae91c840af62,inspect_ai,UKGovernmentBEIS/inspect_ai,held-out,_eval/task/run.py,task_run_sample,,0.3.108,0.3.108,1,VANISHED,,,,,,,,
inspect_ai:0.3.134:_eval/task/run.py:task_run_sample:ac171e6a637d483a,inspect_ai,UKGovernmentBEIS/inspect_ai,held-out,_eval/task/run.py,task_run_sample,,0.3.134,0.3.134,1,VANISHED,,,,,,,,
inspect_ai:0.3.134:_eval/task/run.py:task_run_sample:e43e53a45d18d252,inspect_ai,UKGovernmentBEIS/inspect_ai,held-out,_eval/task/run.py,task_run_sample,,0.3.134,0.3.134,1,VANISHED,,,,,,,,
inspect_ai:0.3.162:_eval/task/run.py:task_run_sample:232d85ead3c4cf40,inspect_ai,UKGovernmentBEIS/inspect_ai,held-out,_eval/task/run.py,task_run_sample,,0.3.162,0.3.162,1,VANISHED,,,,,,,,
inspect_ai:0.3.162:_eval/task/run.py:task_run_sample:4c198808b5914f82,inspect_ai,UKGovernmentBEIS/inspect_ai,held-out,_eval/task/run.py,task_run_sample,,0.3.162,0.3.162,1,VANISHED,,,,,,,,
inspect_ai:0.3.209:_eval/task/run.py:task_run_sample:518716b79317d956,inspect_ai,UKGovernmentBEIS/inspect_ai,held-out,_eval/task/run.py,task_run_sample,,0.3.209,0.3.209,1,VANISHED,,,,,,,,
inspect_ai:0.3.209:_eval/task/run.py:task_run_sample:8e48f149814dd0c4,inspect_ai,UKGovernmentBEIS/inspect_ai,held-out,_eval/task/run.py,task_run_sample,,0.3.209,0.3.209,1,VANISHED,,,,,,,,
inspect_ai:0.3.235:_eval/task/run.py:task_run_sample:8b27b55becfb90c1,inspect_ai,UKGovernmentBEIS/inspect_ai,held-out,_eval/task/run.py,task_run_sample,,0.3.235,0.3.235,1,VANISHED,,,,,,,,
inspect_ai:0.3.235:_eval/task/run.py:task_run_sample:c9f1f0f247e19482,inspect_ai,UKGovernmentBEIS/inspect_ai,held-out,_eval/task/run.py,task_run_sample,,0.3.235,0.3.235,1,VANISHED,,,,,,,,
inspect_ai:0.3.29:_eval/task/run.py:task_run_sample:f424c96ca95eba42,inspect_ai,UKGovernmentBEIS/inspect_ai,held-out,_eval/task/run.py,task_run_sample,,0.3.29,0.3.29,1,VANISHED,,,,,,,,
inspect_ai:0.3.82:_eval/task/run.py:task_run_sample:10ee0ce16028c5ff,inspect_ai,UKGovernmentBEIS/inspect_ai,held-out,_eval/task/run.py,task_run_sample,,0.3.82,0.3.82,1,VANISHED,,,,,,,,
inspect_ai:0.3.162:_util/_async.py:run_coroutine:3be5e4c69097c6ed,inspect_ai,UKGovernmentBEIS/inspect_ai,held-out,_util/_async.py,run_coroutine,no-action,0.3.162,0.3.209,2,VANISHED,,,,,,,,
inspect_ai:0.3.55:_util/_async.py:run_coroutine:9315f80d63ee08e4,inspect_ai,UKGovernmentBEIS/inspect_ai,held-out,_util/_async.py,run_coroutine,,0.3.55,0.3.134,4,VANISHED,,,,,,,,
inspect_ai:0.3.209:_util/compression.py:ZstdDecompressor.decompress_next:1754e10fde824857,inspect_ai,UKGovernmentBEIS/inspect_ai,held-out,_util/compression.py,ZstdDecompressor.decompress_next,silent-fallback,0.3.209,0.3.209,1,VANISHED,,,,,,,,
inspect_ai:0.3.209:_util/compression_transcoding.py:_ZstdDecompressIterator.__anext__:1754e10fde824857,inspect_ai,UKGovernmentBEIS/inspect_ai,held-out,_util/compression_transcoding.py,_ZstdDecompressIterator.__anext__,silent-fallback,0.3.209,0.3.209,1,VANISHED,,,,,,,,
inspect_ai:0.3.134:_util/dateutil.py:is_file_older_than:7259d604fd04a1e3,inspect_ai,UKGovernmentBEIS/inspect_ai,held-out,_util/dateutil.py,is_file_older_than,,0.3.134,0.3.134,1,VANISHED,,,,,,,,
inspect_ai:0.3.82:_util/file.py:FileSystem.is_writeable:0bd1a1694d7acdf5,inspect_ai,UKGovernmentBEIS/inspect_ai,held-out,_util/file.py,FileSystem.is_writeable,silent-fallback,0.3.82,0.3.134,3,VANISHED,,,,,,,,
inspect_ai:0.3.55:_util/package.py:package_is_installed_editable:87738e60f3920725,inspect_ai,UKGovernmentBEIS/inspect_ai,held-out,_util/package.py,package_is_installed_editable,silent-fallback,0.3.55,0.3.108,3,VANISHED,,,,,,,,
inspect_ai:0.3.82:_util/trace.py:rotate_trace_files:1bdcf9dd5eb3862d,inspect_ai,UKGovernmentBEIS/inspect_ai,held-out,_util/trace.py,rotate_trace_files,no-action,0.3.82,0.3.134,3,VANISHED,,,,,,,,
inspect_ai:0.3.162:_view/fastapi_prereqs.py:verify_fastapi_prerequisites:720372334014eb4f,inspect_ai,UKGovernmentBEIS/inspect_ai,held-out,_view/fastapi_prereqs.py,verify_fastapi_prerequisites,,0.3.162,0.3.209,2,VANISHED,,,,,,,,
inspect_ai:0.3.162:_view/fastapi_prereqs.py:verify_fastapi_prerequisites:9d75f1d2713f0be2,inspect_ai,UKGovernmentBEIS/inspect_ai,held-out,_view/fastapi_prereqs.py,verify_fastapi_prerequisites,,0.3.162,0.3.209,2,VANISHED,,,,,,,,
inspect_ai:0.3.209:_view/fastapi_server.py:view_server_app.api_log:cfe08775ee4ca5ed,inspect_ai,UKGovernmentBEIS/inspect_ai,held-out,_view/fastapi_server.py,view_server_app.api_log,,0.3.209,0.3.209,1,VANISHED,,,,,,,,
inspect_ai:0.3.209:_view/view.py:_should_use_fastapi:9c63d92d4af8aa66,inspect_ai,UKGovernmentBEIS/inspect_ai,held-out,_view/view.py,_should_use_fastapi,silent-fallback,0.3.209,0.3.209,1,VANISHED,,,,,,,,
inspect_ai:0.3.29:_view/www/node_modules/flatted/python/flatted.py:_relate:e0d522807f693eba,inspect_ai,UKGovernmentBEIS/inspect_ai,held-out,_view/www/node_modules/flatted/python/flatted.py,_relate,,0.3.29,0.3.29,1,VANISHED,,,,,,,,
inspect_ai:0.3.82:_view/www/node_modules/flatted/python/flatted.py:_relate:e0d522807f693eba,inspect_ai,UKGovernmentBEIS/inspect_ai,held-out,_view/www/node_modules/flatted/python/flatted.py,_relate,,0.3.82,0.3.134,3,VANISHED,,,,,,,,
inspect_ai:0.3.235:agent/_acp/discovery.py:cleanup_stale_discovery_files:da297681b65f950d,inspect_ai,UKGovernmentBEIS/inspect_ai,held-out,agent/_acp/discovery.py,cleanup_stale_discovery_files,no-action,0.3.235,0.3.235,1,VANISHED,,,,,,,,
inspect_ai:0.3.235:agent/_acp/session_router.py:Forwarders._run_semantic_forwarder:50e13908c315e7a4,inspect_ai,UKGovernmentBEIS/inspect_ai,held-out,agent/_acp/session_router.py,Forwarders._run_semantic_forwarder,,0.3.235,0.3.235,1,VANISHED,,,,,,,,
inspect_ai:0.3.235:agent/_acp/tui/client.py:AttachedSession._establish_connection:9d3a3ea937b80ee0,inspect_ai,UKGovernmentBEIS/inspect_ai,held-out,agent/_acp/tui/client.py,AttachedSession._establish_connection,no-action,0.3.235,0.3.235,1,VANISHED,,,,,,,,
inspect_ai:0.3.235:agent/_acp/tui/client.py:_stop_task:c7f731decb2fb1ad,inspect_ai,UKGovernmentBEIS/inspect_ai,held-out,agent/_acp/tui/client.py,_stop_task,no-action,0.3.235,0.3.235,1,VANISHED,,,,,,,,
inspect_ai:0.3.108:agent/_as_solver.py:as_solver.agent_to_solver.solve:e5564cf2746ba60f,inspect_ai,UKGovernmentBEIS/inspect_ai,held-out,agent/_as_solver.py,as_solver.agent_to_solver.solve,,0.3.108,0.3.209,4,VANISHED,,,,,,,,
inspect_ai:0.3.134:agent/_bridge/responses_impl.py:responses_output_items_from_assistant_message:0b1f578d4ff1d8d0,inspect_ai,UKGovernmentBEIS/inspect_ai,held-out,agent/_bridge/responses_impl.py,responses_output_items_from_assistant_message,,0.3.134,0.3.162,2,VANISHED,,,,,,,,
inspect_ai:0.3.134:agent/_bridge/sandbox/bridge.py:sandbox_agent_bridge:cd8d767fe261ee4e,inspect_ai,UKGovernmentBEIS/inspect_ai,held-out,agent/_bridge/sandbox/bridge.py,sandbox_agent_bridge,,0.3.134,0.3.162,2,VANISHED,,,,,,,,
inspect_ai:0.3.134:agent/_bridge/sandbox/proxy.py:AsyncHTTPServer._handle_client:1a70aa5cade0d664,inspect_ai,UKGovernmentBEIS/inspect_ai,held-out,agent/_bridge/sandbox/proxy.py,AsyncHTTPServer._handle_client,no-action,0.3.134,0.3.235,4,VANISHED,,,,,,,,
inspect_ai:0.3.134:agent/_bridge/sandbox/proxy.py:AsyncHTTPServer._handle_client:1afd128a048aba22,inspect_ai,UKGovernmentBEIS/inspect_ai,held-out,agent/_bridge/sandbox/proxy.py,AsyncHTTPServer._handle_client,no-action,0.3.134,0.3.235,4,VANISHED,,,,,,,,
inspect_ai:0.3.134:agent/_bridge/sandbox/proxy.py:AsyncHTTPServer._handle_client:78652bb08541cc44,inspect_ai,UKGovernmentBEIS/inspect_ai,held-out,agent/_bridge/sandbox/proxy.py,AsyncHTTPServer._handle_client,,0.3.134,0.3.235,4,VANISHED,,,,,,,,
inspect_ai:0.3.134:agent/_bridge/sandbox/proxy.py:AsyncHTTPServer._handle_client:db22c75a588ac6e1,inspect_ai,UKGovernmentBEIS/inspect_ai,held-out,agent/_bridge/sandbox/proxy.py,AsyncHTTPServer._handle_client,no-action,0.3.134,0.3.235,4,VANISHED,,,,,,,,
inspect_ai:0.3.134:agent/_bridge/sandbox/proxy.py:AsyncHTTPServer._parse_request:f1b62fc576dbf377,inspect_ai,UKGovernmentBEIS/inspect_ai,held-out,agent/_bridge/sandbox/proxy.py,AsyncHTTPServer._parse_request,no-action,0.3.134,0.3.235,4,VANISHED,,,,,,,,
inspect_ai:0.3.134:agent/_bridge/sandbox/proxy.py:AsyncHTTPServer._relay_upstream_response:e5cd6b9c49f519b5,inspect_ai,UKGovernmentBEIS/inspect_ai,held-out,agent/_bridge/sandbox/proxy.py,AsyncHTTPServer._relay_upstream_response,silent-fallback,0.3.134,0.3.235,4,VANISHED,,,,,,,,
inspect_ai:0.3.134:agent/_bridge/sandbox/proxy.py:_read_bridge_model_service_response:d378c485d28d89e2,inspect_ai,UKGovernmentBEIS/inspect_ai,held-out,agent/_bridge/sandbox/proxy.py,_read_bridge_model_service_response,,0.3.134,0.3.235,4,VANISHED,,,,,,,,
inspect_ai:0.3.134:agent/_bridge/sandbox/proxy.py:model_proxy_server.anthropic:75deee3c1bce646f,inspect_ai,UKGovernmentBEIS/inspect_ai,held-out,agent/_bridge/sandbox/proxy.py,model_proxy_server.anthropic,silent-fallback,0.3.134,0.3.162,2,VANISHED,,,,,,,,
inspect_ai:0.3.209:agent/_bridge/sandbox/proxy.py:model_proxy_server.anthropic:a36b40b8df2095d6,inspect_ai,UKGovernmentBEIS/inspect_ai,held-out,agent/_bridge/sandbox/proxy.py,model_proxy_server.anthropic,silent-fallback,0.3.209,0.3.235,2,VANISHED,,,,,,,,
inspect_ai:0.3.134:agent/_bridge/sandbox/proxy.py:model_proxy_server.anthropic.stream_response:4dc02e94430b7a15,inspect_ai,UKGovernmentBEIS/inspect_ai,held-out,agent/_bridge/sandbox/proxy.py,model_proxy_server.anthropic.stream_response,silent-fallback,0.3.134,0.3.235,4,VANISHED,,,,,,,,
inspect_ai:0.3.209:agent/_bridge/sandbox/proxy.py:model_proxy_server.anthropic.stream_response:0e5fb84add220f05,inspect_ai,UKGovernmentBEIS/inspect_ai,held-out,agent/_bridge/sandbox/proxy.py,model_proxy_server.anthropic.stream_response,,0.3.209,0.3.235,2,VANISHED,,,,,,,,
inspect_ai:0.3.134:agent/_bridge/sandbox/proxy.py:model_proxy_server.chat_completions:651e37a14c5fa5ce,inspect_ai,UKGovernmentBEIS/inspect_ai,held-out,agent/_bridge/sandbox/proxy.py,model_proxy_server.chat_completions,,0.3.134,0.3.235,4,VANISHED,,,,,,,,
inspect_ai:0.3.209:agent/_bridge/sandbox/proxy.py:model_proxy_server.google_generate_content:2b89dcd491c89226,inspect_ai,UKGovernmentBEIS/inspect_ai,held-out,agent/_bridge/sandbox/proxy.py,model_proxy_server.google_generate_content,,0.3.209,0.3.235,2,VANISHED,,,,,,,,
inspect_ai:0.3.134:agent/_bridge/sandbox/proxy.py:model_proxy_server.responses:22a5e1bf39ca20ee,inspect_ai,UKGovernmentBEIS/inspect_ai,held-out,agent/_bridge/sandbox/proxy.py,model_proxy_server.responses,,0.3.134,0.3.235,4,VANISHED,,,,,,,,
inspect_ai:0.3.134:analysis/_dataframe/samples/table.py:_read_samples_df:61a64d60197e1344,inspect_ai,UKGovernmentBEIS/inspect_ai,held-out,analysis/_dataframe/samples/table.py,_read_samples_df,,0.3.134,0.3.134,1,VANISHED,,,,,,,,
inspect_ai:0.3.162:analysis/_dataframe/samples/table.py:_read_samples_df:9d52da4dcb128b5c,inspect_ai,UKGovernmentBEIS/inspect_ai,held-out,analysis/_dataframe/samples/table.py,_read_samples_df,,0.3.162,0.3.235,3,VANISHED,,,,,,,,
inspect_ai:0.3.108:analysis/beta/_dataframe/record.py:_coerce_from_str:f5ff0525d3ae0ce2,inspect_ai,UKGovernmentBEIS/inspect_ai,held-out,analysis/beta/_dataframe/record.py,_coerce_from_str,no-action,0.3.108,0.3.134,2,VANISHED,,,,,,,,
inspect_ai:0.3.108:analysis/beta/_dataframe/samples/table.py:_read_samples_df:20fc29323b8bfbf9,inspect_ai,UKGovernmentBEIS/inspect_ai,held-out,analysis/beta/_dataframe/samples/table.py,_read_samples_df,,0.3.108,0.3.108,1,VANISHED,,,,,,,,
inspect_ai:0.3.235:approval/_human/acp.py:request_human_approval_via_acp:9e09cb87d35a1267,inspect_ai,UKGovernmentBEIS/inspect_ai,held-out,approval/_human/acp.py,request_human_approval_via_acp,,0.3.235,0.3.235,1,VANISHED,,,,,,,,
inspect_ai:0.3.55:approval/_human/approver.py:human_approver.approve:69fc1f8021c90267,inspect_ai,UKGovernmentBEIS/inspect_ai,held-out,approval/_human/approver.py,human_approver.approve,,0.3.55,0.3.82,2,VANISHED,,,,,,,,
inspect_ai:0.3.82:log/_recorders/buffer/database.py:SampleBufferDatabase.get_sample_data:63c986b86bc57a19,inspect_ai,UKGovernmentBEIS/inspect_ai,held-out,log/_recorders/buffer/database.py,SampleBufferDatabase.get_sample_data,silent-fallback,0.3.82,0.3.162,4,VANISHED,,,,,,,,
inspect_ai:0.3.82:log/_recorders/buffer/database.py:SampleBufferDatabase.get_samples:20a16eaede6e06c5,inspect_ai,UKGovernmentBEIS/inspect_ai,held-out,log/_recorders/buffer/database.py,SampleBufferDatabase.get_samples,silent-fallback,0.3.82,0.3.82,1,VANISHED,,,,,,,,
inspect_ai:0.3.108:log/_recorders/buffer/database.py:SampleBufferDatabase.remove_samples:11b1dbca38b5197f,inspect_ai,UKGovernmentBEIS/inspect_ai,held-out,log/_recorders/buffer/database.py,SampleBufferDatabase.remove_samples,,0.3.108,0.3.108,1,VANISHED,,,,,,,,
inspect_ai:0.3.82:log/_recorders/buffer/database.py:SampleBufferDatabase.remove_samples:5dc65ce0e8c3c2cd,inspect_ai,UKGovernmentBEIS/inspect_ai,held-out,log/_recorders/buffer/database.py,SampleBufferDatabase.remove_samples,,0.3.82,0.3.82,1,VANISHED,,,,,,,,
inspect_ai:0.3.162:log/_recorders/buffer/filestore.py:SampleBufferFilestore.get_sample_data:555d61876c68bb58,inspect_ai,UKGovernmentBEIS/inspect_ai,held-out,log/_recorders/buffer/filestore.py,SampleBufferFilestore.get_sample_data,silent-fallback,0.3.162,0.3.162,1,VANISHED,,,,,,,,
inspect_ai:0.3.82:log/_recorders/buffer/filestore.py:SampleBufferFilestore.read_manifest:103dbf04f1ae81c9,inspect_ai,UKGovernmentBEIS/inspect_ai,held-out,log/_recorders/buffer/filestore.py,SampleBufferFilestore.read_manifest,silent-fallback,0.3.82,0.3.209,5,VANISHED,,,,,,,,
inspect_ai:0.3.235:log/_recorders/buffer/filestore.py:SampleBufferFilestore.write_segment:40fda2d90835b83d,inspect_ai,UKGovernmentBEIS/inspect_ai,held-out,log/_recorders/buffer/filestore.py,SampleBufferFilestore.write_segment,,0.3.235,0.3.235,1,VANISHED,,,,,,,,
inspect_ai:0.3.82:log/_recorders/buffer/filestore.py:SampleBufferFilestore.write_segment:e774986e65d53341,inspect_ai,UKGovernmentBEIS/inspect_ai,held-out,log/_recorders/buffer/filestore.py,SampleBufferFilestore.write_segment,,0.3.82,0.3.209,5,VANISHED,,,,,,,,
inspect_ai:0.3.82:log/_recorders/buffer/filestore.py:cleanup_sample_buffer_filestores:b405030d984624e0,inspect_ai,UKGovernmentBEIS/inspect_ai,held-out,log/_recorders/buffer/filestore.py,cleanup_sample_buffer_filestores,,0.3.82,0.3.235,6,VANISHED,,,,,,,,
inspect_ai:0.3.134:log/_recorders/eval.py:EvalRecorder.read_log:0080d19fd12b47cb,inspect_ai,UKGovernmentBEIS/inspect_ai,held-out,log/_recorders/eval.py,EvalRecorder.read_log,,0.3.134,0.3.162,2,VANISHED,,,,,,,,
inspect_ai:0.3.209:log/_recorders/eval.py:EvalRecorder.read_log:86d143118890d13e,inspect_ai,UKGovernmentBEIS/inspect_ai,held-out,log/_recorders/eval.py,EvalRecorder.read_log,,0.3.209,0.3.235,2,VANISHED,,,,,,,,
inspect_ai:0.3.55:log/_recorders/eval.py:EvalRecorder.read_log:f62b05f20993d4b7,inspect_ai,UKGovernmentBEIS/inspect_ai,held-out,log/_recorders/eval.py,EvalRecorder.read_log,,0.3.55,0.3.108,3,VANISHED,,,,,,,,
inspect_ai:0.3.108:log/_recorders/eval.py:ZipLogFile.close:8b6238d254a534e9,inspect_ai,UKGovernmentBEIS/inspect_ai,held-out,log/_recorders/eval.py,ZipLogFile.close,,0.3.108,0.3.162,3,VANISHED,,,,,,,,
inspect_ai:0.3.209:log/_recorders/eval.py:ZipLogFile.close:e4ebf66948a68662,inspect_ai,UKGovernmentBEIS/inspect_ai,held-out,log/_recorders/eval.py,ZipLogFile.close,,0.3.209,0.3.235,2,VANISHED,,,,,,,,
inspect_ai:0.3.55:log/_recorders/eval.py:ZipLogFile.close:4bb2605a429348d2,inspect_ai,UKGovernmentBEIS/inspect_ai,held-out,log/_recorders/eval.py,ZipLogFile.close,,0.3.55,0.3.82,2,VANISHED,,,,,,,,
inspect_ai:0.3.209:log/_recorders/eval.py:ZipLogFile.flush:ac05c01bd424ef02,inspect_ai,UKGovernmentBEIS/inspect_ai,held-out,log/_recorders/eval.py,ZipLogFile.flush,,0.3.209,0.3.235,2,VANISHED,,,,,,,,
inspect_ai:0.3.55:log/_recorders/eval.py:ZipLogFile.flush:48d60bde6ea9936b,inspect_ai,UKGovernmentBEIS/inspect_ai,held-out,log/_recorders/eval.py,ZipLogFile.flush,,0.3.55,0.3.162,5,VANISHED,,,,,,,,
inspect_ai:0.3.209:log/_recover/_reconstruct.py:reconstruct_eval_sample:78898a2ef42eca6e,inspect_ai,UKGovernmentBEIS/inspect_ai,held-out,log/_recover/_reconstruct.py,reconstruct_eval_sample,no-action,0.3.209,0.3.209,1,VANISHED,,,,,,,,
inspect_ai:0.3.235:log/_recover/_stream.py:_write_sample_streaming:4610a4ceaf786b11,inspect_ai,UKGovernmentBEIS/inspect_ai,held-out,log/_recover/_stream.py,_write_sample_streaming,,0.3.235,0.3.235,1,VANISHED,,,,,,,,
inspect_ai:0.3.55:log/_samples.py:active_sample:37e8157d939930fc,inspect_ai,UKGovernmentBEIS/inspect_ai,held-out,log/_samples.py,active_sample,,0.3.55,0.3.209,6,VANISHED,,,,,,,,
inspect_ai:0.3.209:model/_call_tools.py:_execute_tools_impl.call_tool_task:6a9b7c3c1d7bb039,inspect_ai,UKGovernmentBEIS/inspect_ai,held-out,model/_call_tools.py,_execute_tools_impl.call_tool_task,,0.3.209,0.3.209,1,VANISHED,,,,,,,,
inspect_ai:0.3.108:model/_call_tools.py:agent_handoff:a2f711cf223193af,inspect_ai,UKGovernmentBEIS/inspect_ai,held-out,model/_call_tools.py,agent_handoff,,0.3.108,0.3.209,4,VANISHED,,,,,,,,
inspect_ai:0.3.29:model/_call_tools.py:call_tools.call_tool_task:af5a26c01bc1a002,inspect_ai,UKGovernmentBEIS/inspect_ai,held-out,model/_call_tools.py,call_tools.call_tool_task,,0.3.29,0.3.29,1,VANISHED,,,,,,,,
inspect_ai:0.3.55:model/_call_tools.py:call_tools.call_tool_task:388bee5f7ca4728f,inspect_ai,UKGovernmentBEIS/inspect_ai,held-out,model/_call_tools.py,call_tools.call_tool_task,,0.3.55,0.3.82,2,VANISHED,,,,,,,,
inspect_ai:0.3.108:model/_call_tools.py:execute_tools.call_tool_task:5f60df9e15d472b0,inspect_ai,UKGovernmentBEIS/inspect_ai,held-out,model/_call_tools.py,execute_tools.call_tool_task,,0.3.108,0.3.162,3,VANISHED,,,,,,,,
inspect_ai:0.3.108:model/_model.py:Model._generate.generate:8457b5b54d4cb73f,inspect_ai,UKGovernmentBEIS/inspect_ai,held-out,model/_model.py,Model._generate.generate,,0.3.108,0.3.134,2,VANISHED,,,,,,,,
inspect_ai:0.3.82:model/_model.py:Model._generate.generate:67401be3e280e1ce,inspect_ai,UKGovernmentBEIS/inspect_ai,held-out,model/_model.py,Model._generate.generate,,0.3.82,0.3.82,1,VANISHED,,,,,,,,
inspect_ai:0.3.162:model/_model_info.py:get_model_info:f4960fa3001b01eb,inspect_ai,UKGovernmentBEIS/inspect_ai,held-out,model/_model_info.py,get_model_info,silent-fallback,0.3.162,0.3.235,3,VANISHED,,,,,,,,
inspect_ai:0.3.209:model/_openai_responses.py:parse_web_search_action:1aea3e04b7206c69,inspect_ai,UKGovernmentBEIS/inspect_ai,held-out,model/_openai_responses.py,parse_web_search_action,,0.3.209,0.3.209,1,VANISHED,,,,,,,,
inspect_ai:0.3.235:model/_openai_responses.py:parse_web_search_action:b9547a77830a7ed6,inspect_ai,UKGovernmentBEIS/inspect_ai,held-out,model/_openai_responses.py,parse_web_search_action,,0.3.235,0.3.235,1,VANISHED,,,,,,,,
inspect_ai:0.3.134:model/_openai_responses.py:tool_use_to_web_search_param:0b1f578d4ff1d8d0,inspect_ai,UKGovernmentBEIS/inspect_ai,held-out,model/_openai_responses.py,tool_use_to_web_search_param,,0.3.134,0.3.162,2,VANISHED,,,,,,,,
inspect_ai:0.3.2:model/_providers/anthropic.py:AnthropicAPI.generate:9e739407e07a6776,inspect_ai,UKGovernmentBEIS/inspect_ai,held-out,model/_providers/anthropic.py,AnthropicAPI.generate,,0.3.2,0.3.2,1,VANISHED,,,,,,,,
inspect_ai:0.3.2:model/_providers/anthropic.py:model_output_from_message:ff3263101cbc1e02,inspect_ai,UKGovernmentBEIS/inspect_ai,held-out,model/_providers/anthropic.py,model_output_from_message,,0.3.2,0.3.2,1,VANISHED,,,,,,,,
inspect_ai:0.3.2:model/_providers/anthropic.py:tool_argument_value:5af2e5c3506f7e9c,inspect_ai,UKGovernmentBEIS/inspect_ai,held-out,model/_providers/anthropic.py,tool_argument_value,,0.3.2,0.3.2,1,VANISHED,,,,,,,,
inspect_ai:0.3.108:model/_providers/azureai.py:AzureAIAPI.generate:e1d63a6b154d80d1,inspect_ai,UKGovernmentBEIS/inspect_ai,held-out,model/_providers/azureai.py,AzureAIAPI.generate,,0.3.108,0.3.162,3,VANISHED,,,,,,,,
inspect_ai:0.3.55:model/_providers/azureai.py:AzureAIAPI.generate:91735fe56f031982,inspect_ai,UKGovernmentBEIS/inspect_ai,held-out,model/_providers/azureai.py,AzureAIAPI.generate,,0.3.55,0.3.55,1,VANISHED,,,,,,,,
inspect_ai:0.3.82:model/_providers/azureai.py:AzureAIAPI.generate:6ca86fc8a54ce37e,inspect_ai,UKGovernmentBEIS/inspect_ai,held-out,model/_providers/azureai.py,AzureAIAPI.generate,,0.3.82,0.3.82,1,VANISHED,,,,,,,,
inspect_ai:0.3.134:model/_providers/goodfire.py:GoodfireAPI.generate:ecd4b892cd9d67b8,inspect_ai,UKGovernmentBEIS/inspect_ai,held-out,model/_providers/goodfire.py,GoodfireAPI.generate,,0.3.134,0.3.134,1,VANISHED,,,,,,,,
inspect_ai:0.3.82:model/_providers/goodfire.py:GoodfireAPI.generate:241370dfa5851f6e,inspect_ai,UKGovernmentBEIS/inspect_ai,held-out,model/_providers/goodfire.py,GoodfireAPI.generate,,0.3.82,0.3.82,1,VANISHED,,,,,,,,
inspect_ai:0.3.2:model/_providers/google.py:GoogleAPI.generate:0232378f90fc8635,inspect_ai,UKGovernmentBEIS/inspect_ai,held-out,model/_providers/google.py,GoogleAPI.generate,,0.3.2,0.3.2,1,VANISHED,,,,,,,,
inspect_ai:0.3.55:model/_providers/google.py:GoogleAPI.generate:4ca68051ec5dcf23,inspect_ai,UKGovernmentBEIS/inspect_ai,held-out,model/_providers/google.py,GoogleAPI.generate,,0.3.55,0.3.55,1,VANISHED,,,,,,,,
inspect_ai:0.3.108:model/_providers/google.py:GoogleGenAIAPI.generate:d5cc500bfe8df9ff,inspect_ai,UKGovernmentBEIS/inspect_ai,held-out,model/_providers/google.py,GoogleGenAIAPI.generate,,0.3.108,0.3.108,1,VANISHED,,,,,,,,
inspect_ai:0.3.134:model/_providers/google.py:GoogleGenAIAPI.generate:2f0d1e1a0da358ad,inspect_ai,UKGovernmentBEIS/inspect_ai,held-out,model/_providers/google.py,GoogleGenAIAPI.generate,,0.3.134,0.3.134,1,VANISHED,,,,,,,,
inspect_ai:0.3.162:model/_providers/google.py:GoogleGenAIAPI.generate:47b4ea4500aa8a85,inspect_ai,UKGovernmentBEIS/inspect_ai,held-out,model/_providers/google.py,GoogleGenAIAPI.generate,,0.3.162,0.3.162,1,VANISHED,,,,,,,,
inspect_ai:0.3.209:model/_providers/google.py:GoogleGenAIAPI.generate:0833d902873eddfa,inspect_ai,UKGovernmentBEIS/inspect_ai,held-out,model/_providers/google.py,GoogleGenAIAPI.generate,,0.3.209,0.3.235,2,VANISHED,,,,,,,,
inspect_ai:0.3.82:model/_providers/google.py:GoogleGenAIAPI.generate:5d5695fbca725c9b,inspect_ai,UKGovernmentBEIS/inspect_ai,held-out,model/_providers/google.py,GoogleGenAIAPI.generate,,0.3.82,0.3.82,1,VANISHED,,,,,,,,
inspect_ai:0.3.82:model/_providers/google.py:file_for_content:f1addebbc0cf044b,inspect_ai,UKGovernmentBEIS/inspect_ai,held-out,model/_providers/google.py,file_for_content,,0.3.82,0.3.82,1,VANISHED,,,,,,,,
inspect_ai:0.3.108:model/_providers/groq.py:GroqAPI.generate:8408804d12f0f9b4,inspect_ai,UKGovernmentBEIS/inspect_ai,held-out,model/_providers/groq.py,GroqAPI.generate,,0.3.108,0.3.162,3,VANISHED,,,,,,,,
inspect_ai:0.3.209:model/_providers/hf.py:HuggingFaceAPI._apply_chat_template:e3379c3669dc891f,inspect_ai,UKGovernmentBEIS/inspect_ai,held-out,model/_providers/hf.py,HuggingFaceAPI._apply_chat_template,,0.3.209,0.3.235,2,VANISHED,,,,,,,,
inspect_ai:0.3.209:model/_providers/hf.py:HuggingFaceAPI._apply_chat_template:f22cf9d5cfce7cb3,inspect_ai,UKGovernmentBEIS/inspect_ai,held-out,model/_providers/hf.py,HuggingFaceAPI._apply_chat_template,,0.3.209,0.3.235,2,VANISHED,,,,,,,,
inspect_ai:0.3.2:model/_providers/hf.py:process_batches:8eef7bd7c686ae6c,inspect_ai,UKGovernmentBEIS/inspect_ai,held-out,model/_providers/hf.py,process_batches,,0.3.2,0.3.2,1,VANISHED,,,,,,,,
inspect_ai:0.3.2:model/_providers/hf.py:process_batches:c626aa4cc3134748,inspect_ai,UKGovernmentBEIS/inspect_ai,held-out,model/_providers/hf.py,process_batches,,0.3.2,0.3.2,1,VANISHED,,,,,,,,
inspect_ai:0.3.29:model/_providers/hf.py:process_batches:d3e45010ed22d398,inspect_ai,UKGovernmentBEIS/inspect_ai,held-out,model/_providers/hf.py,process_batches,,0.3.29,0.3.55,2,VANISHED,,,,,,,,
inspect_ai:0.3.29:model/_providers/hf.py:process_batches:f3795488069b6561,inspect_ai,UKGovernmentBEIS/inspect_ai,held-out,model/_providers/hf.py,process_batches,,0.3.29,0.3.55,2,VANISHED,,,,,,,,
inspect_ai:0.3.82:model/_providers/hf.py:process_batches:595ca926164096db,inspect_ai,UKGovernmentBEIS/inspect_ai,held-out,model/_providers/hf.py,process_batches,,0.3.82,0.3.108,2,VANISHED,,,,,,,,
inspect_ai:0.3.162:model/_providers/openai.py:OpenAIAPI.count_text_tokens:bed5dfe86c49ba13,inspect_ai,UKGovernmentBEIS/inspect_ai,held-out,model/_providers/openai.py,OpenAIAPI.count_text_tokens,,0.3.162,0.3.235,3,VANISHED,,,,,,,,
inspect_ai:0.3.108:model/_providers/openai.py:OpenAIAPI.generate:e40518f08dc0b860,inspect_ai,UKGovernmentBEIS/inspect_ai,held-out,model/_providers/openai.py,OpenAIAPI.generate,,0.3.108,0.3.108,1,VANISHED,,,,,,,,
inspect_ai:0.3.2:model/_providers/openai.py:OpenAIAPI.generate:d30161e6ec1c9a8d,inspect_ai,UKGovernmentBEIS/inspect_ai,held-out,model/_providers/openai.py,OpenAIAPI.generate,,0.3.2,0.3.2,1,VANISHED,,,,,,,,
inspect_ai:0.3.29:model/_providers/openai.py:OpenAIAPI.generate:f7023d93abb61cc9,inspect_ai,UKGovernmentBEIS/inspect_ai,held-out,model/_providers/openai.py,OpenAIAPI.generate,,0.3.29,0.3.29,1,VANISHED,,,,,,,,
inspect_ai:0.3.55:model/_providers/openai.py:OpenAIAPI.generate:2e151281eadaa412,inspect_ai,UKGovernmentBEIS/inspect_ai,held-out,model/_providers/openai.py,OpenAIAPI.generate,,0.3.55,0.3.55,1,VANISHED,,,,,,,,
inspect_ai:0.3.82:model/_providers/openai.py:OpenAIAPI.generate:7d4781f119877cf4,inspect_ai,UKGovernmentBEIS/inspect_ai,held-out,model/_providers/openai.py,OpenAIAPI.generate,,0.3.82,0.3.82,1,VANISHED,,,,,,,,
inspect_ai:0.3.162:model/_providers/openai.py:OpenAIAPI.reasoning_summaries:80f2f9f22c1ea653,inspect_ai,UKGovernmentBEIS/inspect_ai,held-out,model/_providers/openai.py,OpenAIAPI.reasoning_summaries,no-action,0.3.162,0.3.209,2,VANISHED,,,,,,,,
inspect_ai:0.3.235:model/_providers/openai.py:OpenAIAPI.reasoning_summaries:89611b7a8efa7295,inspect_ai,UKGovernmentBEIS/inspect_ai,held-out,model/_providers/openai.py,OpenAIAPI.reasoning_summaries,no-action,0.3.235,0.3.235,1,VANISHED,,,,,,,,
inspect_ai:0.3.108:model/_providers/openai_compatible.py:OpenAICompatibleAPI.generate:097cf5cee4cde7d6,inspect_ai,UKGovernmentBEIS/inspect_ai,held-out,model/_providers/openai_compatible.py,OpenAICompatibleAPI.generate,,0.3.108,0.3.108,1,VANISHED,,,,,,,,
inspect_ai:0.3.134:model/_providers/openai_compatible.py:OpenAICompatibleAPI.generate:6ec189a345286b35,inspect_ai,UKGovernmentBEIS/inspect_ai,held-out,model/_providers/openai_compatible.py,OpenAICompatibleAPI.generate,,0.3.134,0.3.162,2,VANISHED,,,,,,,,
inspect_ai:0.3.134:model/_providers/openai_completions.py:generate_completions:670824d4b137f112,inspect_ai,UKGovernmentBEIS/inspect_ai,held-out,model/_providers/openai_completions.py,generate_completions,,0.3.134,0.3.162,2,VANISHED,,,,,,,,
inspect_ai:0.3.209:model/_providers/openai_completions.py:generate_completions:4e7ac13242e6d166,inspect_ai,UKGovernmentBEIS/inspect_ai,held-out,model/_providers/openai_completions.py,generate_completions,,0.3.209,0.3.235,2,VANISHED,,,,,,,,
inspect_ai:0.3.55:model/_providers/openai_o1.py:generate_o1:f5edef0f5e5c35e1,inspect_ai,UKGovernmentBEIS/inspect_ai,held-out,model/_providers/openai_o1.py,generate_o1,,0.3.55,0.3.162,5,VANISHED,,,,,,,,
inspect_ai:0.3.108:model/_providers/openai_responses.py:generate_responses:d65b753120652dde,inspect_ai,UKGovernmentBEIS/inspect_ai,held-out,model/_providers/openai_responses.py,generate_responses,,0.3.108,0.3.108,1,VANISHED,,,,,,,,
inspect_ai:0.3.134:model/_providers/openai_responses.py:generate_responses:6793167f5e16a1d4,inspect_ai,UKGovernmentBEIS/inspect_ai,held-out,model/_providers/openai_responses.py,generate_responses,,0.3.134,0.3.134,1,VANISHED,,,,,,,,
inspect_ai:0.3.162:model/_providers/openai_responses.py:generate_responses:b7f2a5bfbd65761d,inspect_ai,UKGovernmentBEIS/inspect_ai,held-out,model/_providers/openai_responses.py,generate_responses,,0.3.162,0.3.162,1,VANISHED,,,,,,,,
inspect_ai:0.3.209:model/_providers/openai_responses.py:generate_responses:1a8ecf19ec54be6e,inspect_ai,UKGovernmentBEIS/inspect_ai,held-out,model/_providers/openai_responses.py,generate_responses,,0.3.209,0.3.235,2,VANISHED,,,,,,,,
inspect_ai:0.3.82:model/_providers/openai_responses.py:generate_responses:7f0219c40a0736d0,inspect_ai,UKGovernmentBEIS/inspect_ai,held-out,model/_providers/openai_responses.py,generate_responses,,0.3.82,0.3.82,1,VANISHED,,,,,,,,
inspect_ai:0.3.209:model/_providers/sagemaker.py:SagemakerAPI._invoke_endpoint_streaming:33e3e1e0cc027221,inspect_ai,UKGovernmentBEIS/inspect_ai,held-out,model/_providers/sagemaker.py,SagemakerAPI._invoke_endpoint_streaming,,0.3.209,0.3.235,2,VANISHED,,,,,,,,
inspect_ai:0.3.108:model/_providers/sglang.py:SGLangAPI.__init__:2f9da881f0c96af2,inspect_ai,UKGovernmentBEIS/inspect_ai,held-out,model/_providers/sglang.py,SGLangAPI.__init__,silent-fallback,0.3.108,0.3.134,2,VANISHED,,,,,,,,
inspect_ai:0.3.108:model/_providers/vllm.py:VLLMAPI.__init__:6419b474e1215561,inspect_ai,UKGovernmentBEIS/inspect_ai,held-out,model/_providers/vllm.py,VLLMAPI.__init__,silent-fallback,0.3.108,0.3.108,1,VANISHED,,,,,,,,
inspect_ai:0.3.134:model/_providers/vllm.py:VLLMAPI.__init__:8e50df79652c3dcb,inspect_ai,UKGovernmentBEIS/inspect_ai,held-out,model/_providers/vllm.py,VLLMAPI.__init__,silent-fallback,0.3.134,0.3.134,1,VANISHED,,,,,,,,
inspect_ai:0.3.162:model/_providers/vllm.py:VLLMAPI.__init__:3d223292b0f22a8b,inspect_ai,UKGovernmentBEIS/inspect_ai,held-out,model/_providers/vllm.py,VLLMAPI.__init__,silent-fallback,0.3.162,0.3.162,1,VANISHED,,,,,,,,
inspect_ai:0.3.82:model/_providers/vllm.py:batched_generate:95f15b6e6fe07fc8,inspect_ai,UKGovernmentBEIS/inspect_ai,held-out,model/_providers/vllm.py,batched_generate,no-action,0.3.82,0.3.82,1,VANISHED,,,,,,,,
inspect_ai:0.3.29:model/_providers/vllm.py:process_batches:ab0419e7d9fcf24f,inspect_ai,UKGovernmentBEIS/inspect_ai,held-out,model/_providers/vllm.py,process_batches,,0.3.29,0.3.55,2,VANISHED,,,,,,,,
inspect_ai:0.3.29:model/_providers/vllm.py:process_batches:fc47263a5055e998,inspect_ai,UKGovernmentBEIS/inspect_ai,held-out,model/_providers/vllm.py,process_batches,,0.3.29,0.3.55,2,VANISHED,,,,,,,,
inspect_ai:0.3.82:model/_providers/vllm.py:process_batches:dd0a3d43441c8369,inspect_ai,UKGovernmentBEIS/inspect_ai,held-out,model/_providers/vllm.py,process_batches,,0.3.82,0.3.82,1,VANISHED,,,,,,,,
inspect_ai:0.3.82:model/_providers/vllm.py:process_batches:ff8201ec1faaa72e,inspect_ai,UKGovernmentBEIS/inspect_ai,held-out,model/_providers/vllm.py,process_batches,,0.3.82,0.3.82,1,VANISHED,,,,,,,,
inspect_ai:0.3.2:model/_tool.py:call_tool:751a84a8fe89c617,inspect_ai,UKGovernmentBEIS/inspect_ai,held-out,model/_tool.py,call_tool,,0.3.2,0.3.2,1,VANISHED,,,,,,,,
inspect_ai:0.3.29:scorer/_classification.py:_is_number:9c7d97a843bd096c,inspect_ai,UKGovernmentBEIS/inspect_ai,held-out,scorer/_classification.py,_is_number,silent-fallback,0.3.29,0.3.209,7,VANISHED,,,,,,,,
inspect_ai:0.3.235:scorer/_common.py:_parse_number:fcd97a99f626a4de,inspect_ai,UKGovernmentBEIS/inspect_ai,held-out,scorer/_common.py,_parse_number,,0.3.235,0.3.235,1,VANISHED,,,,,,,,
inspect_ai:0.3.134:scorer/_common.py:normalize_number:bb31cc5186e1fb2f,inspect_ai,UKGovernmentBEIS/inspect_ai,held-out,scorer/_common.py,normalize_number,,0.3.134,0.3.209,3,VANISHED,,,,,,,,
inspect_ai:0.3.209:scorer/_math.py:_parse_float:7e8b763adddae995,inspect_ai,UKGovernmentBEIS/inspect_ai,held-out,scorer/_math.py,_parse_float,silent-fallback,0.3.209,0.3.235,2,VANISHED,,,,,,,,
inspect_ai:0.3.209:scorer/_math.py:extract_last_integer:550708d45aa9d154,inspect_ai,UKGovernmentBEIS/inspect_ai,held-out,scorer/_math.py,extract_last_integer,silent-fallback,0.3.209,0.3.235,2,VANISHED,,,,,,,,
inspect_ai:0.3.209:scorer/_math.py:math._sympify_latex:71b0210c85c542cc,inspect_ai,UKGovernmentBEIS/inspect_ai,held-out,scorer/_math.py,math._sympify_latex,silent-fallback,0.3.209,0.3.235,2,VANISHED,,,,,,,,
inspect_ai:0.3.209:scorer/_math.py:math.check_answers:74ff124bc8238fde,inspect_ai,UKGovernmentBEIS/inspect_ai,held-out,scorer/_math.py,math.check_answers,silent-fallback,0.3.209,0.3.235,2,VANISHED,,,,,,,,
inspect_ai:0.3.209:scorer/_math.py:math.parse_primitives:13540c0c08e6857a,inspect_ai,UKGovernmentBEIS/inspect_ai,held-out,scorer/_math.py,math.parse_primitives,,0.3.209,0.3.235,2,VANISHED,,,,,,,,
inspect_ai:0.3.209:scorer/_math.py:math.parse_primitives:ad7c5e6467beef45,inspect_ai,UKGovernmentBEIS/inspect_ai,held-out,scorer/_math.py,math.parse_primitives,silent-fallback,0.3.209,0.3.235,2,VANISHED,,,,,,,,
inspect_ai:0.3.209:scorer/_math.py:math.parse_primitives:d207f630fe722ed8,inspect_ai,UKGovernmentBEIS/inspect_ai,held-out,scorer/_math.py,math.parse_primitives,,0.3.209,0.3.235,2,VANISHED,,,,,,,,
inspect_ai:0.3.134:scorer/_metric.py:is_number:99b357188ffeaf6c,inspect_ai,UKGovernmentBEIS/inspect_ai,held-out,scorer/_metric.py,is_number,silent-fallback,0.3.134,0.3.209,3,VANISHED,,,,,,,,
inspect_ai:0.3.108:solver/_plan.py:Plan.__call__:9bfd70c54e2709a9,inspect_ai,UKGovernmentBEIS/inspect_ai,held-out,solver/_plan.py,Plan.__call__,,0.3.108,0.3.108,1,VANISHED,,,,,,,,
inspect_ai:0.3.134:solver/_plan.py:Plan.__call__:799adc19f7cef304,inspect_ai,UKGovernmentBEIS/inspect_ai,held-out,solver/_plan.py,Plan.__call__,,0.3.134,0.3.235,4,VANISHED,,,,,,,,
inspect_ai:0.3.55:solver/_plan.py:Plan.__call__:0cbe13420a198a83,inspect_ai,UKGovernmentBEIS/inspect_ai,held-out,solver/_plan.py,Plan.__call__,,0.3.55,0.3.55,1,VANISHED,,,,,,,,
inspect_ai:0.3.82:solver/_plan.py:Plan.__call__:00a76ef5579230af,inspect_ai,UKGovernmentBEIS/inspect_ai,held-out,solver/_plan.py,Plan.__call__,,0.3.82,0.3.82,1,VANISHED,,,,,,,,
inspect_ai:0.3.108:tool/_mcp/_sandbox.py:sandbox_client.stdin_writer:6f29b44a939f7955,inspect_ai,UKGovernmentBEIS/inspect_ai,held-out,tool/_mcp/_sandbox.py,sandbox_client.stdin_writer,,0.3.108,0.3.108,1,VANISHED,,,,,,,,
inspect_ai:0.3.134:tool/_mcp/_sandbox.py:sandbox_client.stdin_writer:1fa315a856aadbb2,inspect_ai,UKGovernmentBEIS/inspect_ai,held-out,tool/_mcp/_sandbox.py,sandbox_client.stdin_writer,,0.3.134,0.3.162,2,VANISHED,,,,,,,,
inspect_ai:0.3.209:tool/_mcp/_sandbox.py:sandbox_client.stdin_writer:240d960beb1f9a4b,inspect_ai,UKGovernmentBEIS/inspect_ai,held-out,tool/_mcp/_sandbox.py,sandbox_client.stdin_writer,,0.3.209,0.3.209,1,VANISHED,,,,,,,,
inspect_ai:0.3.235:tool/_mcp/_sandbox.py:sandbox_client.stdin_writer:c7d60a62fb40b20b,inspect_ai,UKGovernmentBEIS/inspect_ai,held-out,tool/_mcp/_sandbox.py,sandbox_client.stdin_writer,,0.3.235,0.3.235,1,VANISHED,,,,,,,,
inspect_ai:0.3.235:tool/_mcp/_sandbox.py:sandbox_client.stdin_writer:e66d4a0689356764,inspect_ai,UKGovernmentBEIS/inspect_ai,held-out,tool/_mcp/_sandbox.py,sandbox_client.stdin_writer,,0.3.235,0.3.235,1,VANISHED,,,,,,,,
inspect_ai:0.3.108:tool/_mcp/sampling.py:sampling_fn:057c863b35f6a903,inspect_ai,UKGovernmentBEIS/inspect_ai,held-out,tool/_mcp/sampling.py,sampling_fn,,0.3.108,0.3.134,2,VANISHED,,,,,,,,
inspect_ai:0.3.162:tool/_mcp/sampling.py:sampling_fn:027d9bd15e31b25d,inspect_ai,UKGovernmentBEIS/inspect_ai,held-out,tool/_mcp/sampling.py,sampling_fn,,0.3.162,0.3.235,3,VANISHED,,,,,,,,
inspect_ai:0.3.134:tool/_sandbox_tools_utils/_build_bundled_executable.py:_verify_build:c574bc5a42fd4f8e,inspect_ai,UKGovernmentBEIS/inspect_ai,held-out,tool/_sandbox_tools_utils/_build_bundled_executable.py,_verify_build,,0.3.134,0.3.235,4,VANISHED,,,,,,,,
inspect_ai:0.3.134:tool/_sandbox_tools_utils/_build_bundled_executable.py:_verify_build:e4eab64abda058f4,inspect_ai,UKGovernmentBEIS/inspect_ai,held-out,tool/_sandbox_tools_utils/_build_bundled_executable.py,_verify_build,no-action,0.3.134,0.3.235,4,VANISHED,,,,,,,,
inspect_ai:0.3.134:tool/_sandbox_tools_utils/build_within_container.py:<module>:96a75d6b7ee7bfbb,inspect_ai,UKGovernmentBEIS/inspect_ai,held-out,tool/_sandbox_tools_utils/build_within_container.py,<module>,,0.3.134,0.3.235,4,VANISHED,,,,,,,,
inspect_ai:0.3.134:tool/_sandbox_tools_utils/build_within_container.py:main:0da5eb7773919b02,inspect_ai,UKGovernmentBEIS/inspect_ai,held-out,tool/_sandbox_tools_utils/build_within_container.py,main,,0.3.134,0.3.235,4,VANISHED,,,,,,,,
inspect_ai:0.3.134:tool/_sandbox_tools_utils/sandbox.py:_check_main_divergence:27a5d4f8b97a79db,inspect_ai,UKGovernmentBEIS/inspect_ai,held-out,tool/_sandbox_tools_utils/sandbox.py,_check_main_divergence,,0.3.134,0.3.235,4,VANISHED,,,,,,,,
inspect_ai:0.3.134:tool/_sandbox_tools_utils/validate_distros.py:test_distro:2a6fe3af96ee726f,inspect_ai,UKGovernmentBEIS/inspect_ai,held-out,tool/_sandbox_tools_utils/validate_distros.py,test_distro,silent-fallback,0.3.134,0.3.235,4,VANISHED,,,,,,,,
inspect_ai:0.3.82:tool/_tools/_computer/_resources/tool/_run.py:run:aafaa4e0bbcec06e,inspect_ai,UKGovernmentBEIS/inspect_ai,held-out,tool/_tools/_computer/_resources/tool/_run.py,run,no-action,0.3.82,0.3.82,1,VANISHED,,,,,,,,
inspect_ai:0.3.82:tool/_tools/_computer/_resources/tool/computer_tool.py:main:ff77c4e1ee2c620c,inspect_ai,UKGovernmentBEIS/inspect_ai,held-out,tool/_tools/_computer/_resources/tool/computer_tool.py,main,,0.3.82,0.3.82,1,VANISHED,,,,,,,,
inspect_ai:0.3.55:tool/_tools/_web_browser/_resources/accessibility_node.py:AccessibilityNode.property_string:292a412047ae7300,inspect_ai,UKGovernmentBEIS/inspect_ai,held-out,tool/_tools/_web_browser/_resources/accessibility_node.py,AccessibilityNode.property_string,no-action,0.3.55,0.3.55,1,VANISHED,,,,,,,,
inspect_ai:0.3.55:tool/_tools/_web_browser/_resources/dm_env_servicer.py:EnvironmentService.Process:17adbc9719b7cbb8,inspect_ai,UKGovernmentBEIS/inspect_ai,held-out,tool/_tools/_web_browser/_resources/dm_env_servicer.py,EnvironmentService.Process,,0.3.55,0.3.55,1,VANISHED,,,,,,,,
inspect_ai:0.3.55:tool/_tools/_web_browser/_resources/test_dm_env_servicer.py:DmEnvRpcJoinAndLeaveWorldTest.tearDown:d15000088cb7ff21,inspect_ai,UKGovernmentBEIS/inspect_ai,held-out,tool/_tools/_web_browser/_resources/test_dm_env_servicer.py,DmEnvRpcJoinAndLeaveWorldTest.tearDown,,0.3.55,0.3.55,1,VANISHED,,,,,,,,
inspect_ai:0.3.55:tool/_tools/_web_browser/_resources/test_dm_env_servicer.py:JoinedServerConnection.close:a67d7fe1476db9a1,inspect_ai,UKGovernmentBEIS/inspect_ai,held-out,tool/_tools/_web_browser/_resources/test_dm_env_servicer.py,JoinedServerConnection.close,,0.3.55,0.3.55,1,VANISHED,,,,,,,,
inspect_ai:0.3.55:tool/_tools/_web_browser/_resources/web_environment.py:WebEnvironment._auto_click_cookies:e73218ac0e796e4a,inspect_ai,UKGovernmentBEIS/inspect_ai,held-out,tool/_tools/_web_browser/_resources/web_environment.py,WebEnvironment._auto_click_cookies,no-action,0.3.55,0.3.55,1,VANISHED,,,,,,,,
inspect_ai:0.3.55:tool/_tools/_web_browser/_resources/web_environment.py:WebEnvironment.step:416c103b1e5e55fc,inspect_ai,UKGovernmentBEIS/inspect_ai,held-out,tool/_tools/_web_browser/_resources/web_environment.py,WebEnvironment.step,,0.3.55,0.3.55,1,VANISHED,,,,,,,,
inspect_ai:0.3.55:tool/_tools/_web_browser/_resources/web_environment.py:WebEnvironment.step:7446e8bd12062e17,inspect_ai,UKGovernmentBEIS/inspect_ai,held-out,tool/_tools/_web_browser/_resources/web_environment.py,WebEnvironment.step,,0.3.55,0.3.55,1,VANISHED,,,,,,,,
inspect_ai:0.3.82:tool/_tools/_web_search.py:web_search.execute.process_link:79946998882fa210,inspect_ai,UKGovernmentBEIS/inspect_ai,held-out,tool/_tools/_web_search.py,web_search.execute.process_link,no-action,0.3.82,0.3.82,1,VANISHED,,,,,,,,
inspect_ai:0.3.108:tool/_tools/_web_search/_google.py:google_search_provider.search.process_link:71ad15d00502e720,inspect_ai,UKGovernmentBEIS/inspect_ai,held-out,tool/_tools/_web_search/_google.py,google_search_provider.search.process_link,no-action,0.3.108,0.3.235,5,VANISHED,,,,,,,,
inspect_ai:0.3.235:util/_checkpoint/_layout/sample_checkpoints_dir.py:scan_latest_committed_id:bf11666f326aabe7,inspect_ai,UKGovernmentBEIS/inspect_ai,held-out,util/_checkpoint/_layout/sample_checkpoints_dir.py,scan_latest_committed_id,,0.3.235,0.3.235,1,VANISHED,,,,,,,,
inspect_ai:0.3.2:util/_context/resource.py:resource:82a08117aaeda34a,inspect_ai,UKGovernmentBEIS/inspect_ai,held-out,util/_context/resource.py,resource,,0.3.2,0.3.162,7,VANISHED,,,,,,,,
inspect_ai:0.3.235:util/_input/acp.py:acp_handler:d7bb793e42c2ddaf,inspect_ai,UKGovernmentBEIS/inspect_ai,held-out,util/_input/acp.py,acp_handler,,0.3.235,0.3.235,1,VANISHED,,,,,,,,
inspect_ai:0.3.235:util/_input/console.py:_ask_schema:2cfa128bbbb48580,inspect_ai,UKGovernmentBEIS/inspect_ai,held-out,util/_input/console.py,_ask_schema,,0.3.235,0.3.235,1,VANISHED,,,,,,,,
inspect_ai:0.3.29:util/_resource.py:resource:19d049ca88a72bf9,inspect_ai,UKGovernmentBEIS/inspect_ai,held-out,util/_resource.py,resource,,0.3.29,0.3.162,6,VANISHED,,,,,,,,
inspect_ai:0.3.235:util/_restic/resolver.py:_resolve_blocking:b7204e11f746eb53,inspect_ai,UKGovernmentBEIS/inspect_ai,held-out,util/_restic/resolver.py,_resolve_blocking,,0.3.235,0.3.235,1,VANISHED,,,,,,,,
inspect_ai:0.3.55:util/_sandbox/context.py:sandbox_with:6c41f6469c26af56,inspect_ai,UKGovernmentBEIS/inspect_ai,held-out,util/_sandbox/context.py,sandbox_with,no-action,0.3.55,0.3.55,1,VANISHED,,,,,,,,
inspect_ai:0.3.82:util/_sandbox/context.py:sandbox_with:df1b5bb99de7706a,inspect_ai,UKGovernmentBEIS/inspect_ai,held-out,util/_sandbox/context.py,sandbox_with,no-action,0.3.82,0.3.108,2,VANISHED,,,,,,,,
inspect_ai:0.3.29:util/_sandbox/self_check.py:check_test_fn:e815317c8c402b8e,inspect_ai,UKGovernmentBEIS/inspect_ai,held-out,util/_sandbox/self_check.py,check_test_fn,,0.3.29,0.3.235,8,VANISHED,,,,,,,,
inspect_ai:0.3.29:util/_sandbox/self_check.py:test_exec_as_user:e03bd2b448464fbc,inspect_ai,UKGovernmentBEIS/inspect_ai,held-out,util/_sandbox/self_check.py,test_exec_as_user,,0.3.29,0.3.29,1,VANISHED,,,,,,,,
inspect_ai:0.3.55:util/_sandbox/self_check.py:test_exec_as_user:bf3a33dad9ae4231,inspect_ai,UKGovernmentBEIS/inspect_ai,held-out,util/_sandbox/self_check.py,test_exec_as_user,,0.3.55,0.3.55,1,VANISHED,,,,,,,,
inspect_ai:0.3.134:util/_sandbox/service.py:SandboxService._handle_request:9221da586226089f,inspect_ai,UKGovernmentBEIS/inspect_ai,held-out,util/_sandbox/service.py,SandboxService._handle_request,,0.3.134,0.3.235,4,VANISHED,,,,,,,,
inspect_ai:0.3.134:util/_sandbox/service.py:SandboxService._handle_request:9bf52f85b437963a,inspect_ai,UKGovernmentBEIS/inspect_ai,held-out,util/_sandbox/service.py,SandboxService._handle_request,,0.3.134,0.3.235,4,VANISHED,,,,,,,,
inspect_ai:0.3.55:util/_sandbox/service.py:SandboxService._handle_request:970526472aca1e9a,inspect_ai,UKGovernmentBEIS/inspect_ai,held-out,util/_sandbox/service.py,SandboxService._handle_request,,0.3.55,0.3.108,3,VANISHED,,,,,,,,
inspect_ai:0.3.108:util/_subprocess.py:gracefully_terminate_cancelled_subprocess:39b452da1ca59011,inspect_ai,UKGovernmentBEIS/inspect_ai,held-out,util/_subprocess.py,gracefully_terminate_cancelled_subprocess,no-action,0.3.108,0.3.235,5,VANISHED,,,,,,,,
inspect_ai:0.3.108:util/_subprocess.py:subprocess.run_command:a714adb4a72d3824,inspect_ai,UKGovernmentBEIS/inspect_ai,held-out,util/_subprocess.py,subprocess.run_command,no-action,0.3.108,0.3.235,5,VANISHED,,,,,,,,
inspect_ai:0.3.82:util/_subprocess.py:subprocess.run_command_timeout:a879e9d51d1f0a16,inspect_ai,UKGovernmentBEIS/inspect_ai,held-out,util/_subprocess.py,subprocess.run_command_timeout,no-action,0.3.82,0.3.82,1,VANISHED,,,,,,,,
pydantic-ai-slim:1.92.0:_utils.py:get_first_param_type:9c2bce449da33f94,pydantic-ai-slim,pydantic/pydantic-ai,train,_utils.py,get_first_param_type,silent-fallback,1.92.0,2.37.0,3,FIXED,,2.13.0,2.37.0,raise,no-commit-in-window,,,
pydantic-ai-slim:1.62.0:agent/__init__.py:Agent.iter:75a8aded2c0b1c57,pydantic-ai-slim,pydantic/pydantic-ai,train,agent/__init__.py,Agent.iter,,1.62.0,2.37.0,4,FIXED,,1.62.0,1.92.0,raise,no-commit-in-window,,,
pydantic-ai-slim:1.92.0:tool_manager.py:ToolManager._run_validate_hooks:590bd93cee9be87a,pydantic-ai-slim,pydantic/pydantic-ai,train,tool_manager.py,ToolManager._run_validate_hooks,,1.92.0,2.37.0,3,FIXED,,2.13.0,2.37.0,raise,no-commit-in-window,,,
pydantic-ai-slim:1.92.0:_agent_graph.py:ModelRequestNode.stream:dc8ce13270afb299,pydantic-ai-slim,pydantic/pydantic-ai,train,_agent_graph.py,ModelRequestNode.stream,silent-fallback,1.92.0,2.37.0,3,MUTATED,,,,,,,,
pydantic-ai-slim:0.0.40:_agent_graph.py:capture_run_messages:cddde21c653cce5a,pydantic-ai-slim,pydantic/pydantic-ai,train,_agent_graph.py,capture_run_messages,,0.0.40,2.37.0,9,MUTATED,,,,,,,,
pydantic-ai-slim:0.0.40:_cli.py:cli:455f2fc5e2a25325,pydantic-ai-slim,pydantic/pydantic-ai,train,_cli.py,cli,,0.0.40,2.37.0,9,MUTATED,,,,,,,,
pydantic-ai-slim:0.0.40:_pydantic.py:takes_ctx:551a75d0ccd1a8d8,pydantic-ai-slim,pydantic/pydantic-ai,train,_pydantic.py,takes_ctx,,0.0.40,2.37.0,9,MUTATED,,,,,,,,
pydantic-ai-slim:2.13.0:_tool_execution.py:_ToolCallProcessor._collect_deferred_calls:db9ea56526f968e6,pydantic-ai-slim,pydantic/pydantic-ai,train,_tool_execution.py,_ToolCallProcessor._collect_deferred_calls,,2.13.0,2.37.0,2,MUTATED,,,,,,,,
pydantic-ai-slim:1.1.0:_tool_manager.py:ToolManager.sequential_tool_calls:f12e1e8f455f823f,pydantic-ai-slim,pydantic/pydantic-ai,train,_tool_manager.py,ToolManager.sequential_tool_calls,,1.1.0,2.37.0,6,MUTATED,,,,,,,,
pydantic-ai-slim:1.29.0:_utils.py:get_event_loop:bf82b2e9163c7d12,pydantic-ai-slim,pydantic/pydantic-ai,train,_utils.py,get_event_loop,,1.29.0,2.37.0,5,MUTATED,,,,,,,,
pydantic-ai-slim:0.0.6:_utils.py:group_by_temporal:03b6879cc645d92a,pydantic-ai-slim,pydantic/pydantic-ai,train,_utils.py,group_by_temporal,,0.0.6,2.37.0,10,MUTATED,,,,,,,,
pydantic-ai-slim:0.0.6:agent.py:Agent.override_deps:f12e1e8f455f823f,pydantic-ai-slim,pydantic/pydantic-ai,train,agent.py,Agent.override_deps,,0.0.6,2.37.0,10,MUTATED,,,,,,,,
pydantic-ai-slim:1.92.0:agent/__init__.py:Agent.iter:7805ea75d9a2773c,pydantic-ai-slim,pydantic/pydantic-ai,train,agent/__init__.py,Agent.iter,,1.92.0,2.37.0,3,MUTATED,,,,,,,,
pydantic-ai-slim:2.13.0:durable_exec/dbos/_mcp.py:DBOSMCPToolsetBase.get_instructions:85930d5cec10e68b,pydantic-ai-slim,pydantic/pydantic-ai,train,durable_exec/dbos/_mcp.py,DBOSMCPToolsetBase.get_instructions,no-action,2.13.0,2.37.0,2,MUTATED,,,,,,,,
pydantic-ai-slim:0.0.40:models/instrumented.py:InstrumentedModel.serialize_any:1c34e57156dd3e49,pydantic-ai-slim,pydantic/pydantic-ai,train,models/instrumented.py,InstrumentedModel.serialize_any,,0.0.40,2.37.0,9,MUTATED,,,,,,,,
pydantic-ai-slim:1.1.0:result.py:AgentStream.stream_output:fe90a1385ed5ef55,pydantic-ai-slim,pydantic/pydantic-ai,train,result.py,AgentStream.stream_output,no-action,1.1.0,2.37.0,6,MUTATED,,,,,,,,
pydantic-ai-slim:1.92.0:tool_manager.py:ToolManager._execute_tool_call_impl:b054a17aed289eea,pydantic-ai-slim,pydantic/pydantic-ai,train,tool_manager.py,ToolManager._execute_tool_call_impl,,1.92.0,2.37.0,3,MUTATED,,,,,,,,
pydantic-ai-slim:2.13.0:ui/_adapter.py:UIAdapter.dispatch_request:cd27f71bc94a82a2,pydantic-ai-slim,pydantic/pydantic-ai,train,ui/_adapter.py,UIAdapter.dispatch_request,,2.13.0,2.37.0,2,MUTATED,,,,,,,,
pydantic-ai-slim:1.92.0:ui/ag_ui/_adapter.py:<module>:2b28bf78620333fc,pydantic-ai-slim,pydantic/pydantic-ai,train,ui/ag_ui/_adapter.py,<module>,,1.92.0,2.37.0,3,MUTATED,,,,,,,,
pydantic-ai-slim:0.0.40:_agent_graph.py:UserPromptNode._prepare_messages:d886087d7b7a3d8b,pydantic-ai-slim,pydantic/pydantic-ai,train,_agent_graph.py,UserPromptNode._prepare_messages,silent-fallback,0.0.40,2.37.0,9,SURVIVED,534.5,,,,,,,
pydantic-ai-slim:0.4.11:_cli.py:cli:916b05bca59c50a5,pydantic-ai-slim,pydantic/pydantic-ai,train,_cli.py,cli,silent-fallback,0.4.11,2.37.0,7,SURVIVED,395.1,,,,,,,
pydantic-ai-slim:1.62.0:_cli/__init__.py:load_agent:32807b4cf92d201f,pydantic-ai-slim,pydantic/pydantic-ai,train,_cli/__init__.py,load_agent,silent-fallback,1.62.0,2.37.0,4,SURVIVED,193.9,,,,,,,
pydantic-ai-slim:1.62.0:_cli/web.py:run_web_command:cc455421dc7d3584,pydantic-ai-slim,pydantic/pydantic-ai,train,_cli/web.py,run_web_command,,1.62.0,2.37.0,4,SURVIVED,193.9,,,,,,,
pydantic-ai-slim:0.4.11:_function_schema.py:function_schema:c079da524e225041,pydantic-ai-slim,pydantic/pydantic-ai,train,_function_schema.py,function_schema,,0.4.11,2.37.0,7,SURVIVED,395.1,,,,,,,
pydantic-ai-slim:1.1.0:_json_schema.py:JsonSchemaTransformer._handle_union:f975642785b5b0ed,pydantic-ai-slim,pydantic/pydantic-ai,train,_json_schema.py,JsonSchemaTransformer._handle_union,,1.1.0,2.37.0,6,SURVIVED,320.4,,,,,,,
pydantic-ai-slim:1.62.0:_ssrf.py:validate_and_resolve_url:c030368bb21b935a,pydantic-ai-slim,pydantic/pydantic-ai,train,_ssrf.py,validate_and_resolve_url,,1.62.0,2.37.0,4,SURVIVED,193.9,,,,,,,
pydantic-ai-slim:1.62.0:_tool_manager.py:ToolManager.parallel_execution_mode:f12e1e8f455f823f,pydantic-ai-slim,pydantic/pydantic-ai,train,_tool_manager.py,ToolManager.parallel_execution_mode,,1.62.0,2.37.0,4,SURVIVED,193.9,,,,,,,
pydantic-ai-slim:1.29.0:_utils.py:PeekableAsyncStream.peek:9fc84091a979dceb,pydantic-ai-slim,pydantic/pydantic-ai,train,_utils.py,PeekableAsyncStream.peek,silent-fallback,1.29.0,2.37.0,5,SURVIVED,265.1,,,,,,,
pydantic-ai-slim:1.62.0:_utils.py:disable_threads:f12e1e8f455f823f,pydantic-ai-slim,pydantic/pydantic-ai,train,_utils.py,disable_threads,,1.62.0,2.37.0,4,SURVIVED,193.9,,,,,,,
pydantic-ai-slim:0.0.6:_utils.py:group_by_temporal.async_iter_groups:31e5c02fd25457c4,pydantic-ai-slim,pydantic/pydantic-ai,train,_utils.py,group_by_temporal.async_iter_groups,silent-fallback,0.0.6,2.37.0,10,SURVIVED,644.2,,,,,,,
pydantic-ai-slim:1.29.0:common_tools/duckduckgo.py:<module>:a16102bcef482071,pydantic-ai-slim,pydantic/pydantic-ai,train,common_tools/duckduckgo.py,<module>,,1.29.0,2.37.0,5,SURVIVED,265.1,,,,,,,
pydantic-ai-slim:1.62.0:concurrency.py:ConcurrencyLimiter.acquire:224d77d419bb2ecf,pydantic-ai-slim,pydantic/pydantic-ai,train,concurrency.py,ConcurrencyLimiter.acquire,no-action,1.62.0,2.37.0,4,SURVIVED,193.9,,,,,,,
pydantic-ai-slim:1.62.0:concurrency.py:ConcurrencyLimiter.acquire:68373ce93a22ef31,pydantic-ai-slim,pydantic/pydantic-ai,train,concurrency.py,ConcurrencyLimiter.acquire,,1.62.0,2.37.0,4,SURVIVED,193.9,,,,,,,
pydantic-ai-slim:1.62.0:concurrency.py:_limiter_context:f12e1e8f455f823f,pydantic-ai-slim,pydantic/pydantic-ai,train,concurrency.py,_limiter_context,,1.62.0,2.37.0,4,SURVIVED,193.9,,,,,,,
pydantic-ai-slim:1.29.0:durable_exec/temporal/__init__.py:<module>:570508969531f9f7,pydantic-ai-slim,pydantic/pydantic-ai,train,durable_exec/temporal/__init__.py,<module>,no-action,1.29.0,2.37.0,5,SURVIVED,265.1,,,,,,,
pydantic-ai-slim:1.62.0:durable_exec/temporal/_model.py:TemporalModel.using_model:f12e1e8f455f823f,pydantic-ai-slim,pydantic/pydantic-ai,train,durable_exec/temporal/_model.py,TemporalModel.using_model,,1.62.0,2.37.0,4,SURVIVED,193.9,,,,,,,
pydantic-ai-slim:1.62.0:embeddings/__init__.py:Embedder.override:f12e1e8f455f823f,pydantic-ai-slim,pydantic/pydantic-ai,train,embeddings/__init__.py,Embedder.override,,1.62.0,2.37.0,4,SURVIVED,193.9,,,,,,,
pydantic-ai-slim:1.62.0:embeddings/instrumented.py:InstrumentedEmbeddingModel.serialize_any:1c34e57156dd3e49,pydantic-ai-slim,pydantic/pydantic-ai,train,embeddings/instrumented.py,InstrumentedEmbeddingModel.serialize_any,,1.62.0,2.37.0,4,SURVIVED,193.9,,,,,,,
pydantic-ai-slim:1.62.0:embeddings/instrumented.py:InstrumentedEmbeddingModel.serialize_any:5ba55a97d4647cac,pydantic-ai-slim,pydantic/pydantic-ai,train,embeddings/instrumented.py,InstrumentedEmbeddingModel.serialize_any,,1.62.0,2.37.0,4,SURVIVED,193.9,,,,,,,
pydantic-ai-slim:0.0.6:exceptions.py:UnexpectedModelBehavior.__init__:8d324a09874ad1b5,pydantic-ai-slim,pydantic/pydantic-ai,train,exceptions.py,UnexpectedModelBehavior.__init__,,0.0.6,2.37.0,10,SURVIVED,644.2,,,,,,,
pydantic-ai-slim:0.4.11:mcp.py:MCPServer._map_tool_result_part:80d6b76aaef7067b,pydantic-ai-slim,pydantic/pydantic-ai,train,mcp.py,MCPServer._map_tool_result_part,no-action,0.4.11,2.37.0,7,SURVIVED,395.1,,,,,,,
pydantic-ai-slim:1.62.0:messages.py:UserPromptPart.otel_message_parts:fea353eca536bc0d,pydantic-ai-slim,pydantic/pydantic-ai,train,messages.py,UserPromptPart.otel_message_parts,no-action,1.62.0,2.37.0,4,SURVIVED,193.9,,,,,,,
pydantic-ai-slim:0.2.6:models/__init__.py:override_allow_model_requests:f12e1e8f455f823f,pydantic-ai-slim,pydantic/pydantic-ai,train,models/__init__.py,override_allow_model_requests,,0.2.6,2.37.0,8,SURVIVED,467.7,,,,,,,
pydantic-ai-slim:1.62.0:models/groq.py:_parse_tool_use_failed_error:57658eb975076a6d,pydantic-ai-slim,pydantic/pydantic-ai,train,models/groq.py,_parse_tool_use_failed_error,silent-fallback,1.62.0,2.37.0,4,SURVIVED,193.9,,,,,,,
pydantic-ai-slim:1.62.0:models/groq.py:_parse_tool_use_failed_error:7031cc2e317339bd,pydantic-ai-slim,pydantic/pydantic-ai,train,models/groq.py,_parse_tool_use_failed_error,silent-fallback,1.62.0,2.37.0,4,SURVIVED,193.9,,,,,,,
pydantic-ai-slim:1.62.0:models/groq.py:_parse_tool_use_failed_error:9e5f8e85c1c93111,pydantic-ai-slim,pydantic/pydantic-ai,train,models/groq.py,_parse_tool_use_failed_error,,1.62.0,2.37.0,4,SURVIVED,193.9,,,,,,,
pydantic-ai-slim:0.4.11:models/instrumented.py:InstrumentationSettings.__init__:c35538ebc493d07b,pydantic-ai-slim,pydantic/pydantic-ai,train,models/instrumented.py,InstrumentationSettings.__init__,,0.4.11,2.37.0,7,SURVIVED,395.1,,,,,,,
pydantic-ai-slim:0.0.40:models/instrumented.py:InstrumentedModel.serialize_any:5ba55a97d4647cac,pydantic-ai-slim,pydantic/pydantic-ai,train,models/instrumented.py,InstrumentedModel.serialize_any,,0.0.40,2.37.0,9,SURVIVED,534.5,,,,,,,
pydantic-ai-slim:0.0.40:models/mistral.py:MistralStreamedResponse._get_event_iterator:61a71daba9225edb,pydantic-ai-slim,pydantic/pydantic-ai,train,models/mistral.py,MistralStreamedResponse._get_event_iterator,,0.0.40,2.37.0,9,SURVIVED,534.5,,,,,,,
pydantic-ai-slim:1.62.0:models/openai.py:_check_azure_content_filter:7cf834db44c51041,pydantic-ai-slim,pydantic/pydantic-ai,train,models/openai.py,_check_azure_content_filter,no-action,1.62.0,2.37.0,4,SURVIVED,193.9,,,,,,,
pydantic-ai-slim:1.62.0:models/xai.py:_get_tool_result_content:da40e3ff8e97a6ae,pydantic-ai-slim,pydantic/pydantic-ai,train,models/xai.py,_get_tool_result_content,,1.62.0,2.37.0,4,SURVIVED,193.9,,,,,,,
pydantic-ai-slim:1.62.0:models/xai.py:_parse_tool_args:71d08e196e6b7593,pydantic-ai-slim,pydantic/pydantic-ai,train,models/xai.py,_parse_tool_args,silent-fallback,1.62.0,2.37.0,4,SURVIVED,193.9,,,,,,,
pydantic-ai-slim:1.62.0:providers/xai.py:_LazyAsyncClient.get_client:41b0ab766ece5d65,pydantic-ai-slim,pydantic/pydantic-ai,train,providers/xai.py,_LazyAsyncClient.get_client,no-action,1.62.0,2.37.0,4,SURVIVED,193.9,,,,,,,
pydantic-ai-slim:1.29.0:run.py:AgentRun.next:c98cf6469bb92096,pydantic-ai-slim,pydantic/pydantic-ai,train,run.py,AgentRun.next,no-action,1.29.0,2.37.0,5,SURVIVED,265.1,,,,,,,
pydantic-ai-slim:1.62.0:ui/ag_ui/_adapter.py:AGUIAdapter.load_messages:68c0ab6035617093,pydantic-ai-slim,pydantic/pydantic-ai,train,ui/ag_ui/_adapter.py,AGUIAdapter.load_messages,,1.62.0,2.37.0,4,SURVIVED,193.9,,,,,,,
pydantic-ai-slim:1.1.0:usage.py:RequestUsage.extract:abd042808e6b898c,pydantic-ai-slim,pydantic/pydantic-ai,train,usage.py,RequestUsage.extract,no-action,1.1.0,2.37.0,6,SURVIVED,320.4,,,,,,,
pydantic-ai-slim:2.13.0:_agent_graph.py:CallToolsNode._process_response_output:166401430f4ff28d,pydantic-ai-slim,pydantic/pydantic-ai,train,_agent_graph.py,CallToolsNode._process_response_output,silent-fallback,2.13.0,2.37.0,2,TOO_YOUNG,,,,,,,,
pydantic-ai-slim:1.92.0:_agent_graph.py:CallToolsNode._run_stream._run_stream:807cdb97bb47ecb6,pydantic-ai-slim,pydantic/pydantic-ai,train,_agent_graph.py,CallToolsNode._run_stream._run_stream,,1.92.0,2.37.0,3,TOO_YOUNG,,,,,,,,
pydantic-ai-slim:2.13.0:_agent_graph.py:CallToolsNode._run_stream._run_stream:c0896270b5c1d4b0,pydantic-ai-slim,pydantic/pydantic-ai,train,_agent_graph.py,CallToolsNode._run_stream._run_stream,,2.13.0,2.37.0,2,TOO_YOUNG,,,,,,,,
pydantic-ai-slim:2.37.0:_agent_graph.py:CallToolsNode.stream:7f1424b45107d42f,pydantic-ai-slim,pydantic/pydantic-ai,train,_agent_graph.py,CallToolsNode.stream,,2.37.0,2.37.0,1,TOO_YOUNG,,,,,,,,
pydantic-ai-slim:1.92.0:_agent_graph.py:ModelRequestNode._finish_handling:0e99cf65a4d2396c,pydantic-ai-slim,pydantic/pydantic-ai,train,_agent_graph.py,ModelRequestNode._finish_handling,,1.92.0,2.37.0,3,TOO_YOUNG,,,,,,,,
pydantic-ai-slim:2.37.0:_agent_graph.py:ModelRequestNode._make_request:8257a80d9b8bbf10,pydantic-ai-slim,pydantic/pydantic-ai,train,_agent_graph.py,ModelRequestNode._make_request,,2.37.0,2.37.0,1,TOO_YOUNG,,,,,,,,
pydantic-ai-slim:2.37.0:_agent_graph.py:ModelRequestNode._make_request:9e92a4ee75a72dd4,pydantic-ai-slim,pydantic/pydantic-ai,train,_agent_graph.py,ModelRequestNode._make_request,,2.37.0,2.37.0,1,TOO_YOUNG,,,,,,,,
pydantic-ai-slim:1.92.0:_agent_graph.py:ModelRequestNode.stream:63de03f7e656ba9f,pydantic-ai-slim,pydantic/pydantic-ai,train,_agent_graph.py,ModelRequestNode.stream,,1.92.0,2.37.0,3,TOO_YOUNG,,,,,,,,
pydantic-ai-slim:2.37.0:_agent_graph.py:ModelRequestNode.stream:1ed4a0cdcf2553eb,pydantic-ai-slim,pydantic/pydantic-ai,train,_agent_graph.py,ModelRequestNode.stream,silent-fallback,2.37.0,2.37.0,1,TOO_YOUNG,,,,,,,,
pydantic-ai-slim:2.37.0:_agent_graph.py:ModelRequestNode.stream:26e3fbf4e3db4dc7,pydantic-ai-slim,pydantic/pydantic-ai,train,_agent_graph.py,ModelRequestNode.stream,,2.37.0,2.37.0,1,TOO_YOUNG,,,,,,,,
pydantic-ai-slim:2.37.0:_agent_graph.py:ModelRequestNode.stream:3db27f8b1b8a2f3f,pydantic-ai-slim,pydantic/pydantic-ai,train,_agent_graph.py,ModelRequestNode.stream,,2.37.0,2.37.0,1,TOO_YOUNG,,,,,,,,
pydantic-ai-slim:2.37.0:_agent_graph.py:ModelRequestNode.stream:f8821313e35a8b9b,pydantic-ai-slim,pydantic/pydantic-ai,train,_agent_graph.py,ModelRequestNode.stream,,2.37.0,2.37.0,1,TOO_YOUNG,,,,,,,,
pydantic-ai-slim:2.13.0:_agent_graph.py:ModelRequestNode.stream._streaming_handler:20060f43b82a80da,pydantic-ai-slim,pydantic/pydantic-ai,train,_agent_graph.py,ModelRequestNode.stream._streaming_handler,,2.13.0,2.37.0,2,TOO_YOUNG,,,,,,,,
pydantic-ai-slim:1.92.0:_agent_graph.py:_cancel_task:c7f731decb2fb1ad,pydantic-ai-slim,pydantic/pydantic-ai,train,_agent_graph.py,_cancel_task,no-action,1.92.0,2.37.0,3,TOO_YOUNG,,,,,,,,
pydantic-ai-slim:2.37.0:_agent_graph.py:model_request_stream:d0be613864b811cb,pydantic-ai-slim,pydantic/pydantic-ai,train,_agent_graph.py,model_request_stream,,2.37.0,2.37.0,1,TOO_YOUNG,,,,,,,,
pydantic-ai-slim:2.13.0:_agent_graph.py:set_agent_graph_sleep:f12e1e8f455f823f,pydantic-ai-slim,pydantic/pydantic-ai,train,_agent_graph.py,set_agent_graph_sleep,,2.13.0,2.37.0,2,TOO_YOUNG,,,,,,,,
pydantic-ai-slim:2.37.0:_cancel.py:RunCancellation.bind:ab89a153b7500f72,pydantic-ai-slim,pydantic/pydantic-ai,train,_cancel.py,RunCancellation.bind,,2.37.0,2.37.0,1,TOO_YOUNG,,,,,,,,
pydantic-ai-slim:2.37.0:_cancel.py:RunCancellation.cancel:41b0ab766ece5d65,pydantic-ai-slim,pydantic/pydantic-ai,train,_cancel.py,RunCancellation.cancel,silent-fallback,2.37.0,2.37.0,1,TOO_YOUNG,,,,,,,,
pydantic-ai-slim:2.37.0:_cancel.py:RunCancellation.resolve:ab89a153b7500f72,pydantic-ai-slim,pydantic/pydantic-ai,train,_cancel.py,RunCancellation.resolve,,2.37.0,2.37.0,1,TOO_YOUNG,,,,,,,,
pydantic-ai-slim:2.37.0:_cancel.py:provide_run_binding:f12e1e8f455f823f,pydantic-ai-slim,pydantic/pydantic-ai,train,_cancel.py,provide_run_binding,,2.37.0,2.37.0,1,TOO_YOUNG,,,,,,,,
pydantic-ai-slim:2.37.0:_cli/__init__.py:_load_mcp_toolsets_for_cli:bdc274df610a7d2b,pydantic-ai-slim,pydantic/pydantic-ai,train,_cli/__init__.py,_load_mcp_toolsets_for_cli,silent-fallback,2.37.0,2.37.0,1,TOO_YOUNG,,,,,,,,
pydantic-ai-slim:2.37.0:_cli/__init__.py:_run_chat_command:3104bddabfc1c349,pydantic-ai-slim,pydantic/pydantic-ai,train,_cli/__init__.py,_run_chat_command,,2.37.0,2.37.0,1,TOO_YOUNG,,,,,,,,
pydantic-ai-slim:2.37.0:_cli/__init__.py:_run_chat_command:51d9ffbc5b924750,pydantic-ai-slim,pydantic/pydantic-ai,train,_cli/__init__.py,_run_chat_command,,2.37.0,2.37.0,1,TOO_YOUNG,,,,,,,,
pydantic-ai-slim:2.37.0:_cli/__init__.py:ask_agent:a78fd63bccaeb392,pydantic-ai-slim,pydantic/pydantic-ai,train,_cli/__init__.py,ask_agent,,2.37.0,2.37.0,1,TOO_YOUNG,,,,,,,,
pydantic-ai-slim:2.13.0:_cli/__init__.py:run_chat:2c17aacaa58d3324,pydantic-ai-slim,pydantic/pydantic-ai,train,_cli/__init__.py,run_chat,,2.13.0,2.37.0,2,TOO_YOUNG,,,,,,,,
pydantic-ai-slim:2.37.0:_cli/__init__.py:run_chat:64b6cae221b848f6,pydantic-ai-slim,pydantic/pydantic-ai,train,_cli/__init__.py,run_chat,,2.37.0,2.37.0,1,TOO_YOUNG,,,,,,,,
pydantic-ai-slim:2.37.0:_cost.py:calculate_price_for_usage:68127386162b95e3,pydantic-ai-slim,pydantic/pydantic-ai,train,_cost.py,calculate_price_for_usage,no-action,2.37.0,2.37.0,1,TOO_YOUNG,,,,,,,,
pydantic-ai-slim:2.13.0:_deferred_capabilities.py:LoadCapabilityCallPart.typed_args:c135324cf68a1eb4,pydantic-ai-slim,pydantic/pydantic-ai,train,_deferred_capabilities.py,LoadCapabilityCallPart.typed_args,silent-fallback,2.13.0,2.37.0,2,TOO_YOUNG,,,,,,,,
pydantic-ai-slim:2.37.0:_http.py:<module>:1c37485d583dd775,pydantic-ai-slim,pydantic/pydantic-ai,train,_http.py,<module>,silent-fallback,2.37.0,2.37.0,1,TOO_YOUNG,,,,,,,,
pydantic-ai-slim:2.37.0:_instrumentation.py:_redact_binary_content:cb9330b8b6c2116a,pydantic-ai-slim,pydantic/pydantic-ai,train,_instrumentation.py,_redact_binary_content,,2.37.0,2.37.0,1,TOO_YOUNG,,,,,,,,
pydantic-ai-slim:2.37.0:_instrumentation.py:_serialize_model_request_parameters:7d8b5b8f63285bcc,pydantic-ai-slim,pydantic/pydantic-ai,train,_instrumentation.py,_serialize_model_request_parameters,,2.37.0,2.37.0,1,TOO_YOUNG,,,,,,,,
pydantic-ai-slim:2.13.0:_instrumentation.py:capture_current_context.attach_captured_context:f12e1e8f455f823f,pydantic-ai-slim,pydantic/pydantic-ai,train,_instrumentation.py,capture_current_context.attach_captured_context,,2.13.0,2.37.0,2,TOO_YOUNG,,,,,,,,
pydantic-ai-slim:2.37.0:_instrumentation.py:open_model_request_span:2568ae7f1de13969,pydantic-ai-slim,pydantic/pydantic-ai,train,_instrumentation.py,open_model_request_span,,2.37.0,2.37.0,1,TOO_YOUNG,,,,,,,,
pydantic-ai-slim:2.37.0:_instrumentation.py:provider_attributes:377b8740a30da05f,pydantic-ai-slim,pydantic/pydantic-ai,train,_instrumentation.py,provider_attributes,no-action,2.37.0,2.37.0,1,TOO_YOUNG,,,,,,,,
pydantic-ai-slim:2.37.0:_instrumentation.py:redact_binary_content:0df13aa265074972,pydantic-ai-slim,pydantic/pydantic-ai,train,_instrumentation.py,redact_binary_content,,2.37.0,2.37.0,1,TOO_YOUNG,,,,,,,,
pydantic-ai-slim:2.13.0:_instrumentation.py:safe_to_json:35f65b52ef98213e,pydantic-ai-slim,pydantic/pydantic-ai,train,_instrumentation.py,safe_to_json,,2.13.0,2.37.0,2,TOO_YOUNG,,,,,,,,
pydantic-ai-slim:2.13.0:_instrumentation.py:serialize_any:e3ce240268d4f425,pydantic-ai-slim,pydantic/pydantic-ai,train,_instrumentation.py,serialize_any,,2.13.0,2.37.0,2,TOO_YOUNG,,,,,,,,
pydantic-ai-slim:1.92.0:_output.py:_isinstance_maybe_generic:d9dfd646d66bc3d0,pydantic-ai-slim,pydantic/pydantic-ai,train,_output.py,_isinstance_maybe_generic,,1.92.0,2.37.0,3,TOO_YOUNG,,,,,,,,
pydantic-ai-slim:2.37.0:_ssrf.py:_build_url:b12f0c7aae7ec90b,pydantic-ai-slim,pydantic/pydantic-ai,train,_ssrf.py,_build_url,,2.37.0,2.37.0,1,TOO_YOUNG,,,,,,,,
pydantic-ai-slim:2.13.0:_ssrf.py:is_cloud_metadata_ip:65c45b42a768803d,pydantic-ai-slim,pydantic/pydantic-ai,train,_ssrf.py,is_cloud_metadata_ip,silent-fallback,2.13.0,2.37.0,2,TOO_YOUNG,,,,,,,,
pydantic-ai-slim:2.13.0:_ssrf.py:is_private_ip:65c45b42a768803d,pydantic-ai-slim,pydantic/pydantic-ai,train,_ssrf.py,is_private_ip,silent-fallback,2.13.0,2.37.0,2,TOO_YOUNG,,,,,,,,
pydantic-ai-slim:2.37.0:_ssrf.py:safe_download:7385c8b93333a8cc,pydantic-ai-slim,pydantic/pydantic-ai,train,_ssrf.py,safe_download,no-action,2.37.0,2.37.0,1,TOO_YOUNG,,,,,,,,
pydantic-ai-slim:2.37.0:_ssrf.py:safe_download:7a0606edf4f57f82,pydantic-ai-slim,pydantic/pydantic-ai,train,_ssrf.py,safe_download,,2.37.0,2.37.0,1,TOO_YOUNG,,,,,,,,
pydantic-ai-slim:2.13.0:_sync_stream.py:SyncStreamBridge.__init__:27ce7161404d1f40,pydantic-ai-slim,pydantic/pydantic-ai,train,_sync_stream.py,SyncStreamBridge.__init__,no-action,2.13.0,2.37.0,2,TOO_YOUNG,,,,,,,,
pydantic-ai-slim:2.13.0:_sync_stream.py:SyncStreamBridge._check_owner_thread:27ce7161404d1f40,pydantic-ai-slim,pydantic/pydantic-ai,train,_sync_stream.py,SyncStreamBridge._check_owner_thread,silent-fallback,2.13.0,2.37.0,2,TOO_YOUNG,,,,,,,,
pydantic-ai-slim:2.13.0:_sync_stream.py:SyncStreamBridge._pump_to_stream:da2e0b3ae259d6fb,pydantic-ai-slim,pydantic/pydantic-ai,train,_sync_stream.py,SyncStreamBridge._pump_to_stream,,2.13.0,2.37.0,2,TOO_YOUNG,,,,,,,,
pydantic-ai-slim:2.13.0:_sync_stream.py:_finalize_loop:27ce7161404d1f40,pydantic-ai-slim,pydantic/pydantic-ai,train,_sync_stream.py,_finalize_loop,silent-fallback,2.13.0,2.37.0,2,TOO_YOUNG,,,,,,,,
pydantic-ai-slim:2.13.0:_sync_stream.py:_receive_one:4dc4ff9c2f10eb7b,pydantic-ai-slim,pydantic/pydantic-ai,train,_sync_stream.py,_receive_one,,2.13.0,2.37.0,2,TOO_YOUNG,,,,,,,,
pydantic-ai-slim:1.92.0:_template.py:validate_from_spec_args:f9df8d1d26c122b4,pydantic-ai-slim,pydantic/pydantic-ai,train,_template.py,validate_from_spec_args,,1.92.0,2.37.0,3,TOO_YOUNG,,,,,,,,
pydantic-ai-slim:2.37.0:_tool_execution.py:_ExhaustiveProcessor._run_strategy:8ac84574955c9c8a,pydantic-ai-slim,pydantic/pydantic-ai,train,_tool_execution.py,_ExhaustiveProcessor._run_strategy,,2.37.0,2.37.0,1,TOO_YOUNG,,,,,,,,
pydantic-ai-slim:2.13.0:_tool_execution.py:_ExhaustiveProcessor._run_strategy.run_one:354cbe48d23f8c2f,pydantic-ai-slim,pydantic/pydantic-ai,train,_tool_execution.py,_ExhaustiveProcessor._run_strategy.run_one,,2.13.0,2.37.0,2,TOO_YOUNG,,,,,,,,
pydantic-ai-slim:2.37.0:_tool_execution.py:_ToolCallProcessor._call_tool:11091df2ed7aa687,pydantic-ai-slim,pydantic/pydantic-ai,train,_tool_execution.py,_ToolCallProcessor._call_tool,,2.37.0,2.37.0,1,TOO_YOUNG,,,,,,,,
pydantic-ai-slim:2.37.0:_tool_execution.py:_ToolCallProcessor._call_tools:d612b33a4b5604fa,pydantic-ai-slim,pydantic/pydantic-ai,train,_tool_execution.py,_ToolCallProcessor._call_tools,,2.37.0,2.37.0,1,TOO_YOUNG,,,,,,,,
pydantic-ai-slim:2.37.0:_tool_execution.py:_ToolCallProcessor._call_tools.handle_call_or_result:a6baa71daad79038,pydantic-ai-slim,pydantic/pydantic-ai,train,_tool_execution.py,_ToolCallProcessor._call_tools.handle_call_or_result,,2.37.0,2.37.0,1,TOO_YOUNG,,,,,,,,
pydantic-ai-slim:2.13.0:_tool_execution.py:_ToolCallProcessor._run_output_tool_call:5661bbf46157e8b4,pydantic-ai-slim,pydantic/pydantic-ai,train,_tool_execution.py,_ToolCallProcessor._run_output_tool_call,,2.13.0,2.37.0,2,TOO_YOUNG,,,,,,,,
pydantic-ai-slim:2.13.0:_tool_execution.py:_ToolCallProcessor._run_output_tool_call:9d4a6bb4bdfe02e2,pydantic-ai-slim,pydantic/pydantic-ai,train,_tool_execution.py,_ToolCallProcessor._run_output_tool_call,,2.13.0,2.37.0,2,TOO_YOUNG,,,,,,,,
pydantic-ai-slim:2.13.0:_tool_search.py:NativeToolSearchCallPart.typed_args:daed3f742f5c923d,pydantic-ai-slim,pydantic/pydantic-ai,train,_tool_search.py,NativeToolSearchCallPart.typed_args,silent-fallback,2.13.0,2.37.0,2,TOO_YOUNG,,,,,,,,
pydantic-ai-slim:2.13.0:_tool_search.py:ToolSearchCallPart.typed_args:daed3f742f5c923d,pydantic-ai-slim,pydantic/pydantic-ai,train,_tool_search.py,ToolSearchCallPart.typed_args,silent-fallback,2.13.0,2.37.0,2,TOO_YOUNG,,,,,,,,
pydantic-ai-slim:2.37.0:_utils.py:PeekableAsyncStream.__anext__:7de877a490122238,pydantic-ai-slim,pydantic/pydantic-ai,train,_utils.py,PeekableAsyncStream.__anext__,,2.37.0,2.37.0,1,TOO_YOUNG,,,,,,,,
pydantic-ai-slim:2.37.0:_utils.py:PeekableAsyncStream.peek:f6b48cbfe00342ae,pydantic-ai-slim,pydantic/pydantic-ai,train,_utils.py,PeekableAsyncStream.peek,silent-fallback,2.37.0,2.37.0,1,TOO_YOUNG,,,,,,,,
pydantic-ai-slim:2.37.0:_utils.py:abandon_threads_on_cancel:f12e1e8f455f823f,pydantic-ai-slim,pydantic/pydantic-ai,train,_utils.py,abandon_threads_on_cancel,,2.37.0,2.37.0,1,TOO_YOUNG,,,,,,,,
pydantic-ai-slim:2.37.0:_utils.py:aclose_all:c6388b73eef0762d,pydantic-ai-slim,pydantic/pydantic-ai,train,_utils.py,aclose_all,,2.37.0,2.37.0,1,TOO_YOUNG,,,,,,,,
pydantic-ai-slim:2.13.0:_utils.py:dataclasses_no_defaults_repr.include_field:b8973791f705f59e,pydantic-ai-slim,pydantic/pydantic-ai,train,_utils.py,dataclasses_no_defaults_repr.include_field,silent-fallback,2.13.0,2.37.0,2,TOO_YOUNG,,,,,,,,
pydantic-ai-slim:1.92.0:_utils.py:get_first_param_type:436a7afa8f3bd55e,pydantic-ai-slim,pydantic/pydantic-ai,train,_utils.py,get_first_param_type,silent-fallback,1.92.0,2.37.0,3,TOO_YOUNG,,,,,,,,
pydantic-ai-slim:2.37.0:_utils.py:raise_if_cancelling:ab89a153b7500f72,pydantic-ai-slim,pydantic/pydantic-ai,train,_utils.py,raise_if_cancelling,,2.37.0,2.37.0,1,TOO_YOUNG,,,,,,,,
pydantic-ai-slim:2.37.0:_utils.py:run_in_executor.call_with_sync_agent_guard:78261aeca6ef443a,pydantic-ai-slim,pydantic/pydantic-ai,train,_utils.py,run_in_executor.call_with_sync_agent_guard,,2.37.0,2.37.0,1,TOO_YOUNG,,,,,,,,
pydantic-ai-slim:1.92.0:_utils.py:using_thread_executor:f12e1e8f455f823f,pydantic-ai-slim,pydantic/pydantic-ai,train,_utils.py,using_thread_executor,,1.92.0,2.37.0,3,TOO_YOUNG,,,,,,,,
pydantic-ai-slim:2.13.0:agent/__init__.py:Agent.__aexit__:aadd23df11ce6c60,pydantic-ai-slim,pydantic/pydantic-ai,train,agent/__init__.py,Agent.__aexit__,,2.13.0,2.37.0,2,TOO_YOUNG,,,,,,,,
pydantic-ai-slim:2.37.0:agent/__init__.py:Agent._open_realtime_session:b139bc28e76c3710,pydantic-ai-slim,pydantic/pydantic-ai,train,agent/__init__.py,Agent._open_realtime_session,,2.37.0,2.37.0,1,TOO_YOUNG,,,,,,,,
pydantic-ai-slim:2.37.0:agent/__init__.py:Agent._open_realtime_session:d82e598a26921a18,pydantic-ai-slim,pydantic/pydantic-ai,train,agent/__init__.py,Agent._open_realtime_session,,2.37.0,2.37.0,1,TOO_YOUNG,,,,,,,,
pydantic-ai-slim:2.37.0:agent/__init__.py:Agent._resolve_realtime_session:02620ed0c6616f31,pydantic-ai-slim,pydantic/pydantic-ai,train,agent/__init__.py,Agent._resolve_realtime_session,,2.37.0,2.37.0,1,TOO_YOUNG,,,,,,,,
pydantic-ai-slim:2.37.0:agent/__init__.py:Agent._resolve_realtime_session:9aed5230e21da010,pydantic-ai-slim,pydantic/pydantic-ai,train,agent/__init__.py,Agent._resolve_realtime_session,,2.37.0,2.37.0,1,TOO_YOUNG,,,,,,,,
pydantic-ai-slim:1.92.0:agent/__init__.py:Agent.iter:a6ad9d586e5242d6,pydantic-ai-slim,pydantic/pydantic-ai,train,agent/__init__.py,Agent.iter,no-action,1.92.0,2.37.0,3,TOO_YOUNG,,,,,,,,
pydantic-ai-slim:1.92.0:agent/__init__.py:_capabilities_from_spec:e31ef1866741c6a6,pydantic-ai-slim,pydantic/pydantic-ai,train,agent/__init__.py,_capabilities_from_spec,,1.92.0,2.37.0,3,TOO_YOUNG,,,,,,,,
pydantic-ai-slim:2.37.0:agent/__init__.py:_run_lifecycle_hooks:29c8aab73e132898,pydantic-ai-slim,pydantic/pydantic-ai,train,agent/__init__.py,_run_lifecycle_hooks,silent-fallback,2.37.0,2.37.0,1,TOO_YOUNG,,,,,,,,
pydantic-ai-slim:2.37.0:agent/__init__.py:_run_lifecycle_hooks:b97ae7da3650fcbf,pydantic-ai-slim,pydantic/pydantic-ai,train,agent/__init__.py,_run_lifecycle_hooks,,2.37.0,2.37.0,1,TOO_YOUNG,,,,,,,,
pydantic-ai-slim:2.13.0:agent/abstract.py:_RunStreamEventsIterator.__anext__:8f21ed8110e7f53f,pydantic-ai-slim,pydantic/pydantic-ai,train,agent/abstract.py,_RunStreamEventsIterator.__anext__,silent-fallback,2.13.0,2.37.0,2,TOO_YOUNG,,,,,,,,
pydantic-ai-slim:1.92.0:agent/spec.py:_build_capability_schema_types._get_schema_target:2393201fb0760128,pydantic-ai-slim,pydantic/pydantic-ai,train,agent/spec.py,_build_capability_schema_types._get_schema_target,no-action,1.92.0,2.37.0,3,TOO_YOUNG,,,,,,,,
pydantic-ai-slim:2.37.0:capabilities/abstract.py:AbstractCapability.wrap_run_event_stream:b41811f7b149ca8b,pydantic-ai-slim,pydantic/pydantic-ai,train,capabilities/abstract.py,AbstractCapability.wrap_run_event_stream,,2.37.0,2.37.0,1,TOO_YOUNG,,,,,,,,
pydantic-ai-slim:2.13.0:capabilities/combined.py:CombinedCapability.on_model_request_error:ebb3fe2c52c31f1d,pydantic-ai-slim,pydantic/pydantic-ai,train,capabilities/combined.py,CombinedCapability.on_model_request_error,,2.13.0,2.37.0,2,TOO_YOUNG,,,,,,,,
pydantic-ai-slim:2.13.0:capabilities/combined.py:CombinedCapability.on_node_run_error:97d8208c385e211d,pydantic-ai-slim,pydantic/pydantic-ai,train,capabilities/combined.py,CombinedCapability.on_node_run_error,,2.13.0,2.37.0,2,TOO_YOUNG,,,,,,,,
pydantic-ai-slim:2.13.0:capabilities/combined.py:CombinedCapability.on_output_process_error:29bc6d8ab89be791,pydantic-ai-slim,pydantic/pydantic-ai,train,capabilities/combined.py,CombinedCapability.on_output_process_error,,2.13.0,2.37.0,2,TOO_YOUNG,,,,,,,,
pydantic-ai-slim:2.13.0:capabilities/combined.py:CombinedCapability.on_run_error:085a49d1b1598aa9,pydantic-ai-slim,pydantic/pydantic-ai,train,capabilities/combined.py,CombinedCapability.on_run_error,,2.13.0,2.37.0,2,TOO_YOUNG,,,,,,,,
pydantic-ai-slim:2.13.0:capabilities/combined.py:CombinedCapability.on_tool_execute_error:c1b85a8d902dfed5,pydantic-ai-slim,pydantic/pydantic-ai,train,capabilities/combined.py,CombinedCapability.on_tool_execute_error,,2.13.0,2.37.0,2,TOO_YOUNG,,,,,,,,
pydantic-ai-slim:2.37.0:capabilities/combined.py:CombinedCapability.wrap_run_event_stream:b41811f7b149ca8b,pydantic-ai-slim,pydantic/pydantic-ai,train,capabilities/combined.py,CombinedCapability.wrap_run_event_stream,,2.37.0,2.37.0,1,TOO_YOUNG,,,,,,,,
pydantic-ai-slim:1.92.0:capabilities/hooks.py:Hooks.on_model_request_error:a272096c2f2edd95,pydantic-ai-slim,pydantic/pydantic-ai,train,capabilities/hooks.py,Hooks.on_model_request_error,,1.92.0,2.37.0,3,TOO_YOUNG,,,,,,,,
pydantic-ai-slim:1.92.0:capabilities/hooks.py:Hooks.on_node_run_error:67a8cd8143372aca,pydantic-ai-slim,pydantic/pydantic-ai,train,capabilities/hooks.py,Hooks.on_node_run_error,,1.92.0,2.37.0,3,TOO_YOUNG,,,,,,,,
pydantic-ai-slim:1.92.0:capabilities/hooks.py:Hooks.on_output_process_error:b208ab43faff4ddc,pydantic-ai-slim,pydantic/pydantic-ai,train,capabilities/hooks.py,Hooks.on_output_process_error,,1.92.0,2.37.0,3,TOO_YOUNG,,,,,,,,
pydantic-ai-slim:1.92.0:capabilities/hooks.py:Hooks.on_output_validate_error:c8ea7741828294bf,pydantic-ai-slim,pydantic/pydantic-ai,train,capabilities/hooks.py,Hooks.on_output_validate_error,,1.92.0,2.37.0,3,TOO_YOUNG,,,,,,,,
pydantic-ai-slim:1.92.0:capabilities/hooks.py:Hooks.on_run_error:c12252e98e10ae2e,pydantic-ai-slim,pydantic/pydantic-ai,train,capabilities/hooks.py,Hooks.on_run_error,,1.92.0,2.37.0,3,TOO_YOUNG,,,,,,,,
pydantic-ai-slim:1.92.0:capabilities/hooks.py:Hooks.on_tool_execute_error:64d5ad9fe2514608,pydantic-ai-slim,pydantic/pydantic-ai,train,capabilities/hooks.py,Hooks.on_tool_execute_error,,1.92.0,2.37.0,3,TOO_YOUNG,,,,,,,,
pydantic-ai-slim:1.92.0:capabilities/hooks.py:Hooks.on_tool_validate_error:0dcf4384f4320b3d,pydantic-ai-slim,pydantic/pydantic-ai,train,capabilities/hooks.py,Hooks.on_tool_validate_error,,1.92.0,2.37.0,3,TOO_YOUNG,,,,,,,,
pydantic-ai-slim:2.37.0:capabilities/hooks.py:Hooks.wrap_run_event_stream:b41811f7b149ca8b,pydantic-ai-slim,pydantic/pydantic-ai,train,capabilities/hooks.py,Hooks.wrap_run_event_stream,,2.37.0,2.37.0,1,TOO_YOUNG,,,,,,,,
pydantic-ai-slim:2.37.0:capabilities/hooks.py:_event_callback_stream:3b4ccd128e83aab1,pydantic-ai-slim,pydantic/pydantic-ai,train,capabilities/hooks.py,_event_callback_stream,,2.37.0,2.37.0,1,TOO_YOUNG,,,,,,,,
pydantic-ai-slim:2.37.0:capabilities/instrumentation.py:Instrumentation._run_tool_span:d89550a18ad750bf,pydantic-ai-slim,pydantic/pydantic-ai,train,capabilities/instrumentation.py,Instrumentation._run_tool_span,,2.37.0,2.37.0,1,TOO_YOUNG,,,,,,,,
pydantic-ai-slim:2.37.0:capabilities/instrumentation.py:Instrumentation.wrap_run:255f45d3e596ff98,pydantic-ai-slim,pydantic/pydantic-ai,train,capabilities/instrumentation.py,Instrumentation.wrap_run,,2.37.0,2.37.0,1,TOO_YOUNG,,,,,,,,
pydantic-ai-slim:2.13.0:capabilities/mcp.py:<module>:ea81d978caec635c,pydantic-ai-slim,pydantic/pydantic-ai,train,capabilities/mcp.py,<module>,,2.13.0,2.37.0,2,TOO_YOUNG,,,,,,,,
pydantic-ai-slim:1.92.0:capabilities/process_event_stream.py:ProcessEventStream.wrap_run_event_stream:570af186a7778d9e,pydantic-ai-slim,pydantic/pydantic-ai,train,capabilities/process_event_stream.py,ProcessEventStream.wrap_run_event_stream,silent-fallback,1.92.0,2.37.0,3,TOO_YOUNG,,,,,,,,
pydantic-ai-slim:2.37.0:capabilities/process_event_stream.py:ProcessEventStream.wrap_run_event_stream:9736040ba27e3fe6,pydantic-ai-slim,pydantic/pydantic-ai,train,capabilities/process_event_stream.py,ProcessEventStream.wrap_run_event_stream,,2.37.0,2.37.0,1,TOO_YOUNG,,,,,,,,
pydantic-ai-slim:2.37.0:capabilities/process_event_stream.py:ProcessEventStream.wrap_run_event_stream:dc1f2a7638151697,pydantic-ai-slim,pydantic/pydantic-ai,train,capabilities/process_event_stream.py,ProcessEventStream.wrap_run_event_stream,,2.37.0,2.37.0,1,TOO_YOUNG,,,,,,,,
pydantic-ai-slim:2.37.0:capabilities/wrapper.py:WrapperCapability.wrap_run_event_stream:9de6bd96ef968726,pydantic-ai-slim,pydantic/pydantic-ai,train,capabilities/wrapper.py,WrapperCapability.wrap_run_event_stream,,2.37.0,2.37.0,1,TOO_YOUNG,,,,,,,,
pydantic-ai-slim:1.92.0:common_tools/web_fetch.py:WebFetchLocalTool.__call__:0fd77a732c2668bc,pydantic-ai-slim,pydantic/pydantic-ai,train,common_tools/web_fetch.py,WebFetchLocalTool.__call__,,1.92.0,2.37.0,3,TOO_YOUNG,,,,,,,,
pydantic-ai-slim:2.37.0:durable_exec/_base.py:BaseDurabilityCapability.wrap_run_event_stream:d816f7ff671e540a,pydantic-ai-slim,pydantic/pydantic-ai,train,durable_exec/_base.py,BaseDurabilityCapability.wrap_run_event_stream,,2.37.0,2.37.0,1,TOO_YOUNG,,,,,,,,
pydantic-ai-slim:2.13.0:durable_exec/_runtime_toolsets.py:_runtime_toolset_kind:cee1f1a03b8ebe3a,pydantic-ai-slim,pydantic/pydantic-ai,train,durable_exec/_runtime_toolsets.py,_runtime_toolset_kind,,2.13.0,2.37.0,2,TOO_YOUNG,,,,,,,,
pydantic-ai-slim:2.37.0:durable_exec/_toolset.py:_serializable_validation_input:37e9d80e9b37575e,pydantic-ai-slim,pydantic/pydantic-ai,train,durable_exec/_toolset.py,_serializable_validation_input,,2.37.0,2.37.0,1,TOO_YOUNG,,,,,,,,
pydantic-ai-slim:2.37.0:durable_exec/_toolset.py:_serializable_validation_input:6d9575499852d246,pydantic-ai-slim,pydantic/pydantic-ai,train,durable_exec/_toolset.py,_serializable_validation_input,,2.37.0,2.37.0,1,TOO_YOUNG,,,,,,,,
pydantic-ai-slim:2.37.0:durable_exec/_toolset.py:wrap_tool_call_result:9069fdbd075a9d6d,pydantic-ai-slim,pydantic/pydantic-ai,train,durable_exec/_toolset.py,wrap_tool_call_result,,2.37.0,2.37.0,1,TOO_YOUNG,,,,,,,,
pydantic-ai-slim:2.37.0:durable_exec/dbos/_agent.py:DBOSAgent.__init__.dbosify_toolset:052f475420b5122c,pydantic-ai-slim,pydantic/pydantic-ai,train,durable_exec/dbos/_agent.py,DBOSAgent.__init__.dbosify_toolset,no-action,2.37.0,2.37.0,1,TOO_YOUNG,,,,,,,,
pydantic-ai-slim:2.13.0:durable_exec/dbos/_agent.py:DBOSAgent._dbos_overrides:bbd7ef48b474df64,pydantic-ai-slim,pydantic/pydantic-ai,train,durable_exec/dbos/_agent.py,DBOSAgent._dbos_overrides,,2.13.0,2.37.0,2,TOO_YOUNG,,,,,,,,
pydantic-ai-slim:2.37.0:durable_exec/dbos/_durability.py:DBOSDurability._bind_to_agent.legacy_run_sync_workflow:860451b8b2df21d3,pydantic-ai-slim,pydantic/pydantic-ai,train,durable_exec/dbos/_durability.py,DBOSDurability._bind_to_agent.legacy_run_sync_workflow,,2.37.0,2.37.0,1,TOO_YOUNG,,,,,,,,
pydantic-ai-slim:2.37.0:durable_exec/dbos/_durability.py:DBOSDurability._bind_to_agent.legacy_run_workflow:f130b271ff968c35,pydantic-ai-slim,pydantic/pydantic-ai,train,durable_exec/dbos/_durability.py,DBOSDurability._bind_to_agent.legacy_run_workflow,,2.37.0,2.37.0,1,TOO_YOUNG,,,,,,,,
pydantic-ai-slim:2.13.0:durable_exec/prefect/_agent.py:PrefectAgent._prefect_overrides:8868677a3e19d984,pydantic-ai-slim,pydantic/pydantic-ai,train,durable_exec/prefect/_agent.py,PrefectAgent._prefect_overrides,,2.13.0,2.37.0,2,TOO_YOUNG,,,,,,,,
pydantic-ai-slim:2.37.0:durable_exec/prefect/_agent.py:PrefectAgent.run.wrapped_run_flow:a616296d70f16694,pydantic-ai-slim,pydantic/pydantic-ai,train,durable_exec/prefect/_agent.py,PrefectAgent.run.wrapped_run_flow,,2.37.0,2.37.0,1,TOO_YOUNG,,,,,,,,
pydantic-ai-slim:2.37.0:durable_exec/prefect/_agent.py:PrefectAgent.run_sync.wrapped_run_sync_flow:5b74199810a8ecd2,pydantic-ai-slim,pydantic/pydantic-ai,train,durable_exec/prefect/_agent.py,PrefectAgent.run_sync.wrapped_run_sync_flow,,2.37.0,2.37.0,1,TOO_YOUNG,,,,,,,,
pydantic-ai-slim:2.37.0:durable_exec/prefect/_toolset.py:prefectify_toolset:94e714f95ef1fca8,pydantic-ai-slim,pydantic/pydantic-ai,train,durable_exec/prefect/_toolset.py,prefectify_toolset,no-action,2.37.0,2.37.0,1,TOO_YOUNG,,,,,,,,
pydantic-ai-slim:2.37.0:durable_exec/temporal/_model.py:TemporalModel.__init__:5f34e32850f66076,pydantic-ai-slim,pydantic/pydantic-ai,train,durable_exec/temporal/_model.py,TemporalModel.__init__,,2.37.0,2.37.0,1,TOO_YOUNG,,,,,,,,
pydantic-ai-slim:2.37.0:durable_exec/temporal/_payload_converter.py:PydanticAIJSONPlainPayloadConverter.from_payload:95779c25d1366b73,pydantic-ai-slim,pydantic/pydantic-ai,train,durable_exec/temporal/_payload_converter.py,PydanticAIJSONPlainPayloadConverter.from_payload,,2.37.0,2.37.0,1,TOO_YOUNG,,,,,,,,
pydantic-ai-slim:2.37.0:durable_exec/temporal/_toolset.py:temporalize_toolset:f2bb3b6e1baf59d0,pydantic-ai-slim,pydantic/pydantic-ai,train,durable_exec/temporal/_toolset.py,temporalize_toolset,no-action,2.37.0,2.37.0,1,TOO_YOUNG,,,,,,,,
pydantic-ai-slim:1.92.0:embeddings/instrumented.py:InstrumentedEmbeddingModel._instrument:5666ac3915815e34,pydantic-ai-slim,pydantic/pydantic-ai,train,embeddings/instrumented.py,InstrumentedEmbeddingModel._instrument,,1.92.0,2.37.0,3,TOO_YOUNG,,,,,,,,
pydantic-ai-slim:2.37.0:embeddings/instrumented.py:InstrumentedEmbeddingModel.model_attributes:377b8740a30da05f,pydantic-ai-slim,pydantic/pydantic-ai,train,embeddings/instrumented.py,InstrumentedEmbeddingModel.model_attributes,no-action,2.37.0,2.37.0,1,TOO_YOUNG,,,,,,,,
pydantic-ai-slim:2.37.0:exceptions.py:ModelHTTPError.retry_after:45fad0df50abf74d,pydantic-ai-slim,pydantic/pydantic-ai,train,exceptions.py,ModelHTTPError.retry_after,silent-fallback,2.37.0,2.37.0,1,TOO_YOUNG,,,,,,,,
pydantic-ai-slim:2.37.0:exceptions.py:ModelHTTPError.retry_after:5bcb9dc01ff3420e,pydantic-ai-slim,pydantic/pydantic-ai,train,exceptions.py,ModelHTTPError.retry_after,no-action,2.37.0,2.37.0,1,TOO_YOUNG,,,,,,,,
pydantic-ai-slim:1.92.0:function_signature.py:FunctionSignature.render:bee848acbf300211,pydantic-ai-slim,pydantic/pydantic-ai,train,function_signature.py,FunctionSignature.render,,1.92.0,2.37.0,3,TOO_YOUNG,,,,,,,,
pydantic-ai-slim:1.92.0:function_signature.py:TypeSignature.render_definition:32dd60e88559eff2,pydantic-ai-slim,pydantic/pydantic-ai,train,function_signature.py,TypeSignature.render_definition,,1.92.0,2.37.0,3,TOO_YOUNG,,,,,,,,
pydantic-ai-slim:2.13.0:mcp.py:<module>:04ff76851cd89826,pydantic-ai-slim,pydantic/pydantic-ai,train,mcp.py,<module>,,2.13.0,2.37.0,2,TOO_YOUNG,,,,,,,,
pydantic-ai-slim:2.13.0:mcp.py:<module>:81d1b2b505d83760,pydantic-ai-slim,pydantic/pydantic-ai,train,mcp.py,<module>,,2.13.0,2.37.0,2,TOO_YOUNG,,,,,,,,
pydantic-ai-slim:2.37.0:mcp.py:_load_call_tool_task:3ebb46005a21a4b9,pydantic-ai-slim,pydantic/pydantic-ai,train,mcp.py,_load_call_tool_task,silent-fallback,2.37.0,2.37.0,1,TOO_YOUNG,,,,,,,,
pydantic-ai-slim:2.37.0:messages.py:BaseToolCallPart.args_as_json_str:9bcbe000044c43ad,pydantic-ai-slim,pydantic/pydantic-ai,train,messages.py,BaseToolCallPart.args_as_json_str,no-action,2.37.0,2.37.0,1,TOO_YOUNG,,,,,,,,
pydantic-ai-slim:2.13.0:messages.py:BaseToolReturnPart.structured_content:cc989ab56dee38f7,pydantic-ai-slim,pydantic/pydantic-ai,train,messages.py,BaseToolReturnPart.structured_content,silent-fallback,2.13.0,2.37.0,2,TOO_YOUNG,,,,,,,,
pydantic-ai-slim:2.13.0:messages.py:_narrow_call:9b57f76985bea90e,pydantic-ai-slim,pydantic/pydantic-ai,train,messages.py,_narrow_call,,2.13.0,2.37.0,2,TOO_YOUNG,,,,,,,,
pydantic-ai-slim:2.13.0:messages.py:_narrow_return:ac96f737df2bfcda,pydantic-ai-slim,pydantic/pydantic-ai,train,messages.py,_narrow_return,,2.13.0,2.37.0,2,TOO_YOUNG,,,,,,,,
pydantic-ai-slim:2.13.0:messages.py:_validate_multimodal_or_passthrough:13bf77bd092e393c,pydantic-ai-slim,pydantic/pydantic-ai,train,messages.py,_validate_multimodal_or_passthrough,,2.13.0,2.37.0,2,TOO_YOUNG,,,,,,,,
pydantic-ai-slim:2.37.0:models/__init__.py:StreamedResponse.get_stream_cancel_errors:440e9605e2b9aa1f,pydantic-ai-slim,pydantic/pydantic-ai,train,models/__init__.py,StreamedResponse.get_stream_cancel_errors,,2.37.0,2.37.0,1,TOO_YOUNG,,,,,,,,
pydantic-ai-slim:2.37.0:models/__init__.py:_load_capability_ids_by_call:a15aa2c1a9564cc6,pydantic-ai-slim,pydantic/pydantic-ai,train,models/__init__.py,_load_capability_ids_by_call,,2.37.0,2.37.0,1,TOO_YOUNG,,,,,,,,
pydantic-ai-slim:1.92.0:models/__init__.py:infer_model_profile:35a5af1fd33991f8,pydantic-ai-slim,pydantic/pydantic-ai,train,models/__init__.py,infer_model_profile,,1.92.0,2.37.0,3,TOO_YOUNG,,,,,,,,
pydantic-ai-slim:1.92.0:models/__init__.py:infer_model_profile:48ac17b1f4837af1,pydantic-ai-slim,pydantic/pydantic-ai,train,models/__init__.py,infer_model_profile,,1.92.0,2.37.0,3,TOO_YOUNG,,,,,,,,
pydantic-ai-slim:2.13.0:models/_continuation.py:_ContinuationStreamedResponse.close_stream:d6b1b0a86a08bc92,pydantic-ai-slim,pydantic/pydantic-ai,train,models/_continuation.py,_ContinuationStreamedResponse.close_stream,,2.13.0,2.37.0,2,TOO_YOUNG,,,,,,,,
pydantic-ai-slim:2.13.0:models/anthropic.py:_finalize_streamed_tool_search_call_part:30f4d9935cd00dd3,pydantic-ai-slim,pydantic/pydantic-ai,train,models/anthropic.py,_finalize_streamed_tool_search_call_part,,2.13.0,2.37.0,2,TOO_YOUNG,,,,,,,,
pydantic-ai-slim:1.92.0:models/bedrock.py:BedrockConverseModel._map_file_to_content_block:2b34cf1dc0a63442,pydantic-ai-slim,pydantic/pydantic-ai,train,models/bedrock.py,BedrockConverseModel._map_file_to_content_block,,1.92.0,2.37.0,3,TOO_YOUNG,,,,,,,,
pydantic-ai-slim:2.37.0:models/bedrock.py:_call_bedrock.call:8aa1f6e77a897a16,pydantic-ai-slim,pydantic/pydantic-ai,train,models/bedrock.py,_call_bedrock.call,,2.37.0,2.37.0,1,TOO_YOUNG,,,,,,,,
pydantic-ai-slim:1.92.0:models/function.py:FunctionModel.request_stream:2ac24042f4cc3020,pydantic-ai-slim,pydantic/pydantic-ai,train,models/function.py,FunctionModel.request_stream,,1.92.0,2.37.0,3,TOO_YOUNG,,,,,,,,
pydantic-ai-slim:1.92.0:models/google.py:GoogleModel.request_stream:d469d3d7f3198e26,pydantic-ai-slim,pydantic/pydantic-ai,train,models/google.py,GoogleModel.request_stream,,1.92.0,2.37.0,3,TOO_YOUNG,,,,,,,,
pydantic-ai-slim:1.92.0:models/huggingface.py:HuggingFaceModel.request_stream:d469d3d7f3198e26,pydantic-ai-slim,pydantic/pydantic-ai,train,models/huggingface.py,HuggingFaceModel.request_stream,,1.92.0,2.37.0,3,TOO_YOUNG,,,,,,,,
pydantic-ai-slim:2.13.0:models/huggingface.py:HuggingFaceStreamedResponse._get_event_iterator:39591e9a30bb7b66,pydantic-ai-slim,pydantic/pydantic-ai,train,models/huggingface.py,HuggingFaceStreamedResponse._get_event_iterator,,2.13.0,2.37.0,2,TOO_YOUNG,,,,,,,,
pydantic-ai-slim:2.13.0:models/instrumented.py:InstrumentationSettings.__init__:b394e94f8eaf6d65,pydantic-ai-slim,pydantic/pydantic-ai,train,models/instrumented.py,InstrumentationSettings.__init__,,2.13.0,2.37.0,2,TOO_YOUNG,,,,,,,,
pydantic-ai-slim:2.37.0:models/instrumented.py:InstrumentedModel.request_stream:4ef165c0faffe0fa,pydantic-ai-slim,pydantic/pydantic-ai,train,models/instrumented.py,InstrumentedModel.request_stream,,2.37.0,2.37.0,1,TOO_YOUNG,,,,,,,,
pydantic-ai-slim:2.13.0:models/mistral.py:MistralStreamedResponse._try_get_output_tool_from_text:76754383609fa08e,pydantic-ai-slim,pydantic/pydantic-ai,train,models/mistral.py,MistralStreamedResponse._try_get_output_tool_from_text,,2.13.0,2.37.0,2,TOO_YOUNG,,,,,,,,
pydantic-ai-slim:2.13.0:models/mistral.py:MistralStreamedResponse._try_get_output_tool_from_text:af002ecbe9541bf7,pydantic-ai-slim,pydantic/pydantic-ai,train,models/mistral.py,MistralStreamedResponse._try_get_output_tool_from_text,,2.13.0,2.37.0,2,TOO_YOUNG,,,,,,,,
pydantic-ai-slim:1.92.0:models/openrouter.py:OpenRouterModel._validate_completion:8a9a6d36f97d5c22,pydantic-ai-slim,pydantic/pydantic-ai,train,models/openrouter.py,OpenRouterModel._validate_completion,no-action,1.92.0,2.37.0,3,TOO_YOUNG,,,,,,,,
pydantic-ai-slim:2.37.0:models/openrouter.py:_raise_for_no_completion:319cbba9614fbad4,pydantic-ai-slim,pydantic/pydantic-ai,train,models/openrouter.py,_raise_for_no_completion,silent-fallback,2.37.0,2.37.0,1,TOO_YOUNG,,,,,,,,
pydantic-ai-slim:1.92.0:models/xai.py:XaiModel.request_stream:3ca581b6b3a42826,pydantic-ai-slim,pydantic/pydantic-ai,train,models/xai.py,XaiModel.request_stream,,1.92.0,2.37.0,3,TOO_YOUNG,,,,,,,,
pydantic-ai-slim:2.37.0:providers/azure.py:<module>:d2668bee2b58a5b6,pydantic-ai-slim,pydantic/pydantic-ai,train,providers/azure.py,<module>,,2.37.0,2.37.0,1,TOO_YOUNG,,,,,,,,
pydantic-ai-slim:2.37.0:providers/gateway.py:is_gateway_provider:573c1238e87d8f6e,pydantic-ai-slim,pydantic/pydantic-ai,train,providers/gateway.py,is_gateway_provider,silent-fallback,2.37.0,2.37.0,1,TOO_YOUNG,,,,,,,,
pydantic-ai-slim:2.37.0:realtime/_openai_protocol.py:connect_openai_protocol:6b2f5f3d9d7e6480,pydantic-ai-slim,pydantic/pydantic-ai,train,realtime/_openai_protocol.py,connect_openai_protocol,,2.37.0,2.37.0,1,TOO_YOUNG,,,,,,,,
pydantic-ai-slim:2.37.0:realtime/_session.py:RealtimeSession.__aiter__:0de20905ae2a1593,pydantic-ai-slim,pydantic/pydantic-ai,train,realtime/_session.py,RealtimeSession.__aiter__,,2.37.0,2.37.0,1,TOO_YOUNG,,,,,,,,
pydantic-ai-slim:2.37.0:realtime/_session.py:RealtimeSession.__aiter__:f8af8bdcb08cc7f4,pydantic-ai-slim,pydantic/pydantic-ai,train,realtime/_session.py,RealtimeSession.__aiter__,,2.37.0,2.37.0,1,TOO_YOUNG,,,,,,,,
pydantic-ai-slim:2.37.0:realtime/_session.py:RealtimeSession._execute_tool:114d4f9fa1bbe048,pydantic-ai-slim,pydantic/pydantic-ai,train,realtime/_session.py,RealtimeSession._execute_tool,silent-fallback,2.37.0,2.37.0,1,TOO_YOUNG,,,,,,,,
pydantic-ai-slim:2.37.0:realtime/_session.py:RealtimeSession._notify_pending_messages:0250c5c4de2c2ab7,pydantic-ai-slim,pydantic/pydantic-ai,train,realtime/_session.py,RealtimeSession._notify_pending_messages,no-action,2.37.0,2.37.0,1,TOO_YOUNG,,,,,,,,
pydantic-ai-slim:2.37.0:realtime/_session.py:RealtimeSession._pump:b824b31b075b9fd8,pydantic-ai-slim,pydantic/pydantic-ai,train,realtime/_session.py,RealtimeSession._pump,,2.37.0,2.37.0,1,TOO_YOUNG,,,,,,,,
pydantic-ai-slim:2.37.0:realtime/_session.py:RealtimeSession.stream_audio:7eaa52d38b13430d,pydantic-ai-slim,pydantic/pydantic-ai,train,realtime/_session.py,RealtimeSession.stream_audio,,2.37.0,2.37.0,1,TOO_YOUNG,,,,,,,,
pydantic-ai-slim:2.37.0:realtime/_session.py:RealtimeSession.stream_transcripts:c853ad19b3a99751,pydantic-ai-slim,pydantic/pydantic-ai,train,realtime/_session.py,RealtimeSession.stream_transcripts,,2.37.0,2.37.0,1,TOO_YOUNG,,,,,,,,
pydantic-ai-slim:2.37.0:realtime/google.py:GoogleRealtimeConnection.__aiter__:f04f58b7dd6ca5f6,pydantic-ai-slim,pydantic/pydantic-ai,train,realtime/google.py,GoogleRealtimeConnection.__aiter__,silent-fallback,2.37.0,2.37.0,1,TOO_YOUNG,,,,,,,,
pydantic-ai-slim:2.37.0:realtime/google.py:GoogleRealtimeConnection._attempt_reconnect:f37d2a0d9a31e0e4,pydantic-ai-slim,pydantic/pydantic-ai,train,realtime/google.py,GoogleRealtimeConnection._attempt_reconnect,silent-fallback,2.37.0,2.37.0,1,TOO_YOUNG,,,,,,,,
pydantic-ai-slim:2.37.0:realtime/google.py:GoogleRealtimeModel.connect:ca9c9cc129c6e754,pydantic-ai-slim,pydantic/pydantic-ai,train,realtime/google.py,GoogleRealtimeModel.connect,,2.37.0,2.37.0,1,TOO_YOUNG,,,,,,,,
pydantic-ai-slim:2.37.0:realtime/google.py:_single_ws_user_agent:f12e1e8f455f823f,pydantic-ai-slim,pydantic/pydantic-ai,train,realtime/google.py,_single_ws_user_agent,,2.37.0,2.37.0,1,TOO_YOUNG,,,,,,,,
pydantic-ai-slim:2.37.0:realtime/google.py:_ws_trace_context:f12e1e8f455f823f,pydantic-ai-slim,pydantic/pydantic-ai,train,realtime/google.py,_ws_trace_context,,2.37.0,2.37.0,1,TOO_YOUNG,,,,,,,,
pydantic-ai-slim:2.37.0:realtime/openai.py:OpenAIRealtimeConnection.__aiter__:3034f2f1395796d5,pydantic-ai-slim,pydantic/pydantic-ai,train,realtime/openai.py,OpenAIRealtimeConnection.__aiter__,,2.37.0,2.37.0,1,TOO_YOUNG,,,,,,,,
pydantic-ai-slim:2.37.0:realtime/openai.py:OpenAIRealtimeConnection.__aiter__:bf8deefa815c946b,pydantic-ai-slim,pydantic/pydantic-ai,train,realtime/openai.py,OpenAIRealtimeConnection.__aiter__,,2.37.0,2.37.0,1,TOO_YOUNG,,,,,,,,
pydantic-ai-slim:2.37.0:realtime/openai.py:OpenAIRealtimeConnection._attempt_reconnect:db1db9a10bbca3df,pydantic-ai-slim,pydantic/pydantic-ai,train,realtime/openai.py,OpenAIRealtimeConnection._attempt_reconnect,silent-fallback,2.37.0,2.37.0,1,TOO_YOUNG,,,,,,,,
pydantic-ai-slim:2.37.0:realtime/openai.py:OpenAIRealtimeConnection._decode_frame:de338c64e5c50edd,pydantic-ai-slim,pydantic/pydantic-ai,train,realtime/openai.py,OpenAIRealtimeConnection._decode_frame,,2.37.0,2.37.0,1,TOO_YOUNG,,,,,,,,
pydantic-ai-slim:2.37.0:realtime/openai.py:OpenAIRealtimeConnection._handle_response_done:ad72fdfef5cdf804,pydantic-ai-slim,pydantic/pydantic-ai,train,realtime/openai.py,OpenAIRealtimeConnection._handle_response_done,,2.37.0,2.37.0,1,TOO_YOUNG,,,,,,,,
pydantic-ai-slim:2.37.0:realtime/openai.py:OpenAIRealtimeModel.connect_webrtc:ea9b0d67c345870d,pydantic-ai-slim,pydantic/pydantic-ai,train,realtime/openai.py,OpenAIRealtimeModel.connect_webrtc,,2.37.0,2.37.0,1,TOO_YOUNG,,,,,,,,
pydantic-ai-slim:1.92.0:result.py:AgentStream._events_iter:bec356cbc257a84d,pydantic-ai-slim,pydantic/pydantic-ai,train,result.py,AgentStream._events_iter,silent-fallback,1.92.0,2.37.0,3,TOO_YOUNG,,,,,,,,
pydantic-ai-slim:2.37.0:result.py:AgentStream._pull_shared:3a095da4224d736e,pydantic-ai-slim,pydantic/pydantic-ai,train,result.py,AgentStream._pull_shared,silent-fallback,2.37.0,2.37.0,1,TOO_YOUNG,,,,,,,,
pydantic-ai-slim:2.37.0:result.py:AgentStream._pull_shared:b6e9871edf0d9b70,pydantic-ai-slim,pydantic/pydantic-ai,train,result.py,AgentStream._pull_shared,silent-fallback,2.37.0,2.37.0,1,TOO_YOUNG,,,,,,,,
pydantic-ai-slim:2.37.0:retries.py:wait_retry_after.wait_func:b79ec51779e9f3ef,pydantic-ai-slim,pydantic/pydantic-ai,train,retries.py,wait_retry_after.wait_func,no-action,2.37.0,2.37.0,1,TOO_YOUNG,,,,,,,,
pydantic-ai-slim:2.37.0:retries.py:wait_retry_after.wait_func:e296c66430e941a7,pydantic-ai-slim,pydantic/pydantic-ai,train,retries.py,wait_retry_after.wait_func,no-action,2.37.0,2.37.0,1,TOO_YOUNG,,,,,,,,
pydantic-ai-slim:2.37.0:tool_manager.py:ToolManager.handle_call:bec3e8bd8b91ac86,pydantic-ai-slim,pydantic/pydantic-ai,train,tool_manager.py,ToolManager.handle_call,,2.37.0,2.37.0,1,TOO_YOUNG,,,,,,,,
pydantic-ai-slim:1.92.0:toolsets/_dynamic.py:DynamicToolset.__aexit__:d83fa4fd5ff70c7e,pydantic-ai-slim,pydantic/pydantic-ai,train,toolsets/_dynamic.py,DynamicToolset.__aexit__,,1.92.0,2.37.0,3,TOO_YOUNG,,,,,,,,
pydantic-ai-slim:2.37.0:toolsets/_tool_search.py:_discovered_tool_names_in_order:c4d92d8ac95d43a3,pydantic-ai-slim,pydantic/pydantic-ai,train,toolsets/_tool_search.py,_discovered_tool_names_in_order,,2.37.0,2.37.0,1,TOO_YOUNG,,,,,,,,
pydantic-ai-slim:2.37.0:ui/_adapter.py:UIAdapter.dispatch_request:4d0d94858a82c355,pydantic-ai-slim,pydantic/pydantic-ai,train,ui/_adapter.py,UIAdapter.dispatch_request,,2.37.0,2.37.0,1,TOO_YOUNG,,,,,,,,
pydantic-ai-slim:2.37.0:ui/_adapter.py:compaction_part_from_payload:791584f677134cea,pydantic-ai-slim,pydantic/pydantic-ai,train,ui/_adapter.py,compaction_part_from_payload,silent-fallback,2.37.0,2.37.0,1,TOO_YOUNG,,,,,,,,
pydantic-ai-slim:2.37.0:ui/_adapter.py:tool_availability_delta_from_payload:5ce2633e67eeab75,pydantic-ai-slim,pydantic/pydantic-ai,train,ui/_adapter.py,tool_availability_delta_from_payload,,2.37.0,2.37.0,1,TOO_YOUNG,,,,,,,,
pydantic-ai-slim:2.37.0:ui/_event_stream.py:UIEventStream.transform_stream:18f1288ea61865b7,pydantic-ai-slim,pydantic/pydantic-ai,train,ui/_event_stream.py,UIEventStream.transform_stream,no-action,2.37.0,2.37.0,1,TOO_YOUNG,,,,,,,,
pydantic-ai-slim:2.37.0:ui/_event_stream.py:UIEventStream.transform_stream:3e9f401d11e9f2ef,pydantic-ai-slim,pydantic/pydantic-ai,train,ui/_event_stream.py,UIEventStream.transform_stream,no-action,2.37.0,2.37.0,1,TOO_YOUNG,,,,,,,,
pydantic-ai-slim:2.37.0:ui/_web/_hosts.py:_hostname:c82af6efe7436244,pydantic-ai-slim,pydantic/pydantic-ai,train,ui/_web/_hosts.py,_hostname,silent-fallback,2.37.0,2.37.0,1,TOO_YOUNG,,,,,,,,
pydantic-ai-slim:2.37.0:ui/_web/_hosts.py:_is_ip_address:d0fb86d472764d59,pydantic-ai-slim,pydantic/pydantic-ai,train,ui/_web/_hosts.py,_is_ip_address,silent-fallback,2.37.0,2.37.0,1,TOO_YOUNG,,,,,,,,
pydantic-ai-slim:2.13.0:ui/_web/app.py:_read_cached_file:4f0a46f877bcced7,pydantic-ai-slim,pydantic/pydantic-ai,train,ui/_web/app.py,_read_cached_file,silent-fallback,2.13.0,2.37.0,2,TOO_YOUNG,,,,,,,,
pydantic-ai-slim:1.92.0:ui/ag_ui/_adapter.py:<module>:24b0c81f6bfe5021,pydantic-ai-slim,pydantic/pydantic-ai,train,ui/ag_ui/_adapter.py,<module>,,1.92.0,2.37.0,3,TOO_YOUNG,,,,,,,,
pydantic-ai-slim:1.92.0:ui/ag_ui/_adapter.py:AGUIAdapter.load_messages:cf35819dfa58cdb9,pydantic-ai-slim,pydantic/pydantic-ai,train,ui/ag_ui/_adapter.py,AGUIAdapter.load_messages,silent-fallback,1.92.0,2.37.0,3,TOO_YOUNG,,,,,,,,
pydantic-ai-slim:2.37.0:ui/ag_ui/_forward_compat.py:skip_unknown_tagged_items:ddbee4b75f294731,pydantic-ai-slim,pydantic/pydantic-ai,train,ui/ag_ui/_forward_compat.py,skip_unknown_tagged_items,,2.37.0,2.37.0,1,TOO_YOUNG,,,,,,,,
pydantic-ai-slim:2.13.0:ui/ag_ui/_interrupt.py:<module>:e5f32a953f1b3e12,pydantic-ai-slim,pydantic/pydantic-ai,train,ui/ag_ui/_interrupt.py,<module>,silent-fallback,2.13.0,2.37.0,2,TOO_YOUNG,,,,,,,,
pydantic-ai-slim:2.37.0:ui/ag_ui/_interrupt.py:resume_entry_to_approval:5e81baa0288f48b8,pydantic-ai-slim,pydantic/pydantic-ai,train,ui/ag_ui/_interrupt.py,resume_entry_to_approval,,2.37.0,2.37.0,1,TOO_YOUNG,,,,,,,,
pydantic-ai-slim:2.13.0:ui/ag_ui/_utils.py:_parse_encrypted_namespace:f4dcb62647a7a599,pydantic-ai-slim,pydantic/pydantic-ai,train,ui/ag_ui/_utils.py,_parse_encrypted_namespace,silent-fallback,2.13.0,2.37.0,2,TOO_YOUNG,,,,,,,,
pydantic-ai-slim:1.92.0:ui/ag_ui/_utils.py:detect_ag_ui_version:66b42eef6b3a3235,pydantic-ai-slim,pydantic/pydantic-ai,train,ui/ag_ui/_utils.py,detect_ag_ui_version,,1.92.0,2.37.0,3,TOO_YOUNG,,,,,,,,
pydantic-ai-slim:2.13.0:ui/ag_ui/_utils.py:rehydrate_tool_return_content:a88f3ab0365cb33d,pydantic-ai-slim,pydantic/pydantic-ai,train,ui/ag_ui/_utils.py,rehydrate_tool_return_content,,2.13.0,2.37.0,2,TOO_YOUNG,,,,,,,,
pydantic-ai-slim:1.92.0:ui/vercel_ai/_adapter.py:VercelAIAdapter.load_messages:a2b8a431ee9cabfa,pydantic-ai-slim,pydantic/pydantic-ai,train,ui/vercel_ai/_adapter.py,VercelAIAdapter.load_messages,no-action,1.92.0,2.37.0,3,TOO_YOUNG,,,,,,,,
pydantic-ai-slim:2.13.0:ui/vercel_ai/_utils.py:apply_message_metadata:7708cf0df28d7cbc,pydantic-ai-slim,pydantic/pydantic-ai,train,ui/vercel_ai/_utils.py,apply_message_metadata,silent-fallback,2.13.0,2.37.0,2,TOO_YOUNG,,,,,,,,
pydantic-ai-slim:0.2.6:_a2a.py:AgentWorker._map_request_parts:3f3c8d4d14f38207,pydantic-ai-slim,pydantic/pydantic-ai,train,_a2a.py,AgentWorker._map_request_parts,,0.2.6,1.92.0,6,VANISHED,,,,,,,,
pydantic-ai-slim:0.0.40:_agent_graph.py:CallToolsNode._handle_text_response:22689ccaaa65452e,pydantic-ai-slim,pydantic/pydantic-ai,train,_agent_graph.py,CallToolsNode._handle_text_response,,0.0.40,0.0.40,1,VANISHED,,,,,,,,
pydantic-ai-slim:0.2.6:_agent_graph.py:CallToolsNode._handle_text_response:aac6fef8b5039352,pydantic-ai-slim,pydantic/pydantic-ai,train,_agent_graph.py,CallToolsNode._handle_text_response,,0.2.6,0.2.6,1,VANISHED,,,,,,,,
pydantic-ai-slim:0.4.11:_agent_graph.py:CallToolsNode._handle_text_response:7f646091329736cc,pydantic-ai-slim,pydantic/pydantic-ai,train,_agent_graph.py,CallToolsNode._handle_text_response,,0.4.11,0.4.11,1,VANISHED,,,,,,,,
pydantic-ai-slim:0.0.40:_agent_graph.py:CallToolsNode._handle_tool_calls:9c157f6b63268d7c,pydantic-ai-slim,pydantic/pydantic-ai,train,_agent_graph.py,CallToolsNode._handle_tool_calls,,0.0.40,0.0.40,1,VANISHED,,,,,,,,
pydantic-ai-slim:0.2.6:_agent_graph.py:CallToolsNode._handle_tool_calls:a32f1cc18509b6f7,pydantic-ai-slim,pydantic/pydantic-ai,train,_agent_graph.py,CallToolsNode._handle_tool_calls,,0.2.6,0.2.6,1,VANISHED,,,,,,,,
pydantic-ai-slim:1.1.0:_agent_graph.py:CallToolsNode._run_stream._run_stream:6dc9e63103ebb917,pydantic-ai-slim,pydantic/pydantic-ai,train,_agent_graph.py,CallToolsNode._run_stream._run_stream,,1.1.0,1.29.0,2,VANISHED,,,,,,,,
pydantic-ai-slim:1.29.0:_agent_graph.py:CallToolsNode._run_stream._run_stream:1e0ae974a4dac843,pydantic-ai-slim,pydantic/pydantic-ai,train,_agent_graph.py,CallToolsNode._run_stream._run_stream,,1.29.0,1.92.0,3,VANISHED,,,,,,,,
pydantic-ai-slim:1.62.0:_agent_graph.py:CallToolsNode._run_stream._run_stream:ce107d94904ca600,pydantic-ai-slim,pydantic/pydantic-ai,train,_agent_graph.py,CallToolsNode._run_stream._run_stream,,1.62.0,1.92.0,2,VANISHED,,,,,,,,
pydantic-ai-slim:1.92.0:_agent_graph.py:ModelRequestNode._make_request:007143e744f652e4,pydantic-ai-slim,pydantic/pydantic-ai,train,_agent_graph.py,ModelRequestNode._make_request,,1.92.0,2.13.0,2,VANISHED,,,,,,,,
pydantic-ai-slim:1.92.0:_agent_graph.py:ModelRequestNode._make_request:f887cb220254317f,pydantic-ai-slim,pydantic/pydantic-ai,train,_agent_graph.py,ModelRequestNode._make_request,,1.92.0,2.13.0,2,VANISHED,,,,,,,,
pydantic-ai-slim:1.92.0:_agent_graph.py:ModelRequestNode.stream:6524a05861b198fc,pydantic-ai-slim,pydantic/pydantic-ai,train,_agent_graph.py,ModelRequestNode.stream,,1.92.0,2.13.0,2,VANISHED,,,,,,,,
pydantic-ai-slim:1.92.0:_agent_graph.py:ModelRequestNode.stream:f887cb220254317f,pydantic-ai-slim,pydantic/pydantic-ai,train,_agent_graph.py,ModelRequestNode.stream,silent-fallback,1.92.0,2.13.0,2,VANISHED,,,,,,,,
pydantic-ai-slim:2.13.0:_agent_graph.py:ModelRequestNode.stream._streaming_handler:402de706f1fabe5d,pydantic-ai-slim,pydantic/pydantic-ai,train,_agent_graph.py,ModelRequestNode.stream._streaming_handler,,2.13.0,2.13.0,1,VANISHED,,,,,,,,
pydantic-ai-slim:0.4.11:_agent_graph.py:_call_function_tool:a36e8a8c4e56ff7a,pydantic-ai-slim,pydantic/pydantic-ai,train,_agent_graph.py,_call_function_tool,,0.4.11,0.4.11,1,VANISHED,,,,,,,,
pydantic-ai-slim:1.1.0:_agent_graph.py:_call_tool:657e3e8041a571cf,pydantic-ai-slim,pydantic/pydantic-ai,train,_agent_graph.py,_call_tool,,1.1.0,1.1.0,1,VANISHED,,,,,,,,
pydantic-ai-slim:1.29.0:_agent_graph.py:_call_tool:9e666143dc2be6d5,pydantic-ai-slim,pydantic/pydantic-ai,train,_agent_graph.py,_call_tool,,1.29.0,1.29.0,1,VANISHED,,,,,,,,
pydantic-ai-slim:1.62.0:_agent_graph.py:_call_tool:83ed65615bf6518f,pydantic-ai-slim,pydantic/pydantic-ai,train,_agent_graph.py,_call_tool,,1.62.0,1.62.0,1,VANISHED,,,,,,,,
pydantic-ai-slim:1.92.0:_agent_graph.py:_call_tool:6800d64d24035257,pydantic-ai-slim,pydantic/pydantic-ai,train,_agent_graph.py,_call_tool,,1.92.0,1.92.0,1,VANISHED,,,,,,,,
pydantic-ai-slim:1.1.0:_agent_graph.py:_call_tools.handle_call_or_result:d663dd8ce3abae94,pydantic-ai-slim,pydantic/pydantic-ai,train,_agent_graph.py,_call_tools.handle_call_or_result,,1.1.0,2.13.0,5,VANISHED,,,,,,,,
pydantic-ai-slim:0.0.40:_agent_graph.py:capture_run_messages:29ab40e794f3ba3e,pydantic-ai-slim,pydantic/pydantic-ai,train,_agent_graph.py,capture_run_messages,silent-fallback,0.0.40,0.2.6,2,VANISHED,,,,,,,,
pydantic-ai-slim:0.4.11:_agent_graph.py:capture_run_messages:dec82ab9f39b0ea8,pydantic-ai-slim,pydantic/pydantic-ai,train,_agent_graph.py,capture_run_messages,,0.4.11,1.92.0,5,VANISHED,,,,,,,,
pydantic-ai-slim:1.92.0:_agent_graph.py:process_tool_calls:5a59c54443e9b126,pydantic-ai-slim,pydantic/pydantic-ai,train,_agent_graph.py,process_tool_calls,,1.92.0,1.92.0,1,VANISHED,,,,,,,,
pydantic-ai-slim:0.0.40:_cli.py:ask_agent:918c82d7e0b967d4,pydantic-ai-slim,pydantic/pydantic-ai,train,_cli.py,ask_agent,,0.0.40,0.0.40,1,VANISHED,,,,,,,,
pydantic-ai-slim:0.0.40:_cli.py:cli:03f30c599096091a,pydantic-ai-slim,pydantic/pydantic-ai,train,_cli.py,cli,,0.0.40,0.0.40,1,VANISHED,,,,,,,,
pydantic-ai-slim:0.0.40:_cli.py:cli:52fce3e03a184551,pydantic-ai-slim,pydantic/pydantic-ai,train,_cli.py,cli,,0.0.40,0.0.40,1,VANISHED,,,,,,,,
pydantic-ai-slim:0.0.40:_cli.py:cli:a4f9a88ac5059508,pydantic-ai-slim,pydantic/pydantic-ai,train,_cli.py,cli,silent-fallback,0.0.40,0.0.40,1,VANISHED,,,,,,,,
pydantic-ai-slim:0.0.40:_cli.py:cli:f8317c4e2eb54ec3,pydantic-ai-slim,pydantic/pydantic-ai,train,_cli.py,cli,silent-fallback,0.0.40,0.0.40,1,VANISHED,,,,,,,,
pydantic-ai-slim:0.2.6:_cli.py:cli:089bb2b67f3eb2ec,pydantic-ai-slim,pydantic/pydantic-ai,train,_cli.py,cli,silent-fallback,0.2.6,0.2.6,1,VANISHED,,,,,,,,
pydantic-ai-slim:0.2.6:_cli.py:cli:9c6db921852e6f6c,pydantic-ai-slim,pydantic/pydantic-ai,train,_cli.py,cli,,0.2.6,1.29.0,4,VANISHED,,,,,,,,
pydantic-ai-slim:0.2.6:_cli.py:cli:eae68263e9f73da0,pydantic-ai-slim,pydantic/pydantic-ai,train,_cli.py,cli,silent-fallback,0.2.6,1.29.0,4,VANISHED,,,,,,,,
pydantic-ai-slim:0.2.6:_cli.py:cli:f8a8fb7dc609e503,pydantic-ai-slim,pydantic/pydantic-ai,train,_cli.py,cli,,0.2.6,1.62.0,5,VANISHED,,,,,,,,
pydantic-ai-slim:0.2.6:_cli.py:run_chat:ad47bc981188a5dc,pydantic-ai-slim,pydantic/pydantic-ai,train,_cli.py,run_chat,,0.2.6,1.29.0,4,VANISHED,,,,,,,,
pydantic-ai-slim:0.2.6:_cli.py:run_chat:b935c814c5a7abdc,pydantic-ai-slim,pydantic/pydantic-ai,train,_cli.py,run_chat,,0.2.6,0.4.11,2,VANISHED,,,,,,,,
pydantic-ai-slim:1.1.0:_cli.py:run_chat:460256a7f95d68ba,pydantic-ai-slim,pydantic/pydantic-ai,train,_cli.py,run_chat,,1.1.0,1.92.0,4,VANISHED,,,,,,,,
pydantic-ai-slim:1.62.0:_cli/__init__.py:_run_chat_command:7004967b0c742345,pydantic-ai-slim,pydantic/pydantic-ai,train,_cli/__init__.py,_run_chat_command,,1.62.0,1.62.0,1,VANISHED,,,,,,,,
pydantic-ai-slim:1.92.0:_cli/__init__.py:_run_chat_command:512af7a8a295e151,pydantic-ai-slim,pydantic/pydantic-ai,train,_cli/__init__.py,_run_chat_command,,1.92.0,2.13.0,2,VANISHED,,,,,,,,
pydantic-ai-slim:1.92.0:_cli/__init__.py:_run_chat_command:84ad17b90a6d71bb,pydantic-ai-slim,pydantic/pydantic-ai,train,_cli/__init__.py,_run_chat_command,,1.92.0,2.13.0,2,VANISHED,,,,,,,,
pydantic-ai-slim:2.13.0:_cli/__init__.py:ask_agent:0992704530f9a9a8,pydantic-ai-slim,pydantic/pydantic-ai,train,_cli/__init__.py,ask_agent,,2.13.0,2.13.0,1,VANISHED,,,,,,,,
pydantic-ai-slim:1.62.0:_cli/__init__.py:run_chat:0960c3161ae23fad,pydantic-ai-slim,pydantic/pydantic-ai,train,_cli/__init__.py,run_chat,,1.62.0,1.92.0,2,VANISHED,,,,,,,,
pydantic-ai-slim:2.13.0:_cli/__init__.py:run_chat:6d4b5b7d9e8110b8,pydantic-ai-slim,pydantic/pydantic-ai,train,_cli/__init__.py,run_chat,,2.13.0,2.13.0,1,VANISHED,,,,,,,,
pydantic-ai-slim:0.4.11:_function_schema.py:_takes_ctx:c079da524e225041,pydantic-ai-slim,pydantic/pydantic-ai,train,_function_schema.py,_takes_ctx,,0.4.11,0.4.11,1,VANISHED,,,,,,,,
pydantic-ai-slim:1.1.0:_function_schema.py:_takes_ctx:3d5af3e82b7a2b97,pydantic-ai-slim,pydantic/pydantic-ai,train,_function_schema.py,_takes_ctx,silent-fallback,1.1.0,1.62.0,3,VANISHED,,,,,,,,
pydantic-ai-slim:2.13.0:_instrumentation.py:open_model_request_span:eaa2a4a5d95d21a6,pydantic-ai-slim,pydantic/pydantic-ai,train,_instrumentation.py,open_model_request_span,no-action,2.13.0,2.13.0,1,VANISHED,,,,,,,,
pydantic-ai-slim:0.0.6:_retriever.py:Retriever.run:25b96ed09258cdde,pydantic-ai-slim,pydantic/pydantic-ai,train,_retriever.py,Retriever.run,,0.0.6,0.0.6,1,VANISHED,,,,,,,,
pydantic-ai-slim:0.0.6:_retriever.py:Retriever.run:592773d977c735f5,pydantic-ai-slim,pydantic/pydantic-ai,train,_retriever.py,Retriever.run,,0.0.6,0.0.6,1,VANISHED,,,,,,,,
pydantic-ai-slim:1.62.0:_ssrf.py:build_url_with_ip:3f397e8c735b807f,pydantic-ai-slim,pydantic/pydantic-ai,train,_ssrf.py,build_url_with_ip,,1.62.0,2.13.0,3,VANISHED,,,,,,,,
pydantic-ai-slim:1.62.0:_ssrf.py:is_private_ip:16c105f41fbf72ae,pydantic-ai-slim,pydantic/pydantic-ai,train,_ssrf.py,is_private_ip,silent-fallback,1.62.0,1.92.0,2,VANISHED,,,,,,,,
pydantic-ai-slim:2.13.0:_tool_execution.py:_ExhaustiveProcessor._run_strategy:93fcaed3b427504a,pydantic-ai-slim,pydantic/pydantic-ai,train,_tool_execution.py,_ExhaustiveProcessor._run_strategy,,2.13.0,2.13.0,1,VANISHED,,,,,,,,
pydantic-ai-slim:2.13.0:_tool_execution.py:_ToolCallProcessor._call_tool:8d0676741a6046a4,pydantic-ai-slim,pydantic/pydantic-ai,train,_tool_execution.py,_ToolCallProcessor._call_tool,,2.13.0,2.13.0,1,VANISHED,,,,,,,,
pydantic-ai-slim:2.13.0:_tool_execution.py:_ToolCallProcessor._call_tools:06d6754832c3bba4,pydantic-ai-slim,pydantic/pydantic-ai,train,_tool_execution.py,_ToolCallProcessor._call_tools,,2.13.0,2.13.0,1,VANISHED,,,,,,,,
pydantic-ai-slim:0.4.11:_tool_manager.py:ToolManager.get_tool_def:3ef759a2ee7ba380,pydantic-ai-slim,pydantic/pydantic-ai,train,_tool_manager.py,ToolManager.get_tool_def,silent-fallback,0.4.11,1.92.0,5,VANISHED,,,,,,,,
pydantic-ai-slim:0.0.40:_utils.py:PeekableAsyncStream.peek:0b8c255184797556,pydantic-ai-slim,pydantic/pydantic-ai,train,_utils.py,PeekableAsyncStream.peek,silent-fallback,0.0.40,1.1.0,4,VANISHED,,,,,,,,
pydantic-ai-slim:1.29.0:_utils.py:sync_async_iterator:52e4874ac12b5fc0,pydantic-ai-slim,pydantic/pydantic-ai,train,_utils.py,sync_async_iterator,,1.29.0,1.92.0,3,VANISHED,,,,,,,,
pydantic-ai-slim:0.4.11:ag_ui.py:handle_ag_ui_request:5dfcab9f9a7a23a4,pydantic-ai-slim,pydantic/pydantic-ai,train,ag_ui.py,handle_ag_ui_request,,0.4.11,1.1.0,2,VANISHED,,,,,,,,
pydantic-ai-slim:0.0.6:agent.py:Agent._handle_model_response:1297561a232bc9d2,pydantic-ai-slim,pydantic/pydantic-ai,train,agent.py,Agent._handle_model_response,,0.0.6,0.0.6,1,VANISHED,,,,,,,,
pydantic-ai-slim:0.0.6:agent.py:Agent._handle_model_response:c8f89232c458f771,pydantic-ai-slim,pydantic/pydantic-ai,train,agent.py,Agent._handle_model_response,,0.0.6,0.0.6,1,VANISHED,,,,,,,,
pydantic-ai-slim:0.0.6:agent.py:Agent._handle_streamed_model_response:e3bd0dd055fa100e,pydantic-ai-slim,pydantic/pydantic-ai,train,agent.py,Agent._handle_streamed_model_response,,0.0.6,0.0.6,1,VANISHED,,,,,,,,
pydantic-ai-slim:0.2.6:agent.py:Agent.iter:51cd108b98d27e9f,pydantic-ai-slim,pydantic/pydantic-ai,train,agent.py,Agent.iter,,0.2.6,0.2.6,1,VANISHED,,,,,,,,
pydantic-ai-slim:0.2.6:agent.py:Agent.iter:58967dcb5703cb49,pydantic-ai-slim,pydantic/pydantic-ai,train,agent.py,Agent.iter,,0.2.6,0.4.11,2,VANISHED,,,,,,,,
pydantic-ai-slim:0.4.11:agent.py:Agent.iter:3ef88af1ae610aff,pydantic-ai-slim,pydantic/pydantic-ai,train,agent.py,Agent.iter,,0.4.11,0.4.11,1,VANISHED,,,,,,,,
pydantic-ai-slim:0.2.6:agent.py:Agent.run_mcp_servers:74e0df69e0873f94,pydantic-ai-slim,pydantic/pydantic-ai,train,agent.py,Agent.run_mcp_servers,,0.2.6,0.2.6,1,VANISHED,,,,,,,,
pydantic-ai-slim:1.1.0:agent/__init__.py:Agent.iter:d8f1f7611ef4860c,pydantic-ai-slim,pydantic/pydantic-ai,train,agent/__init__.py,Agent.iter,,1.1.0,1.29.0,2,VANISHED,,,,,,,,
pydantic-ai-slim:1.1.0:agent/__init__.py:Agent.iter:f28b1dfa8eed5a59,pydantic-ai-slim,pydantic/pydantic-ai,train,agent/__init__.py,Agent.iter,,1.1.0,1.1.0,1,VANISHED,,,,,,,,
pydantic-ai-slim:1.29.0:agent/__init__.py:Agent.iter:9ebdfd37d9c70bac,pydantic-ai-slim,pydantic/pydantic-ai,train,agent/__init__.py,Agent.iter,,1.29.0,1.29.0,1,VANISHED,,,,,,,,
pydantic-ai-slim:1.62.0:agent/__init__.py:Agent.iter:9bde3351164cc9e9,pydantic-ai-slim,pydantic/pydantic-ai,train,agent/__init__.py,Agent.iter,,1.62.0,1.62.0,1,VANISHED,,,,,,,,
pydantic-ai-slim:1.62.0:agent/__init__.py:Agent.iter:b35e2234b7b2b489,pydantic-ai-slim,pydantic/pydantic-ai,train,agent/__init__.py,Agent.iter,,1.62.0,1.62.0,1,VANISHED,,,,,,,,
pydantic-ai-slim:1.92.0:agent/__init__.py:Agent.iter:47d888673918d269,pydantic-ai-slim,pydantic/pydantic-ai,train,agent/__init__.py,Agent.iter,,1.92.0,1.92.0,1,VANISHED,,,,,,,,
pydantic-ai-slim:1.92.0:agent/__init__.py:Agent.iter:9a2c6353391a3d47,pydantic-ai-slim,pydantic/pydantic-ai,train,agent/__init__.py,Agent.iter,,1.92.0,2.13.0,2,VANISHED,,,,,,,,
pydantic-ai-slim:1.92.0:agent/__init__.py:Agent.iter:c850ffb6b43421b0,pydantic-ai-slim,pydantic/pydantic-ai,train,agent/__init__.py,Agent.iter,no-action,1.92.0,1.92.0,1,VANISHED,,,,,,,,
pydantic-ai-slim:1.92.0:agent/__init__.py:Agent.iter:fdb2b6101a60da19,pydantic-ai-slim,pydantic/pydantic-ai,train,agent/__init__.py,Agent.iter,no-action,1.92.0,1.92.0,1,VANISHED,,,,,,,,
pydantic-ai-slim:1.92.0:capabilities/combined.py:CombinedCapability.on_model_request_error:980f7cf56c84e758,pydantic-ai-slim,pydantic/pydantic-ai,train,capabilities/combined.py,CombinedCapability.on_model_request_error,,1.92.0,1.92.0,1,VANISHED,,,,,,,,
pydantic-ai-slim:1.92.0:capabilities/combined.py:CombinedCapability.on_node_run_error:2125ce4a196d9164,pydantic-ai-slim,pydantic/pydantic-ai,train,capabilities/combined.py,CombinedCapability.on_node_run_error,,1.92.0,1.92.0,1,VANISHED,,,,,,,,
pydantic-ai-slim:1.92.0:capabilities/combined.py:CombinedCapability.on_output_process_error:f4ed8a2dfcec5e5b,pydantic-ai-slim,pydantic/pydantic-ai,train,capabilities/combined.py,CombinedCapability.on_output_process_error,,1.92.0,1.92.0,1,VANISHED,,,,,,,,
pydantic-ai-slim:1.92.0:capabilities/combined.py:CombinedCapability.on_run_error:ea7385040f5fba71,pydantic-ai-slim,pydantic/pydantic-ai,train,capabilities/combined.py,CombinedCapability.on_run_error,,1.92.0,1.92.0,1,VANISHED,,,,,,,,
pydantic-ai-slim:1.92.0:capabilities/combined.py:CombinedCapability.on_tool_execute_error:d6301529db1a5ae2,pydantic-ai-slim,pydantic/pydantic-ai,train,capabilities/combined.py,CombinedCapability.on_tool_execute_error,,1.92.0,1.92.0,1,VANISHED,,,,,,,,
pydantic-ai-slim:2.13.0:capabilities/instrumentation.py:Instrumentation._run_tool_span:14025492cb05819b,pydantic-ai-slim,pydantic/pydantic-ai,train,capabilities/instrumentation.py,Instrumentation._run_tool_span,,2.13.0,2.13.0,1,VANISHED,,,,,,,,
pydantic-ai-slim:2.13.0:capabilities/instrumentation.py:Instrumentation.wrap_run:2faed5a396a3e555,pydantic-ai-slim,pydantic/pydantic-ai,train,capabilities/instrumentation.py,Instrumentation.wrap_run,,2.13.0,2.13.0,1,VANISHED,,,,,,,,
pydantic-ai-slim:1.92.0:capabilities/mcp.py:<module>:de2a44e9f92b89bb,pydantic-ai-slim,pydantic/pydantic-ai,train,capabilities/mcp.py,<module>,,1.92.0,1.92.0,1,VANISHED,,,,,,,,
pydantic-ai-slim:0.4.11:common_tools/duckduckgo.py:<module>:a0ea01f2f28cf481,pydantic-ai-slim,pydantic/pydantic-ai,train,common_tools/duckduckgo.py,<module>,,0.4.11,1.1.0,2,VANISHED,,,,,,,,
pydantic-ai-slim:0.4.11:direct.py:StreamedResponseSync._async_producer._consume_async_stream:09d5709962366912,pydantic-ai-slim,pydantic/pydantic-ai,train,direct.py,StreamedResponseSync._async_producer._consume_async_stream,,0.4.11,1.92.0,5,VANISHED,,,,,,,,
pydantic-ai-slim:1.1.0:durable_exec/dbos/_agent.py:DBOSAgent.__init__.dbosify_toolset:6769f2f89defe04f,pydantic-ai-slim,pydantic/pydantic-ai,train,durable_exec/dbos/_agent.py,DBOSAgent.__init__.dbosify_toolset,no-action,1.1.0,1.92.0,4,VANISHED,,,,,,,,
pydantic-ai-slim:1.29.0:durable_exec/dbos/_agent.py:DBOSAgent.__init__.dbosify_toolset:e5234f331ae446ab,pydantic-ai-slim,pydantic/pydantic-ai,train,durable_exec/dbos/_agent.py,DBOSAgent.__init__.dbosify_toolset,no-action,1.29.0,1.92.0,3,VANISHED,,,,,,,,
pydantic-ai-slim:2.13.0:durable_exec/dbos/_agent.py:DBOSAgent.__init__.dbosify_toolset:0e47cda45aff0a09,pydantic-ai-slim,pydantic/pydantic-ai,train,durable_exec/dbos/_agent.py,DBOSAgent.__init__.dbosify_toolset,no-action,2.13.0,2.13.0,1,VANISHED,,,,,,,,
pydantic-ai-slim:1.92.0:durable_exec/dbos/_mcp.py:DBOSMCPToolset.get_instructions:0d10db6bbc6bffe1,pydantic-ai-slim,pydantic/pydantic-ai,train,durable_exec/dbos/_mcp.py,DBOSMCPToolset.get_instructions,no-action,1.92.0,1.92.0,1,VANISHED,,,,,,,,
pydantic-ai-slim:1.92.0:durable_exec/dbos/_mcp.py:DBOSMCPToolset.get_instructions:9642d0a494618699,pydantic-ai-slim,pydantic/pydantic-ai,train,durable_exec/dbos/_mcp.py,DBOSMCPToolset.get_instructions,no-action,1.92.0,1.92.0,1,VANISHED,,,,,,,,
pydantic-ai-slim:1.1.0:durable_exec/prefect/_agent.py:PrefectAgent.run.wrapped_run_flow:8f235ae6814921a5,pydantic-ai-slim,pydantic/pydantic-ai,train,durable_exec/prefect/_agent.py,PrefectAgent.run.wrapped_run_flow,,1.1.0,1.1.0,1,VANISHED,,,,,,,,
pydantic-ai-slim:1.29.0:durable_exec/prefect/_agent.py:PrefectAgent.run.wrapped_run_flow:4507747c2dac781d,pydantic-ai-slim,pydantic/pydantic-ai,train,durable_exec/prefect/_agent.py,PrefectAgent.run.wrapped_run_flow,,1.29.0,1.29.0,1,VANISHED,,,,,,,,
pydantic-ai-slim:1.62.0:durable_exec/prefect/_agent.py:PrefectAgent.run.wrapped_run_flow:99dbcf6b325de28b,pydantic-ai-slim,pydantic/pydantic-ai,train,durable_exec/prefect/_agent.py,PrefectAgent.run.wrapped_run_flow,,1.62.0,1.62.0,1,VANISHED,,,,,,,,
pydantic-ai-slim:1.92.0:durable_exec/prefect/_agent.py:PrefectAgent.run.wrapped_run_flow:c6b4df6b6ca70aa6,pydantic-ai-slim,pydantic/pydantic-ai,train,durable_exec/prefect/_agent.py,PrefectAgent.run.wrapped_run_flow,,1.92.0,1.92.0,1,VANISHED,,,,,,,,
pydantic-ai-slim:2.13.0:durable_exec/prefect/_agent.py:PrefectAgent.run.wrapped_run_flow:05472a59edfa0611,pydantic-ai-slim,pydantic/pydantic-ai,train,durable_exec/prefect/_agent.py,PrefectAgent.run.wrapped_run_flow,,2.13.0,2.13.0,1,VANISHED,,,,,,,,
pydantic-ai-slim:1.1.0:durable_exec/prefect/_agent.py:PrefectAgent.run_sync.wrapped_run_sync_flow:fb004e87d7d0127b,pydantic-ai-slim,pydantic/pydantic-ai,train,durable_exec/prefect/_agent.py,PrefectAgent.run_sync.wrapped_run_sync_flow,,1.1.0,1.1.0,1,VANISHED,,,,,,,,
pydantic-ai-slim:1.29.0:durable_exec/prefect/_agent.py:PrefectAgent.run_sync.wrapped_run_sync_flow:cb688e6f4c30302c,pydantic-ai-slim,pydantic/pydantic-ai,train,durable_exec/prefect/_agent.py,PrefectAgent.run_sync.wrapped_run_sync_flow,,1.29.0,1.29.0,1,VANISHED,,,,,,,,
pydantic-ai-slim:1.62.0:durable_exec/prefect/_agent.py:PrefectAgent.run_sync.wrapped_run_sync_flow:542716c7da4c4c6e,pydantic-ai-slim,pydantic/pydantic-ai,train,durable_exec/prefect/_agent.py,PrefectAgent.run_sync.wrapped_run_sync_flow,,1.62.0,1.62.0,1,VANISHED,,,,,,,,
pydantic-ai-slim:1.92.0:durable_exec/prefect/_agent.py:PrefectAgent.run_sync.wrapped_run_sync_flow:0605be308f1f4a2a,pydantic-ai-slim,pydantic/pydantic-ai,train,durable_exec/prefect/_agent.py,PrefectAgent.run_sync.wrapped_run_sync_flow,,1.92.0,1.92.0,1,VANISHED,,,,,,,,
pydantic-ai-slim:2.13.0:durable_exec/prefect/_agent.py:PrefectAgent.run_sync.wrapped_run_sync_flow:7c37c4ce22726b3a,pydantic-ai-slim,pydantic/pydantic-ai,train,durable_exec/prefect/_agent.py,PrefectAgent.run_sync.wrapped_run_sync_flow,,2.13.0,2.13.0,1,VANISHED,,,,,,,,
pydantic-ai-slim:1.1.0:durable_exec/prefect/_toolset.py:prefectify_toolset:1518ebe12d540247,pydantic-ai-slim,pydantic/pydantic-ai,train,durable_exec/prefect/_toolset.py,prefectify_toolset,no-action,1.1.0,1.92.0,4,VANISHED,,,,,,,,
pydantic-ai-slim:2.13.0:durable_exec/prefect/_toolset.py:prefectify_toolset:e33c11c9eeaff226,pydantic-ai-slim,pydantic/pydantic-ai,train,durable_exec/prefect/_toolset.py,prefectify_toolset,no-action,2.13.0,2.13.0,1,VANISHED,,,,,,,,
pydantic-ai-slim:1.1.0:durable_exec/temporal/_function_toolset.py:TemporalFunctionToolset.__init__.call_tool_activity:948b90372f14eaad,pydantic-ai-slim,pydantic/pydantic-ai,train,durable_exec/temporal/_function_toolset.py,TemporalFunctionToolset.__init__.call_tool_activity,,1.1.0,1.1.0,1,VANISHED,,,,,,,,
pydantic-ai-slim:1.92.0:durable_exec/temporal/_mcp.py:TemporalMCPToolset.get_instructions:0d10db6bbc6bffe1,pydantic-ai-slim,pydantic/pydantic-ai,train,durable_exec/temporal/_mcp.py,TemporalMCPToolset.get_instructions,no-action,1.92.0,1.92.0,1,VANISHED,,,,,,,,
pydantic-ai-slim:1.92.0:durable_exec/temporal/_mcp.py:TemporalMCPToolset.get_instructions:9642d0a494618699,pydantic-ai-slim,pydantic/pydantic-ai,train,durable_exec/temporal/_mcp.py,TemporalMCPToolset.get_instructions,no-action,1.92.0,1.92.0,1,VANISHED,,,,,,,,
pydantic-ai-slim:2.13.0:durable_exec/temporal/_mcp.py:TemporalMCPToolsetBase.get_instructions:85930d5cec10e68b,pydantic-ai-slim,pydantic/pydantic-ai,train,durable_exec/temporal/_mcp.py,TemporalMCPToolsetBase.get_instructions,no-action,2.13.0,2.13.0,1,VANISHED,,,,,,,,
pydantic-ai-slim:1.29.0:durable_exec/temporal/_toolset.py:TemporalWrapperToolset._wrap_call_tool_result:c91c707ca65934c5,pydantic-ai-slim,pydantic/pydantic-ai,train,durable_exec/temporal/_toolset.py,TemporalWrapperToolset._wrap_call_tool_result,,1.29.0,2.13.0,4,VANISHED,,,,,,,,
pydantic-ai-slim:1.1.0:durable_exec/temporal/_toolset.py:temporalize_toolset:0183faf9ac4cfef0,pydantic-ai-slim,pydantic/pydantic-ai,train,durable_exec/temporal/_toolset.py,temporalize_toolset,no-action,1.1.0,1.92.0,4,VANISHED,,,,,,,,
pydantic-ai-slim:1.29.0:durable_exec/temporal/_toolset.py:temporalize_toolset:0df4b2986c4363db,pydantic-ai-slim,pydantic/pydantic-ai,train,durable_exec/temporal/_toolset.py,temporalize_toolset,no-action,1.29.0,1.92.0,3,VANISHED,,,,,,,,
pydantic-ai-slim:2.13.0:durable_exec/temporal/_toolset.py:temporalize_toolset:42e10dd354500738,pydantic-ai-slim,pydantic/pydantic-ai,train,durable_exec/temporal/_toolset.py,temporalize_toolset,no-action,2.13.0,2.13.0,1,VANISHED,,,,,,,,
pydantic-ai-slim:1.62.0:embeddings/instrumented.py:InstrumentedEmbeddingModel._instrument:36e8533cdcbca449,pydantic-ai-slim,pydantic/pydantic-ai,train,embeddings/instrumented.py,InstrumentedEmbeddingModel._instrument,,1.62.0,1.62.0,1,VANISHED,,,,,,,,
pydantic-ai-slim:1.62.0:embeddings/instrumented.py:InstrumentedEmbeddingModel.model_attributes:861a3be46b9cee0d,pydantic-ai-slim,pydantic/pydantic-ai,train,embeddings/instrumented.py,InstrumentedEmbeddingModel.model_attributes,,1.62.0,2.13.0,3,VANISHED,,,,,,,,
pydantic-ai-slim:1.92.0:mcp.py:MCPServer.__aexit__:cd929e3262fc1e0d,pydantic-ai-slim,pydantic/pydantic-ai,train,mcp.py,MCPServer.__aexit__,no-action,1.92.0,1.92.0,1,VANISHED,,,,,,,,
pydantic-ai-slim:0.2.6:mcp.py:MCPServer._map_tool_result_part:1572917c891ef492,pydantic-ai-slim,pydantic/pydantic-ai,train,mcp.py,MCPServer._map_tool_result_part,no-action,0.2.6,0.2.6,1,VANISHED,,,,,,,,
pydantic-ai-slim:1.92.0:mcp.py:MCPServer._session_runner:ef963c39e5871881,pydantic-ai-slim,pydantic/pydantic-ai,train,mcp.py,MCPServer._session_runner,,1.92.0,1.92.0,1,VANISHED,,,,,,,,
pydantic-ai-slim:1.92.0:mcp.py:MCPServer.get_instructions:69664925ac02a476,pydantic-ai-slim,pydantic/pydantic-ai,train,mcp.py,MCPServer.get_instructions,silent-fallback,1.92.0,1.92.0,1,VANISHED,,,,,,,,
pydantic-ai-slim:1.62.0:mcp.py:MCPServerStreamableHTTP.client_streams:38d61b311adc1715,pydantic-ai-slim,pydantic/pydantic-ai,train,mcp.py,MCPServerStreamableHTTP.client_streams,,1.62.0,1.92.0,2,VANISHED,,,,,,,,
pydantic-ai-slim:1.92.0:mcp.py:_MCPSessionState.force_close:c7f731decb2fb1ad,pydantic-ai-slim,pydantic/pydantic-ai,train,mcp.py,_MCPSessionState.force_close,no-action,1.92.0,1.92.0,1,VANISHED,,,,,,,,
pydantic-ai-slim:1.62.0:messages.py:ModelResponse.cost:0ee61a3a1b6362c2,pydantic-ai-slim,pydantic/pydantic-ai,train,messages.py,ModelResponse.cost,no-action,1.62.0,2.13.0,3,VANISHED,,,,,,,,
pydantic-ai-slim:0.0.6:models/__init__.py:override_allow_model_requests:f12e1e8f455f823f,pydantic-ai-slim,pydantic/pydantic-ai,train,models/__init__.py,override_allow_model_requests,,0.0.6,0.0.6,1,VANISHED,,,,,,,,
pydantic-ai-slim:0.0.40:models/anthropic.py:AnthropicStreamedResponse._get_event_iterator:7b37f208b86c106a,pydantic-ai-slim,pydantic/pydantic-ai,train,models/anthropic.py,AnthropicStreamedResponse._get_event_iterator,,0.0.40,0.2.6,2,VANISHED,,,,,,,,
pydantic-ai-slim:0.0.40:models/gemini.py:_ensure_decodeable:6fb9a18b33f68f94,pydantic-ai-slim,pydantic/pydantic-ai,train,models/gemini.py,_ensure_decodeable,,0.0.40,1.92.0,7,VANISHED,,,,,,,,
pydantic-ai-slim:1.1.0:models/groq.py:GroqModel.request:df6556bb2f5a2c13,pydantic-ai-slim,pydantic/pydantic-ai,train,models/groq.py,GroqModel.request,no-action,1.1.0,1.29.0,2,VANISHED,,,,,,,,
pydantic-ai-slim:1.1.0:models/groq.py:GroqStreamedResponse._get_event_iterator:b9b0236780183c88,pydantic-ai-slim,pydantic/pydantic-ai,train,models/groq.py,GroqStreamedResponse._get_event_iterator,,1.1.0,1.29.0,2,VANISHED,,,,,,,,
pydantic-ai-slim:0.4.11:models/huggingface.py:HuggingFaceStreamedResponse._get_event_iterator:39591e9a30bb7b66,pydantic-ai-slim,pydantic/pydantic-ai,train,models/huggingface.py,HuggingFaceStreamedResponse._get_event_iterator,,0.4.11,1.62.0,4,VANISHED,,,,,,,,
pydantic-ai-slim:0.4.11:models/instrumented.py:InstrumentedModel._instrument:a036023d052301af,pydantic-ai-slim,pydantic/pydantic-ai,train,models/instrumented.py,InstrumentedModel._instrument,,0.4.11,0.4.11,1,VANISHED,,,,,,,,
pydantic-ai-slim:1.1.0:models/instrumented.py:InstrumentedModel._instrument:6f23b0a78eef5b87,pydantic-ai-slim,pydantic/pydantic-ai,train,models/instrumented.py,InstrumentedModel._instrument,no-action,1.1.0,1.1.0,1,VANISHED,,,,,,,,
pydantic-ai-slim:1.29.0:models/instrumented.py:InstrumentedModel._instrument:373f4e55b638a1ff,pydantic-ai-slim,pydantic/pydantic-ai,train,models/instrumented.py,InstrumentedModel._instrument,no-action,1.29.0,1.29.0,1,VANISHED,,,,,,,,
pydantic-ai-slim:1.62.0:models/instrumented.py:InstrumentedModel._instrument:6d9ff325dfe0f413,pydantic-ai-slim,pydantic/pydantic-ai,train,models/instrumented.py,InstrumentedModel._instrument,no-action,1.62.0,1.62.0,1,VANISHED,,,,,,,,
pydantic-ai-slim:1.92.0:models/instrumented.py:InstrumentedModel._instrument:ae68cd105bf0974c,pydantic-ai-slim,pydantic/pydantic-ai,train,models/instrumented.py,InstrumentedModel._instrument,no-action,1.92.0,1.92.0,1,VANISHED,,,,,,,,
pydantic-ai-slim:0.0.40:models/instrumented.py:InstrumentedModel.model_attributes:861a3be46b9cee0d,pydantic-ai-slim,pydantic/pydantic-ai,train,models/instrumented.py,InstrumentedModel.model_attributes,,0.0.40,2.13.0,8,VANISHED,,,,,,,,
pydantic-ai-slim:0.0.40:models/instrumented.py:InstrumentedModel.request_stream:430d489eee6f9840,pydantic-ai-slim,pydantic/pydantic-ai,train,models/instrumented.py,InstrumentedModel.request_stream,,0.0.40,0.4.11,3,VANISHED,,,,,,,,
pydantic-ai-slim:1.1.0:models/instrumented.py:InstrumentedModel.request_stream:4ef165c0faffe0fa,pydantic-ai-slim,pydantic/pydantic-ai,train,models/instrumented.py,InstrumentedModel.request_stream,,1.1.0,1.92.0,4,VANISHED,,,,,,,,
pydantic-ai-slim:2.13.0:models/instrumented.py:InstrumentedModel.request_stream:3f99f7b94b7cf6eb,pydantic-ai-slim,pydantic/pydantic-ai,train,models/instrumented.py,InstrumentedModel.request_stream,,2.13.0,2.13.0,1,VANISHED,,,,,,,,
pydantic-ai-slim:1.29.0:models/openai.py:<module>:8659fe8f6e7261e2,pydantic-ai-slim,pydantic/pydantic-ai,train,models/openai.py,<module>,,1.29.0,1.29.0,1,VANISHED,,,,,,,,
pydantic-ai-slim:1.92.0:result.py:AgentEventStream._standalone_iterator:fe138d763f95fee5,pydantic-ai-slim,pydantic/pydantic-ai,train,result.py,AgentEventStream._standalone_iterator,,1.92.0,1.92.0,1,VANISHED,,,,,,,,
pydantic-ai-slim:0.4.11:result.py:AgentStream.stream_output:3955a70ba15f38c1,pydantic-ai-slim,pydantic/pydantic-ai,train,result.py,AgentStream.stream_output,no-action,0.4.11,0.4.11,1,VANISHED,,,,,,,,
pydantic-ai-slim:0.4.11:retries.py:wait_retry_after.wait_func:40602a1699e9d2de,pydantic-ai-slim,pydantic/pydantic-ai,train,retries.py,wait_retry_after.wait_func,no-action,0.4.11,2.13.0,6,VANISHED,,,,,,,,
pydantic-ai-slim:0.4.11:retries.py:wait_retry_after.wait_func:b1e1d9fc18d7f335,pydantic-ai-slim,pydantic/pydantic-ai,train,retries.py,wait_retry_after.wait_func,no-action,0.4.11,1.92.0,5,VANISHED,,,,,,,,
pydantic-ai-slim:2.13.0:retries.py:wait_retry_after.wait_func:48f8e2fe53558d58,pydantic-ai-slim,pydantic/pydantic-ai,train,retries.py,wait_retry_after.wait_func,no-action,2.13.0,2.13.0,1,VANISHED,,,,,,,,
pydantic-ai-slim:1.92.0:run.py:AgentRun._wrap_and_advance:aed93f2b87c96256,pydantic-ai-slim,pydantic/pydantic-ai,train,run.py,AgentRun._wrap_and_advance,,1.92.0,2.13.0,2,VANISHED,,,,,,,,
pydantic-ai-slim:1.92.0:tool_manager.py:ToolManager._execute_function_tool_call:a92570ff3aad77c8,pydantic-ai-slim,pydantic/pydantic-ai,train,tool_manager.py,ToolManager._execute_function_tool_call,,1.92.0,1.92.0,1,VANISHED,,,,,,,,
pydantic-ai-slim:1.92.0:tool_manager.py:ToolManager.handle_call:611a467e4e117bde,pydantic-ai-slim,pydantic/pydantic-ai,train,tool_manager.py,ToolManager.handle_call,,1.92.0,2.13.0,2,VANISHED,,,,,,,,
pydantic-ai-slim:0.2.6:tools.py:Tool._run:8053074b9f70a664,pydantic-ai-slim,pydantic/pydantic-ai,train,tools.py,Tool._run,,0.2.6,0.2.6,1,VANISHED,,,,,,,,
pydantic-ai-slim:0.0.40:tools.py:Tool.run:01a27b8a68d44e8f,pydantic-ai-slim,pydantic/pydantic-ai,train,tools.py,Tool.run,,0.0.40,0.2.6,2,VANISHED,,,,,,,,
pydantic-ai-slim:0.0.40:tools.py:Tool.run:360fda1d93353faf,pydantic-ai-slim,pydantic/pydantic-ai,train,tools.py,Tool.run,,0.0.40,0.0.40,1,VANISHED,,,,,,,,
pydantic-ai-slim:1.1.0:toolsets/_dynamic.py:DynamicToolset.__aexit__:3ea976d23be88c69,pydantic-ai-slim,pydantic/pydantic-ai,train,toolsets/_dynamic.py,DynamicToolset.__aexit__,,1.1.0,1.29.0,2,VANISHED,,,,,,,,
pydantic-ai-slim:1.62.0:toolsets/_dynamic.py:DynamicToolset.__aexit__:1d6d410b3b127858,pydantic-ai-slim,pydantic/pydantic-ai,train,toolsets/_dynamic.py,DynamicToolset.__aexit__,,1.62.0,1.62.0,1,VANISHED,,,,,,,,
pydantic-ai-slim:2.13.0:toolsets/_tool_search.py:_collect_legacy:5ae21bf9744afc87,pydantic-ai-slim,pydantic/pydantic-ai,train,toolsets/_tool_search.py,_collect_legacy,silent-fallback,2.13.0,2.13.0,1,VANISHED,,,,,,,,
pydantic-ai-slim:1.92.0:toolsets/fastmcp.py:FastMCPToolset.get_instructions:b484ed143566866f,pydantic-ai-slim,pydantic/pydantic-ai,train,toolsets/fastmcp.py,FastMCPToolset.get_instructions,silent-fallback,1.92.0,1.92.0,1,VANISHED,,,,,,,,
pydantic-ai-slim:1.29.0:ui/_adapter.py:UIAdapter.dispatch_request:501fa3c2c38d7558,pydantic-ai-slim,pydantic/pydantic-ai,train,ui/_adapter.py,UIAdapter.dispatch_request,,1.29.0,1.29.0,1,VANISHED,,,,,,,,
pydantic-ai-slim:1.62.0:ui/_adapter.py:UIAdapter.dispatch_request:2dc52bd053730b70,pydantic-ai-slim,pydantic/pydantic-ai,train,ui/_adapter.py,UIAdapter.dispatch_request,,1.62.0,1.62.0,1,VANISHED,,,,,,,,
pydantic-ai-slim:1.92.0:ui/_adapter.py:UIAdapter.dispatch_request:d246573ed1d71cfd,pydantic-ai-slim,pydantic/pydantic-ai,train,ui/_adapter.py,UIAdapter.dispatch_request,,1.92.0,1.92.0,1,VANISHED,,,,,,,,
pydantic-ai-slim:1.29.0:ui/_event_stream.py:UIEventStream.transform_stream:2fbc3ad4b834c1ba,pydantic-ai-slim,pydantic/pydantic-ai,train,ui/_event_stream.py,UIEventStream.transform_stream,name-shadowing,1.29.0,1.62.0,2,VANISHED,,,,,,,,
pydantic-ai-slim:1.92.0:ui/_event_stream.py:UIEventStream.transform_stream:dc21a0514f6406da,pydantic-ai-slim,pydantic/pydantic-ai,train,ui/_event_stream.py,UIEventStream.transform_stream,,1.92.0,1.92.0,1,VANISHED,,,,,,,,
pydantic-ai-slim:2.13.0:ui/_event_stream.py:UIEventStream.transform_stream:5bf6e632d9900041,pydantic-ai-slim,pydantic/pydantic-ai,train,ui/_event_stream.py,UIEventStream.transform_stream,,2.13.0,2.13.0,1,VANISHED,,,,,,,,
pydantic-ai-slim:1.92.0:ui/ag_ui/_adapter.py:AGUIAdapter.load_messages:f58e041494b7d940,pydantic-ai-slim,pydantic/pydantic-ai,train,ui/ag_ui/_adapter.py,AGUIAdapter.load_messages,no-action,1.92.0,1.92.0,1,VANISHED,,,,,,,,
pydantic-ai-slim:1.29.0:ui/vercel_ai/_adapter.py:VercelAIAdapter.load_messages:e64eee973df11b8d,pydantic-ai-slim,pydantic/pydantic-ai,train,ui/vercel_ai/_adapter.py,VercelAIAdapter.load_messages,no-action,1.29.0,1.62.0,2,VANISHED,,,,,,,,
smolagents:1.4.0:local_python_executor.py:evaluate_for:e455beb0fda3036a,smolagents,huggingface/smolagents,dev,local_python_executor.py,evaluate_for,,1.4.0,1.26.0,8,MUTATED,,,,,,,,
smolagents:1.16.1:_function_type_hints_utils.py:_get_json_schema_type:7b3e6171468bccc8,smolagents,huggingface/smolagents,dev,_function_type_hints_utils.py,_get_json_schema_type,no-action,1.16.1,1.26.0,4,SURVIVED,377.6,,,,,,,
smolagents:1.16.1:agent_types.py:AgentImage.__init__:ec787274a7817b9f,smolagents,huggingface/smolagents,dev,agent_types.py,AgentImage.__init__,no-action,1.16.1,1.26.0,4,SURVIVED,377.6,,,,,,,
smolagents:1.16.1:agent_types.py:handle_agent_output_types:6c620eb8759ebc74,smolagents,huggingface/smolagents,dev,agent_types.py,handle_agent_output_types,no-action,1.16.1,1.26.0,4,SURVIVED,377.6,,,,,,,
smolagents:1.16.1:default_tools.py:VisitWebpageTool.forward:03d0af9cc3cf0a09,smolagents,huggingface/smolagents,dev,default_tools.py,VisitWebpageTool.forward,,1.16.1,1.26.0,4,SURVIVED,377.6,,,,,,,
smolagents:1.16.1:default_tools.py:WikipediaSearchTool.forward:10f911a8fd7d582e,smolagents,huggingface/smolagents,dev,default_tools.py,WikipediaSearchTool.forward,,1.16.1,1.26.0,4,SURVIVED,377.6,,,,,,,
smolagents:1.6.0:e2b_executor.py:<module>:cfaa320e6108fe49,smolagents,huggingface/smolagents,dev,e2b_executor.py,<module>,no-action,1.6.0,1.26.0,7,SURVIVED,485.8,,,,,,,
smolagents:1.4.0:local_python_executor.py:create_function.new_func:ed1372cd884c87c8,smolagents,huggingface/smolagents,dev,local_python_executor.py,create_function.new_func,,1.4.0,1.26.0,8,SURVIVED,496.4,,,,,,,
smolagents:1.4.0:local_python_executor.py:evaluate_while:a85eb52176486e52,smolagents,huggingface/smolagents,dev,local_python_executor.py,evaluate_while,silent-fallback,1.4.0,1.26.0,8,SURVIVED,496.4,,,,,,,
smolagents:1.6.0:models.py:parse_json_if_needed:71d08e196e6b7593,smolagents,huggingface/smolagents,dev,models.py,parse_json_if_needed,,1.6.0,1.26.0,7,SURVIVED,485.8,,,,,,,
smolagents:1.16.1:pyodide_deno_executor.bak.py:PyodideDenoExecutor.cleanup:ee0bfc572a0a6050,smolagents,huggingface/smolagents,dev,pyodide_deno_executor.bak.py,PyodideDenoExecutor.cleanup,,1.16.1,1.26.0,4,SURVIVED,377.6,,,,,,,
smolagents:1.16.1:utils.py:get_source:4e60ef2b7194cf35,smolagents,huggingface/smolagents,dev,utils.py,get_source,,1.16.1,1.26.0,4,SURVIVED,377.6,,,,,,,
smolagents:1.9.1:utils.py:make_json_serializable:f3d461d123c7535d,smolagents,huggingface/smolagents,dev,utils.py,make_json_serializable,no-action,1.9.1,1.26.0,6,SURVIVED,468.7,,,,,,,
smolagents:1.12.0:utils.py:parse_code_blobs:08c1eeaeb70947e1,smolagents,huggingface/smolagents,dev,utils.py,parse_code_blobs,no-action,1.12.0,1.26.0,5,SURVIVED,434.8,,,,,,,
smolagents:1.20.0:agents.py:MultiStepAgent.provide_final_answer:ed424aedb3417de2,smolagents,huggingface/smolagents,dev,agents.py,MultiStepAgent.provide_final_answer,,1.20.0,1.26.0,3,TOO_YOUNG,,,,,,,,
smolagents:1.26.0:cli.py:interactive_mode:154ea3be47d80902,smolagents,huggingface/smolagents,dev,cli.py,interactive_mode,,1.26.0,1.26.0,1,TOO_YOUNG,,,,,,,,
smolagents:1.26.0:local_python_executor.py:evaluate_with:fc5c762c61b11763,smolagents,huggingface/smolagents,dev,local_python_executor.py,evaluate_with,,1.26.0,1.26.0,1,TOO_YOUNG,,,,,,,,
smolagents:1.26.0:remote_executors.py:BlaxelExecutor.__del__:03cb5954993e042d,smolagents,huggingface/smolagents,dev,remote_executors.py,BlaxelExecutor.__del__,no-action,1.26.0,1.26.0,1,TOO_YOUNG,,,,,,,,
smolagents:1.26.0:remote_executors.py:BlaxelExecutor.install_packages:df957c795c62f44d,smolagents,huggingface/smolagents,dev,remote_executors.py,BlaxelExecutor.install_packages,silent-fallback,1.26.0,1.26.0,1,TOO_YOUNG,,,,,,,,
smolagents:1.20.0:remote_executors.py:DockerExecutor.cleanup:6f78dec98342077e,smolagents,huggingface/smolagents,dev,remote_executors.py,DockerExecutor.cleanup,,1.20.0,1.26.0,3,TOO_YOUNG,,,,,,,,
smolagents:1.20.0:remote_executors.py:E2BExecutor.cleanup:8a6594f37fcf344f,smolagents,huggingface/smolagents,dev,remote_executors.py,E2BExecutor.cleanup,,1.20.0,1.26.0,3,TOO_YOUNG,,,,,,,,
smolagents:1.26.0:remote_executors.py:RemotePythonExecutor._patch_final_answer_with_exception.forward._serialize_with_fallback:3b74547d32567ce3,smolagents,huggingface/smolagents,dev,remote_executors.py,RemotePythonExecutor._patch_final_answer_with_exception.forward._serialize_with_fallback,,1.26.0,1.26.0,1,TOO_YOUNG,,,,,,,,
smolagents:1.26.0:remote_executors.py:RemotePythonExecutor._patch_final_answer_with_exception.forward._serialize_with_fallback:9e5df7554eca08de,smolagents,huggingface/smolagents,dev,remote_executors.py,RemotePythonExecutor._patch_final_answer_with_exception.forward._serialize_with_fallback,,1.26.0,1.26.0,1,TOO_YOUNG,,,,,,,,
smolagents:1.26.0:remote_executors.py:RemotePythonExecutor._patch_final_answer_with_exception.forward._to_json_safe:9d58d4ebd0b6849a,smolagents,huggingface/smolagents,dev,remote_executors.py,RemotePythonExecutor._patch_final_answer_with_exception.forward._to_json_safe,no-action,1.26.0,1.26.0,1,TOO_YOUNG,,,,,,,,
smolagents:1.26.0:remote_executors.py:RemotePythonExecutor._patch_final_answer_with_exception.forward._to_json_safe:f08d070ad6d517ae,smolagents,huggingface/smolagents,dev,remote_executors.py,RemotePythonExecutor._patch_final_answer_with_exception.forward._to_json_safe,no-action,1.26.0,1.26.0,1,TOO_YOUNG,,,,,,,,
smolagents:1.26.0:serialization.py:SafeSerializer._get_optional_type:4bc30cff857f8c73,smolagents,huggingface/smolagents,dev,serialization.py,SafeSerializer._get_optional_type,silent-fallback,1.26.0,1.26.0,1,TOO_YOUNG,,,,,,,,
smolagents:1.26.0:serialization.py:SafeSerializer.from_json_safe:9e3992bf3e98c5b0,smolagents,huggingface/smolagents,dev,serialization.py,SafeSerializer.from_json_safe,,1.26.0,1.26.0,1,TOO_YOUNG,,,,,,,,
smolagents:1.26.0:serialization.py:SafeSerializer.from_json_safe:b43b8c791eaf1859,smolagents,huggingface/smolagents,dev,serialization.py,SafeSerializer.from_json_safe,,1.26.0,1.26.0,1,TOO_YOUNG,,,,,,,,
smolagents:1.9.1:agents.py:MultiStepAgent._run:81c2163e524758b1,smolagents,huggingface/smolagents,dev,agents.py,MultiStepAgent._run,,1.9.1,1.9.1,1,VANISHED,,,,,,,,
smolagents:1.1.0:agents.py:MultiStepAgent.direct_run:1bce9beee64e3c18,smolagents,huggingface/smolagents,dev,agents.py,MultiStepAgent.direct_run,,1.1.0,1.1.0,1,VANISHED,,,,,,,,
smolagents:1.4.0:agents.py:MultiStepAgent.direct_run:8dc425f37cde8aba,smolagents,huggingface/smolagents,dev,agents.py,MultiStepAgent.direct_run,,1.4.0,1.4.0,1,VANISHED,,,,,,,,
smolagents:1.1.0:agents.py:MultiStepAgent.provide_final_answer:02930848291470e6,smolagents,huggingface/smolagents,dev,agents.py,MultiStepAgent.provide_final_answer,,1.1.0,1.1.0,1,VANISHED,,,,,,,,
smolagents:1.4.0:agents.py:MultiStepAgent.provide_final_answer:823ec366e27706a5,smolagents,huggingface/smolagents,dev,agents.py,MultiStepAgent.provide_final_answer,,1.4.0,1.6.0,2,VANISHED,,,,,,,,
smolagents:1.9.1:agents.py:MultiStepAgent.provide_final_answer:32ccdbaa0174a1be,smolagents,huggingface/smolagents,dev,agents.py,MultiStepAgent.provide_final_answer,,1.9.1,1.16.1,3,VANISHED,,,,,,,,
smolagents:1.1.0:agents.py:MultiStepAgent.stream_run:1bce9beee64e3c18,smolagents,huggingface/smolagents,dev,agents.py,MultiStepAgent.stream_run,,1.1.0,1.1.0,1,VANISHED,,,,,,,,
smolagents:1.4.0:agents.py:MultiStepAgent.stream_run:8dc425f37cde8aba,smolagents,huggingface/smolagents,dev,agents.py,MultiStepAgent.stream_run,,1.4.0,1.6.0,2,VANISHED,,,,,,,,
smolagents:0.1.0:default_tools.py:PythonInterpreterTool.forward:b7d6b54e9d483ace,smolagents,huggingface/smolagents,dev,default_tools.py,PythonInterpreterTool.forward,,0.1.0,1.1.0,2,VANISHED,,,,,,,,
smolagents:0.1.0:default_tools.py:VisitWebpageTool.forward:73bde1234e34e5fe,smolagents,huggingface/smolagents,dev,default_tools.py,VisitWebpageTool.forward,,0.1.0,1.1.0,2,VANISHED,,,,,,,,
smolagents:1.12.0:default_tools.py:VisitWebpageTool.forward:b517265284f633ab,smolagents,huggingface/smolagents,dev,default_tools.py,VisitWebpageTool.forward,,1.12.0,1.12.0,1,VANISHED,,,,,,,,
smolagents:1.4.0:default_tools.py:VisitWebpageTool.forward:f683ff91cced765e,smolagents,huggingface/smolagents,dev,default_tools.py,VisitWebpageTool.forward,,1.4.0,1.4.0,1,VANISHED,,,,,,,,
smolagents:1.6.0:default_tools.py:VisitWebpageTool.forward:dc1f5daf6549321e,smolagents,huggingface/smolagents,dev,default_tools.py,VisitWebpageTool.forward,,1.6.0,1.9.1,2,VANISHED,,,,,,,,
smolagents:0.1.0:docker_alternative.py:DockerPythonInterpreter.execute:53d35651844db3b0,smolagents,huggingface/smolagents,dev,docker_alternative.py,DockerPythonInterpreter.execute,,0.1.0,0.1.0,1,VANISHED,,,,,,,,
smolagents:0.1.0:docker_python_executor.py:DockerPythonInterpreter._raw_execute:25e2af7a40ece202,smolagents,huggingface/smolagents,dev,docker_python_executor.py,DockerPythonInterpreter._raw_execute,,0.1.0,0.1.0,1,VANISHED,,,,,,,,
smolagents:0.1.0:docker_python_executor.py:DockerPythonInterpreter.get_locals_dict:2303215438189f9b,smolagents,huggingface/smolagents,dev,docker_python_executor.py,DockerPythonInterpreter.get_locals_dict,silent-fallback,0.1.0,0.1.0,1,VANISHED,,,,,,,,
smolagents:0.1.0:docker_python_executor.py:DockerPythonInterpreter.stop:091ced82dcecb743,smolagents,huggingface/smolagents,dev,docker_python_executor.py,DockerPythonInterpreter.stop,no-action,0.1.0,0.1.0,1,VANISHED,,,,,,,,
smolagents:0.1.0:docker_python_executor.py:DockerPythonInterpreter.wait_for_ready:a46742269989f263,smolagents,huggingface/smolagents,dev,docker_python_executor.py,DockerPythonInterpreter.wait_for_ready,silent-fallback,0.1.0,0.1.0,1,VANISHED,,,,,,,,
smolagents:0.1.0:docker_python_executor.py:read_multiplexed_response:d17a0f19f831b23f,smolagents,huggingface/smolagents,dev,docker_python_executor.py,read_multiplexed_response,,0.1.0,0.1.0,1,VANISHED,,,,,,,,
smolagents:1.12.0:gradio_ui.py:GradioUI.interact_with_agent:4d6929ddd8e41e47,smolagents,huggingface/smolagents,dev,gradio_ui.py,GradioUI.interact_with_agent,,1.12.0,1.12.0,1,VANISHED,,,,,,,,
smolagents:1.16.1:gradio_ui.py:GradioUI.interact_with_agent:1ef463cc00e3b044,smolagents,huggingface/smolagents,dev,gradio_ui.py,GradioUI.interact_with_agent,,1.16.1,1.16.1,1,VANISHED,,,,,,,,
smolagents:1.4.0:gradio_ui.py:GradioUI.upload_file:503b24ba8be22d13,smolagents,huggingface/smolagents,dev,gradio_ui.py,GradioUI.upload_file,,1.4.0,1.9.1,3,VANISHED,,,,,,,,
smolagents:0.1.0:local_python_executor.py:create_function.new_func:0643d16cd71485cb,smolagents,huggingface/smolagents,dev,local_python_executor.py,create_function.new_func,,0.1.0,1.1.0,2,VANISHED,,,,,,,,
smolagents:0.1.0:local_python_executor.py:evaluate_for:4378ff05e2fb0e6a,smolagents,huggingface/smolagents,dev,local_python_executor.py,evaluate_for,,0.1.0,1.1.0,2,VANISHED,,,,,,,,
smolagents:0.1.0:local_python_executor.py:evaluate_while:59fb2eb1638d6f9b,smolagents,huggingface/smolagents,dev,local_python_executor.py,evaluate_while,silent-fallback,0.1.0,1.1.0,2,VANISHED,,,,,,,,
smolagents:1.4.0:models.py:parse_dictionary:98e6cb31cac75fa8,smolagents,huggingface/smolagents,dev,models.py,parse_dictionary,,1.4.0,1.4.0,1,VANISHED,,,,,,,,
smolagents:1.12.0:remote_executors.py:DockerExecutor.cleanup:a82811f98b513795,smolagents,huggingface/smolagents,dev,remote_executors.py,DockerExecutor.cleanup,,1.12.0,1.16.1,2,VANISHED,,,,,,,,
smolagents:1.20.0:remote_executors.py:WasmExecutor.cleanup:ee0bfc572a0a6050,smolagents,huggingface/smolagents,dev,remote_executors.py,WasmExecutor.cleanup,,1.20.0,1.22.0,2,VANISHED,,,,,,,,
smolagents:1.6.0:utils.py:_is_package_available:d82f500a9377adfa,smolagents,huggingface/smolagents,dev,utils.py,_is_package_available,silent-fallback,1.6.0,1.20.0,5,VANISHED,,,,,,,,
smolagents:1.12.0:utils.py:get_source:ea33985c9896a121,smolagents,huggingface/smolagents,dev,utils.py,get_source,,1.12.0,1.12.0,1,VANISHED,,,,,,,,
smolagents:1.6.0:utils.py:get_source:e339c361812f1ad5,smolagents,huggingface/smolagents,dev,utils.py,get_source,,1.6.0,1.9.1,2,VANISHED,,,,,,,,
smolagents:0.1.0:utils.py:is_same_method:7a893c3b79a811e3,smolagents,huggingface/smolagents,dev,utils.py,is_same_method,silent-fallback,0.1.0,1.20.0,8,VANISHED,,,,,,,,
smolagents:1.4.0:utils.py:parse_code_blobs:053a027799191032,smolagents,huggingface/smolagents,dev,utils.py,parse_code_blobs,no-action,1.4.0,1.9.1,3,VANISHED,,,,,,,,
trl:0.4.3:trainer/utils.py:ConstantLengthDataset.__iter__:d3442f00211424ad,trl,huggingface/trl,train,trainer/utils.py,ConstantLengthDataset.__iter__,,0.4.3,0.15.2,5,FIXED,,0.4.3,0.7.4,log,ok,889,https://github.com/huggingface/trl/commit/5b2aeca6c0155e34592d113d0e9a321ed776b7bd,20
trl:1.5.0:experimental/async_grpo/async_grpo_trainer.py:AsyncGRPOTrainer._inner_training_loop:9dec1a8a62c93506,trl,huggingface/trl,train,experimental/async_grpo/async_grpo_trainer.py,AsyncGRPOTrainer._inner_training_loop,,1.5.0,1.12.0,2,MUTATED,,,,,,,,
trl:1.5.0:experimental/async_grpo/async_rollout_worker.py:AsyncRolloutWorker._generate_loop:7ff54ec0acba3d53,trl,huggingface/trl,train,experimental/async_grpo/async_rollout_worker.py,AsyncRolloutWorker._generate_loop,,1.5.0,1.12.0,2,MUTATED,,,,,,,,
trl:0.7.4:models/modeling_base.py:PreTrainedModelWrapper.from_pretrained:00852c4a4b07fbf0,trl,huggingface/trl,train,models/modeling_base.py,PreTrainedModelWrapper.from_pretrained,silent-fallback,0.7.4,1.12.0,8,MUTATED,,,,,,,,
trl:0.15.2:scripts/utils.py:get_git_commit_hash:220005e11d4c63d5,trl,huggingface/trl,train,scripts/utils.py,get_git_commit_hash,,0.15.2,1.12.0,5,SURVIVED,546.9,,,,,,,
trl:0.27.0:__init__.py:<module>:eda0aded3a8b6b16,trl,huggingface/trl,train,__init__.py,<module>,,0.27.0,1.12.0,3,TOO_YOUNG,,,,,,,,
trl:1.5.0:chat_template_utils.py:is_chat_template_prefix_preserving:bff8ee58d83f40a3,trl,huggingface/trl,train,chat_template_utils.py,is_chat_template_prefix_preserving,,1.5.0,1.12.0,2,TOO_YOUNG,,,,,,,,
trl:1.12.0:chat_template_utils.py:is_chat_template_stop_token_trained:9ced9869d99eebc0,trl,huggingface/trl,train,chat_template_utils.py,is_chat_template_stop_token_trained,silent-fallback,1.12.0,1.12.0,1,TOO_YOUNG,,,,,,,,
trl:1.12.0:chat_template_utils.py:parse_response:904d470202e23606,trl,huggingface/trl,train,chat_template_utils.py,parse_response,,1.12.0,1.12.0,1,TOO_YOUNG,,,,,,,,
trl:1.12.0:chat_template_utils.py:supports_tool_calling:b89473f1e6b8fabc,trl,huggingface/trl,train,chat_template_utils.py,supports_tool_calling,silent-fallback,1.12.0,1.12.0,1,TOO_YOUNG,,,,,,,,
trl:1.5.0:cli/commands/base.py:CommandContext.argv_after:936310c35c80a9f7,trl,huggingface/trl,train,cli/commands/base.py,CommandContext.argv_after,silent-fallback,1.5.0,1.12.0,2,TOO_YOUNG,,,,,,,,
trl:1.12.0:experimental/async_distillation/async_distillation_trainer.py:AsyncDistillationTrainer._inner_training_loop:9dec1a8a62c93506,trl,huggingface/trl,train,experimental/async_distillation/async_distillation_trainer.py,AsyncDistillationTrainer._inner_training_loop,,1.12.0,1.12.0,1,TOO_YOUNG,,,,,,,,
trl:1.12.0:experimental/async_distillation/async_distillation_trainer.py:AsyncDistillationTrainer.log:bd81d6e777b08e8d,trl,huggingface/trl,train,experimental/async_distillation/async_distillation_trainer.py,AsyncDistillationTrainer.log,,1.12.0,1.12.0,1,TOO_YOUNG,,,,,,,,
trl:1.12.0:experimental/async_distillation/async_distillation_trainer.py:RolloutQueueDataset.__iter__:711d704327b7bc23,trl,huggingface/trl,train,experimental/async_distillation/async_distillation_trainer.py,RolloutQueueDataset.__iter__,no-action,1.12.0,1.12.0,1,TOO_YOUNG,,,,,,,,
trl:1.12.0:experimental/async_distillation/async_distillation_trainer.py:RolloutQueueDataset.__iter__:8d9d1c867a023403,trl,huggingface/trl,train,experimental/async_distillation/async_distillation_trainer.py,RolloutQueueDataset.__iter__,,1.12.0,1.12.0,1,TOO_YOUNG,,,,,,,,
trl:1.12.0:experimental/async_distillation/async_rollout_worker.py:AsyncRolloutWorker.check_health:a0ba5577de505786,trl,huggingface/trl,train,experimental/async_distillation/async_rollout_worker.py,AsyncRolloutWorker.check_health,silent-fallback,1.12.0,1.12.0,1,TOO_YOUNG,,,,,,,,
trl:1.12.0:experimental/async_distillation/async_rollout_worker.py:_AsyncRolloutLoop._generate_loop:109eaca16658200e,trl,huggingface/trl,train,experimental/async_distillation/async_rollout_worker.py,_AsyncRolloutLoop._generate_loop,,1.12.0,1.12.0,1,TOO_YOUNG,,,,,,,,
trl:1.12.0:experimental/async_distillation/async_rollout_worker.py:_AsyncRolloutLoop._push_metrics:8ce82bc1b88c6287,trl,huggingface/trl,train,experimental/async_distillation/async_rollout_worker.py,_AsyncRolloutLoop._push_metrics,no-action,1.12.0,1.12.0,1,TOO_YOUNG,,,,,,,,
trl:1.12.0:experimental/async_distillation/async_rollout_worker.py:_AsyncRolloutLoop.run:dd0927da7e3b29aa,trl,huggingface/trl,train,experimental/async_distillation/async_rollout_worker.py,_AsyncRolloutLoop.run,no-action,1.12.0,1.12.0,1,TOO_YOUNG,,,,,,,,
trl:1.12.0:experimental/async_distillation/async_rollout_worker.py:_spawn_stop_watcher._watch:e47407f42e6b987c,trl,huggingface/trl,train,experimental/async_distillation/async_rollout_worker.py,_spawn_stop_watcher._watch,no-action,1.12.0,1.12.0,1,TOO_YOUNG,,,,,,,,
trl:1.12.0:experimental/async_distillation/vllm_client.py:VLLMClient.wait_for_server_ready:99f5499b4b0e8f22,trl,huggingface/trl,train,experimental/async_distillation/vllm_client.py,VLLMClient.wait_for_server_ready,no-action,1.12.0,1.12.0,1,TOO_YOUNG,,,,,,,,
trl:1.12.0:experimental/async_grpo/async_grpo_trainer.py:AsyncGRPOTrainer.log:bd81d6e777b08e8d,trl,huggingface/trl,train,experimental/async_grpo/async_grpo_trainer.py,AsyncGRPOTrainer.log,,1.12.0,1.12.0,1,TOO_YOUNG,,,,,,,,
trl:1.12.0:experimental/async_grpo/async_grpo_trainer.py:RolloutQueueDataset.__iter__:711d704327b7bc23,trl,huggingface/trl,train,experimental/async_grpo/async_grpo_trainer.py,RolloutQueueDataset.__iter__,no-action,1.12.0,1.12.0,1,TOO_YOUNG,,,,,,,,
trl:1.12.0:experimental/async_grpo/async_grpo_trainer.py:RolloutQueueDataset.__iter__:8d9d1c867a023403,trl,huggingface/trl,train,experimental/async_grpo/async_grpo_trainer.py,RolloutQueueDataset.__iter__,,1.12.0,1.12.0,1,TOO_YOUNG,,,,,,,,
trl:1.5.0:experimental/async_grpo/async_rollout_worker.py:AsyncRolloutWorker._generate_loop:1b0dd75031ddf399,trl,huggingface/trl,train,experimental/async_grpo/async_rollout_worker.py,AsyncRolloutWorker._generate_loop,no-action,1.5.0,1.12.0,2,TOO_YOUNG,,,,,,,,
trl:1.5.0:experimental/async_grpo/async_rollout_worker.py:AsyncRolloutWorker._repeat_iterator:f9579444740aa40b,trl,huggingface/trl,train,experimental/async_grpo/async_rollout_worker.py,AsyncRolloutWorker._repeat_iterator,,1.5.0,1.12.0,2,TOO_YOUNG,,,,,,,,
trl:1.5.0:experimental/async_grpo/async_rollout_worker.py:AsyncRolloutWorker._score_loop:1da0ef128bd8f40a,trl,huggingface/trl,train,experimental/async_grpo/async_rollout_worker.py,AsyncRolloutWorker._score_loop,,1.5.0,1.12.0,2,TOO_YOUNG,,,,,,,,
trl:1.12.0:experimental/async_grpo/async_rollout_worker.py:AsyncRolloutWorker.check_health:a0ba5577de505786,trl,huggingface/trl,train,experimental/async_grpo/async_rollout_worker.py,AsyncRolloutWorker.check_health,silent-fallback,1.12.0,1.12.0,1,TOO_YOUNG,,,,,,,,
trl:1.12.0:experimental/async_grpo/async_rollout_worker.py:_AsyncRolloutLoop._execute_tool_calls:4eba78573fe82a32,trl,huggingface/trl,train,experimental/async_grpo/async_rollout_worker.py,_AsyncRolloutLoop._execute_tool_calls,,1.12.0,1.12.0,1,TOO_YOUNG,,,,,,,,
trl:1.12.0:experimental/async_grpo/async_rollout_worker.py:_AsyncRolloutLoop._generate_loop:5bc6e0eda838c090,trl,huggingface/trl,train,experimental/async_grpo/async_rollout_worker.py,_AsyncRolloutLoop._generate_loop,no-action,1.12.0,1.12.0,1,TOO_YOUNG,,,,,,,,
trl:1.12.0:experimental/async_grpo/async_rollout_worker.py:_AsyncRolloutLoop._push_metrics:8ce82bc1b88c6287,trl,huggingface/trl,train,experimental/async_grpo/async_rollout_worker.py,_AsyncRolloutLoop._push_metrics,no-action,1.12.0,1.12.0,1,TOO_YOUNG,,,,,,,,
trl:1.12.0:experimental/async_grpo/async_rollout_worker.py:_AsyncRolloutLoop._repeat_iterator:f9579444740aa40b,trl,huggingface/trl,train,experimental/async_grpo/async_rollout_worker.py,_AsyncRolloutLoop._repeat_iterator,,1.12.0,1.12.0,1,TOO_YOUNG,,,,,,,,
trl:1.12.0:experimental/async_grpo/async_rollout_worker.py:_AsyncRolloutLoop.run:dd0927da7e3b29aa,trl,huggingface/trl,train,experimental/async_grpo/async_rollout_worker.py,_AsyncRolloutLoop.run,no-action,1.12.0,1.12.0,1,TOO_YOUNG,,,,,,,,
trl:1.12.0:experimental/async_grpo/async_rollout_worker.py:_spawn_stop_watcher._watch:e47407f42e6b987c,trl,huggingface/trl,train,experimental/async_grpo/async_rollout_worker.py,_spawn_stop_watcher._watch,no-action,1.12.0,1.12.0,1,TOO_YOUNG,,,,,,,,
trl:1.12.0:experimental/async_grpo/openenv_harness.py:_HarnessRolloutLoop._run_loops:fb011418185600dd,trl,huggingface/trl,train,experimental/async_grpo/openenv_harness.py,_HarnessRolloutLoop._run_loops,,1.12.0,1.12.0,1,TOO_YOUNG,,,,,,,,
trl:1.12.0:experimental/async_grpo/openenv_harness.py:_msg_to_llm_response:c8abca1540a57eef,trl,huggingface/trl,train,experimental/async_grpo/openenv_harness.py,_msg_to_llm_response,silent-fallback,1.12.0,1.12.0,1,TOO_YOUNG,,,,,,,,
trl:1.12.0:experimental/async_grpo/vllm_client.py:VLLMClient.wait_for_server_ready:99f5499b4b0e8f22,trl,huggingface/trl,train,experimental/async_grpo/vllm_client.py,VLLMClient.wait_for_server_ready,no-action,1.12.0,1.12.0,1,TOO_YOUNG,,,,,,,,
trl:1.12.0:experimental/harbor/_env.py:HarborEnv.__del__:89bbc1dc263cd832,trl,huggingface/trl,train,experimental/harbor/_env.py,HarborEnv.__del__,no-action,1.12.0,1.12.0,1,TOO_YOUNG,,,,,,,,
trl:1.12.0:experimental/harbor/_env.py:HarborEnv._stop:7e71464fcb7e795f,trl,huggingface/trl,train,experimental/harbor/_env.py,HarborEnv._stop,,1.12.0,1.12.0,1,TOO_YOUNG,,,,,,,,
trl:1.12.0:experimental/harbor/_spec.py:_read_task_meta:e13eaec664231bc4,trl,huggingface/trl,train,experimental/harbor/_spec.py,_read_task_meta,silent-fallback,1.12.0,1.12.0,1,TOO_YOUNG,,,,,,,,
trl:1.5.0:experimental/openreward/_spec.py:OpenRewardSpec.train_dataset:88824c55ff6cae10,trl,huggingface/trl,train,experimental/openreward/_spec.py,OpenRewardSpec.train_dataset,,1.5.0,1.12.0,2,TOO_YOUNG,,,,,,,,
trl:1.5.0:experimental/openreward/environment.py:_RolloutEnvironment._call_ors_tool:03d9b078c0133f51,trl,huggingface/trl,train,experimental/openreward/environment.py,_RolloutEnvironment._call_ors_tool,,1.5.0,1.12.0,2,TOO_YOUNG,,,,,,,,
trl:1.5.0:experimental/openreward/environment.py:_RolloutEnvironment._call_ors_tool:8302d44557c115a3,trl,huggingface/trl,train,experimental/openreward/environment.py,_RolloutEnvironment._call_ors_tool,silent-fallback,1.5.0,1.12.0,2,TOO_YOUNG,,,,,,,,
trl:1.12.0:generation/vllm_client.py:VLLMClient.weight_update:f12e1e8f455f823f,trl,huggingface/trl,train,generation/vllm_client.py,VLLMClient.weight_update,,1.12.0,1.12.0,1,TOO_YOUNG,,,,,,,,
trl:1.5.0:import_utils.py:_is_package_available:024dfbc26e75bcca,trl,huggingface/trl,train,import_utils.py,_is_package_available,,1.5.0,1.12.0,2,TOO_YOUNG,,,,,,,,
trl:0.27.0:models/activation_offloading.py:<module>:2d805b0ec9cb6f63,trl,huggingface/trl,train,models/activation_offloading.py,<module>,silent-fallback,0.27.0,1.12.0,3,TOO_YOUNG,,,,,,,,
trl:1.5.0:models/activation_offloading.py:OffloadActivations.__exit__:939b4bfefd0c66ab,trl,huggingface/trl,train,models/activation_offloading.py,OffloadActivations.__exit__,,1.5.0,1.12.0,2,TOO_YOUNG,,,,,,,,
trl:0.27.0:models/activation_offloading.py:OffloadActivations.__init__.pack_tensor:0e7876bde0ce5ee5,trl,huggingface/trl,train,models/activation_offloading.py,OffloadActivations.__init__.pack_tensor,no-action,0.27.0,1.12.0,3,TOO_YOUNG,,,,,,,,
trl:0.27.0:models/activation_offloading.py:OffloadActivations.update_model_params:9ed314aaeba26c70,trl,huggingface/trl,train,models/activation_offloading.py,OffloadActivations.update_model_params,,0.27.0,1.12.0,3,TOO_YOUNG,,,,,,,,
trl:0.27.0:models/activation_offloading.py:_get_unique_tensor_key:cdba81caa5c5516d,trl,huggingface/trl,train,models/activation_offloading.py,_get_unique_tensor_key,,0.27.0,1.12.0,3,TOO_YOUNG,,,,,,,,
trl:0.27.0:models/utils.py:_override_model_generation_config:f12e1e8f455f823f,trl,huggingface/trl,train,models/utils.py,_override_model_generation_config,,0.27.0,1.12.0,3,TOO_YOUNG,,,,,,,,
trl:0.27.0:models/utils.py:disable_gradient_checkpointing:f12e1e8f455f823f,trl,huggingface/trl,train,models/utils.py,disable_gradient_checkpointing,,0.27.0,1.12.0,3,TOO_YOUNG,,,,,,,,
trl:1.12.0:trainer/distillation_trainer.py:DistillationTrainer._tool_call_loop:2ae5408f92e716cf,trl,huggingface/trl,train,trainer/distillation_trainer.py,DistillationTrainer._tool_call_loop,,1.12.0,1.12.0,1,TOO_YOUNG,,,,,,,,
trl:1.12.0:trainer/distillation_trainer.py:DistillationTrainer.get_eval_dataloader:1f142be4bf453e61,trl,huggingface/trl,train,trainer/distillation_trainer.py,DistillationTrainer.get_eval_dataloader,,1.12.0,1.12.0,1,TOO_YOUNG,,,,,,,,
trl:1.12.0:trainer/grpo_trainer.py:GRPOTrainer.get_eval_dataloader:1f142be4bf453e61,trl,huggingface/trl,train,trainer/grpo_trainer.py,GRPOTrainer.get_eval_dataloader,,1.12.0,1.12.0,1,TOO_YOUNG,,,,,,,,
trl:1.5.0:trainer/reward_trainer.py:_ignore_seqcls_cross_arch_keys:f12e1e8f455f823f,trl,huggingface/trl,train,trainer/reward_trainer.py,_ignore_seqcls_cross_arch_keys,,1.5.0,1.12.0,2,TOO_YOUNG,,,,,,,,
trl:0.27.0:trainer/reward_trainer.py:suppress_from_pretrained_warning:f12e1e8f455f823f,trl,huggingface/trl,train,trainer/reward_trainer.py,suppress_from_pretrained_warning,,0.27.0,1.12.0,3,TOO_YOUNG,,,,,,,,
trl:1.12.0:trainer/rloo_trainer.py:RLOOTrainer.get_eval_dataloader:1f142be4bf453e61,trl,huggingface/trl,train,trainer/rloo_trainer.py,RLOOTrainer.get_eval_dataloader,,1.12.0,1.12.0,1,TOO_YOUNG,,,,,,,,
trl:0.27.0:trainer/utils.py:_is_port_free:db942bc8cdffdc73,trl,huggingface/trl,train,trainer/utils.py,_is_port_free,silent-fallback,0.27.0,1.12.0,3,TOO_YOUNG,,,,,,,,
trl:0.27.0:trainer/utils.py:ensure_master_addr_port:7c51d6c679335a8e,trl,huggingface/trl,train,trainer/utils.py,ensure_master_addr_port,no-action,0.27.0,1.12.0,3,TOO_YOUNG,,,,,,,,
trl:0.27.0:trainer/utils.py:use_adapter:f12e1e8f455f823f,trl,huggingface/trl,train,trainer/utils.py,use_adapter,,0.27.0,1.12.0,3,TOO_YOUNG,,,,,,,,
trl:0.22.0:__init__.py:<module>:9e3974d07b7dbc95,trl,huggingface/trl,train,__init__.py,<module>,no-action,0.22.0,0.22.0,1,VANISHED,,,,,,,,
trl:0.22.0:__init__.py:<module>:c0ea3ceee9ff8032,trl,huggingface/trl,train,__init__.py,<module>,,0.22.0,0.22.0,1,VANISHED,,,,,,,,
trl:0.27.0:chat_template_utils.py:parse_response:79a512de2ba54725,trl,huggingface/trl,train,chat_template_utils.py,parse_response,,0.27.0,0.27.0,1,VANISHED,,,,,,,,
trl:1.5.0:chat_template_utils.py:parse_response:cc5d4924091ab6c4,trl,huggingface/trl,train,chat_template_utils.py,parse_response,,1.5.0,1.5.0,1,VANISHED,,,,,,,,
trl:0.11.2:commands/scripts/chat.py:chat_cli:c3f8712aa90a7db8,trl,huggingface/trl,train,commands/scripts/chat.py,chat_cli,,0.11.2,0.11.2,1,VANISHED,,,,,,,,
trl:0.8.3:commands/scripts/chat.py:chat_cli:81405f243fe0ca44,trl,huggingface/trl,train,commands/scripts/chat.py,chat_cli,,0.8.3,0.8.3,1,VANISHED,,,,,,,,
trl:0.8.3:commands/scripts/chat.py:parse_settings:4ee665a28a9264ca,trl,huggingface/trl,train,commands/scripts/chat.py,parse_settings,,0.8.3,0.15.2,3,VANISHED,,,,,,,,
trl:0.4.3:core.py:<module>:097729680dbd7197,trl,huggingface/trl,train,core.py,<module>,,0.4.3,0.11.2,4,VANISHED,,,,,,,,
trl:0.7.4:environment/base_environment.py:TextEnvironment.step:1002f20b9f4ace69,trl,huggingface/trl,train,environment/base_environment.py,TextEnvironment.step,,0.7.4,0.15.2,4,VANISHED,,,,,,,,
trl:1.5.0:experimental/async_grpo/async_rollout_worker.py:AsyncRolloutWorker._execute_tool_calls:f9777fcd5c180f3a,trl,huggingface/trl,train,experimental/async_grpo/async_rollout_worker.py,AsyncRolloutWorker._execute_tool_calls,,1.5.0,1.5.0,1,VANISHED,,,,,,,,
trl:1.5.0:experimental/async_grpo/async_rollout_worker.py:AsyncRolloutWorker._generate_loop:d05b503379023a62,trl,huggingface/trl,train,experimental/async_grpo/async_rollout_worker.py,AsyncRolloutWorker._generate_loop,no-action,1.5.0,1.5.0,1,VANISHED,,,,,,,,
trl:1.5.0:experimental/async_grpo/async_rollout_worker.py:AsyncRolloutWorker._wait_for_server_ready_sync:bc154bca5fcc6f7b,trl,huggingface/trl,train,experimental/async_grpo/async_rollout_worker.py,AsyncRolloutWorker._wait_for_server_ready_sync,no-action,1.5.0,1.5.0,1,VANISHED,,,,,,,,
trl:1.5.0:experimental/async_grpo/async_rollout_worker.py:AsyncRolloutWorker.stop:ed49d226646bd8c2,trl,huggingface/trl,train,experimental/async_grpo/async_rollout_worker.py,AsyncRolloutWorker.stop,no-action,1.5.0,1.5.0,1,VANISHED,,,,,,,,
trl:0.27.0:experimental/gold/gold_trainer.py:GOLDTrainer.compute_loss:26519a69d4a67569,trl,huggingface/trl,train,experimental/gold/gold_trainer.py,GOLDTrainer.compute_loss,silent-fallback,0.27.0,0.27.0,1,VANISHED,,,,,,,,
trl:1.5.0:experimental/sdft/sdft.py:_parse_json_object:1f907cfbf7fd53f1,trl,huggingface/trl,train,experimental/sdft/sdft.py,_parse_json_object,,1.5.0,1.5.0,1,VANISHED,,,,,,,,
trl:0.22.0:extras/vllm_client.py:VLLMClient.close_communicator:d39dee9f1af6d41b,trl,huggingface/trl,train,extras/vllm_client.py,VLLMClient.close_communicator,no-action,0.22.0,1.5.0,3,VANISHED,,,,,,,,
trl:1.5.0:generation/vllm_generation.py:VLLMGeneration.generate:27de6578b48df8ea,trl,huggingface/trl,train,generation/vllm_generation.py,VLLMGeneration.generate,no-action,1.5.0,1.5.0,1,VANISHED,,,,,,,,
trl:0.7.4:import_utils.py:is_xpu_available:1d49a46d426ffc5e,trl,huggingface/trl,train,import_utils.py,is_xpu_available,silent-fallback,0.7.4,0.8.3,2,VANISHED,,,,,,,,
trl:0.22.0:models/__init__.py:<module>:9e3974d07b7dbc95,trl,huggingface/trl,train,models/__init__.py,<module>,no-action,0.22.0,0.22.0,1,VANISHED,,,,,,,,
trl:0.11.2:models/auxiliary_modules.py:AestheticScorer.__init__:3811b940993facbd,trl,huggingface/trl,train,models/auxiliary_modules.py,AestheticScorer.__init__,,0.11.2,0.11.2,1,VANISHED,,,,,,,,
trl:0.22.0:models/auxiliary_modules.py:AestheticScorer.__init__:3811b940993facbd,trl,huggingface/trl,train,models/auxiliary_modules.py,AestheticScorer.__init__,,0.22.0,0.22.0,1,VANISHED,,,,,,,,
trl:0.4.3:models/modeling_base.py:PreTrainedModelWrapper.from_pretrained:ab5af87ca09dd86e,trl,huggingface/trl,train,models/modeling_base.py,PreTrainedModelWrapper.from_pretrained,silent-fallback,0.4.3,0.4.3,1,VANISHED,,,,,,,,
trl:0.15.2:scripts/chat.py:main:873e95a9fd171c25,trl,huggingface/trl,train,scripts/chat.py,main,,0.15.2,0.15.2,1,VANISHED,,,,,,,,
trl:0.22.0:scripts/vllm_serve.py:llm_worker:8b00ad3b3a80dac5,trl,huggingface/trl,train,scripts/vllm_serve.py,llm_worker,,0.22.0,1.5.0,3,VANISHED,,,,,,,,
trl:1.5.0:scripts/vllm_serve.py:main._format_logprob_response:c84fd46da2c7cf50,trl,huggingface/trl,train,scripts/vllm_serve.py,main._format_logprob_response,,1.5.0,1.5.0,1,VANISHED,,,,,,,,
trl:1.5.0:scripts/vllm_serve.py:main._logprob_batcher:0e284c4894a81294,trl,huggingface/trl,train,scripts/vllm_serve.py,main._logprob_batcher,,1.5.0,1.5.0,1,VANISHED,,,,,,,,
trl:1.5.0:scripts/vllm_serve.py:main._logprob_batcher:396db897b6db9cb2,trl,huggingface/trl,train,scripts/vllm_serve.py,main._logprob_batcher,,1.5.0,1.5.0,1,VANISHED,,,,,,,,
trl:1.5.0:scripts/vllm_serve.py:main._logprob_batcher:cdb2211b447b90ee,trl,huggingface/trl,train,scripts/vllm_serve.py,main._logprob_batcher,,1.5.0,1.5.0,1,VANISHED,,,,,,,,
trl:1.5.0:skills/cli.py:cmd_install:42ec9b6d9ad308de,trl,huggingface/trl,train,skills/cli.py,cmd_install,,1.5.0,1.5.0,1,VANISHED,,,,,,,,
trl:1.5.0:skills/cli.py:cmd_list:c2816b6ba5f654dc,trl,huggingface/trl,train,skills/cli.py,cmd_list,silent-fallback,1.5.0,1.5.0,1,VANISHED,,,,,,,,
trl:1.5.0:skills/cli.py:cmd_uninstall:4cdcdfbe64ab4302,trl,huggingface/trl,train,skills/cli.py,cmd_uninstall,silent-fallback,1.5.0,1.5.0,1,VANISHED,,,,,,,,
trl:0.22.0:trainer/__init__.py:<module>:9e3974d07b7dbc95,trl,huggingface/trl,train,trainer/__init__.py,<module>,no-action,0.22.0,0.22.0,1,VANISHED,,,,,,,,
trl:0.27.0:trainer/grpo_trainer.py:GRPOTrainer._tool_call_loop:092cdd57ece5840c,trl,huggingface/trl,train,trainer/grpo_trainer.py,GRPOTrainer._tool_call_loop,,0.27.0,0.27.0,1,VANISHED,,,,,,,,
trl:1.5.0:trainer/grpo_trainer.py:GRPOTrainer._tool_call_loop:cc54795f5db0d338,trl,huggingface/trl,train,trainer/grpo_trainer.py,GRPOTrainer._tool_call_loop,,1.5.0,1.5.0,1,VANISHED,,,,,,,,
trl:0.7.4:trainer/reward_trainer.py:RewardTrainer.__init__:d3fecf4949600e0e,trl,huggingface/trl,train,trainer/reward_trainer.py,RewardTrainer.__init__,,0.7.4,0.22.0,5,VANISHED,,,,,,,,
uqlm:0.5.3:longform/graph/graph_scorer.py:<module>:a02096fd777ac5b1,uqlm,cvs-health/uqlm,train,longform/graph/graph_scorer.py,<module>,silent-fallback,0.5.3,0.6.5,4,SURVIVED,204.2,,,,,,,
uqlm:0.5.3:longform/graph/graph_scorer.py:GraphScorer._calculate_claim_node_graph_metrics:fba2983cf6e8cb8c,uqlm,cvs-health/uqlm,train,longform/graph/graph_scorer.py,GraphScorer._calculate_claim_node_graph_metrics,,0.5.3,0.6.5,4,SURVIVED,204.2,,,,,,,
uqlm:0.3.1:scorers/baseclass/uncertainty.py:UncertaintyQuantifier._construct_progress_bar:f03044db7b37f8e3,uqlm,cvs-health/uqlm,train,scorers/baseclass/uncertainty.py,UncertaintyQuantifier._construct_progress_bar,silent-fallback,0.3.1,0.6.5,6,SURVIVED,293.3,,,,,,,
uqlm:0.5.3:scorers/baseclass/uncertainty.py:UncertaintyQuantifier._display_generation_header:ebe3916bf0ad927d,uqlm,cvs-health/uqlm,train,scorers/baseclass/uncertainty.py,UncertaintyQuantifier._display_generation_header,no-action,0.5.3,0.6.5,4,SURVIVED,204.2,,,,,,,
uqlm:0.3.1:scorers/baseclass/uncertainty.py:UncertaintyQuantifier._display_optimization_header:998bc2d7e7842431,uqlm,cvs-health/uqlm,train,scorers/baseclass/uncertainty.py,UncertaintyQuantifier._display_optimization_header,no-action,0.3.1,0.6.5,6,SURVIVED,293.3,,,,,,,
uqlm:0.3.1:scorers/baseclass/uncertainty.py:UncertaintyQuantifier._display_scoring_header:e41afe98ad955c3d,uqlm,cvs-health/uqlm,train,scorers/baseclass/uncertainty.py,UncertaintyQuantifier._display_scoring_header,no-action,0.3.1,0.6.5,6,SURVIVED,293.3,,,,,,,
uqlm:0.3.1:scorers/baseclass/uncertainty.py:UncertaintyQuantifier._start_progress_bar:a64e770a5a3c067d,uqlm,cvs-health/uqlm,train,scorers/baseclass/uncertainty.py,UncertaintyQuantifier._start_progress_bar,no-action,0.3.1,0.6.5,6,SURVIVED,293.3,,,,,,,
uqlm:0.3.1:scorers/baseclass/uncertainty.py:UncertaintyQuantifier._stop_progress_bar:a6d1e81a8ab4ae3d,uqlm,cvs-health/uqlm,train,scorers/baseclass/uncertainty.py,UncertaintyQuantifier._stop_progress_bar,no-action,0.3.1,0.6.5,6,SURVIVED,293.3,,,,,,,
uqlm:0.3.1:scorers/baseclass/uncertainty.py:UncertaintyQuantifier._stop_progress_bar:c9567cc386596d75,uqlm,cvs-health/uqlm,train,scorers/baseclass/uncertainty.py,UncertaintyQuantifier._stop_progress_bar,no-action,0.3.1,0.6.5,6,SURVIVED,293.3,,,,,,,
uqlm:0.4.4:scorers/ensemble.py:UQEnsemble._validate_grader:9e382d81a51ed0f7,uqlm,cvs-health/uqlm,train,scorers/ensemble.py,UQEnsemble._validate_grader,,0.4.4,0.6.5,5,SURVIVED,251.4,,,,,,,
uqlm:0.2.0:utils/llm_config.py:_is_serializable:e927db848ce05499,uqlm,cvs-health/uqlm,train,utils/llm_config.py,_is_serializable,silent-fallback,0.2.0,0.6.5,8,SURVIVED,383.3,,,,,,,
uqlm:0.2.0:utils/llm_config.py:save_llm_config:3f331667a87902b1,uqlm,cvs-health/uqlm,train,utils/llm_config.py,save_llm_config,,0.2.0,0.6.5,8,SURVIVED,383.3,,,,,,,
uqlm:0.6.0:__init__.py:<module>:91ad32da0f08902f,uqlm,cvs-health/uqlm,train,__init__.py,<module>,,0.6.0,0.6.5,2,TOO_YOUNG,,,,,,,,
uqlm:0.6.0:code/code_evaluation.py:evaluate_row_unified:b71e9b8b6a0506a0,uqlm,cvs-health/uqlm,train,code/code_evaluation.py,evaluate_row_unified,,0.6.0,0.6.5,2,TOO_YOUNG,,,,,,,,
uqlm:0.6.0:code/code_evaluation.py:evaluate_row_unified:ced197dbe2812505,uqlm,cvs-health/uqlm,train,code/code_evaluation.py,evaluate_row_unified,,0.6.0,0.6.5,2,TOO_YOUNG,,,,,,,,
uqlm:0.6.0:code/codebleu.py:CodeBLEU.codebleu_pair:5d1d9d277d946625,uqlm,cvs-health/uqlm,train,code/codebleu.py,CodeBLEU.codebleu_pair,,0.6.0,0.6.5,2,TOO_YOUNG,,,,,,,,
uqlm:0.6.0:code/lcb_grader.py:call_method._inner_call_method:0429093eaed6b561,uqlm,cvs-health/uqlm,train,code/lcb_grader.py,call_method._inner_call_method,,0.6.0,0.6.5,2,TOO_YOUNG,,,,,,,,
uqlm:0.6.0:code/lcb_grader.py:clean_if_name:39bbed7381d9433e,uqlm,cvs-health/uqlm,train,code/lcb_grader.py,clean_if_name,no-action,0.6.0,0.6.5,2,TOO_YOUNG,,,,,,,,
uqlm:0.6.0:code/lcb_grader.py:compile_code:ff672996b1cfaccb,uqlm,cvs-health/uqlm,train,code/lcb_grader.py,compile_code,,0.6.0,0.6.5,2,TOO_YOUNG,,,,,,,,
uqlm:0.6.0:code/lcb_grader.py:convert_line_to_decimals:1956b39ad7d8d1b4,uqlm,cvs-health/uqlm,train,code/lcb_grader.py,convert_line_to_decimals,,0.6.0,0.6.5,2,TOO_YOUNG,,,,,,,,
uqlm:0.6.0:code/lcb_grader.py:get_function:de3eb96f5964693b,uqlm,cvs-health/uqlm,train,code/lcb_grader.py,get_function,silent-fallback,0.6.0,0.6.5,2,TOO_YOUNG,,,,,,,,
uqlm:0.6.0:code/lcb_grader.py:grade_call_based:1b6a8329d1e559ca,uqlm,cvs-health/uqlm,train,code/lcb_grader.py,grade_call_based,,0.6.0,0.6.5,2,TOO_YOUNG,,,,,,,,
uqlm:0.6.0:code/lcb_grader.py:grade_call_based:3c85e2a0e8d49b9d,uqlm,cvs-health/uqlm,train,code/lcb_grader.py,grade_call_based,,0.6.0,0.6.5,2,TOO_YOUNG,,,,,,,,
uqlm:0.6.0:code/lcb_grader.py:grade_call_based:c6c5f4ce089c83bb,uqlm,cvs-health/uqlm,train,code/lcb_grader.py,grade_call_based,,0.6.0,0.6.5,2,TOO_YOUNG,,,,,,,,
uqlm:0.6.0:code/lcb_grader.py:grade_stdio:0a3a364076013563,uqlm,cvs-health/uqlm,train,code/lcb_grader.py,grade_stdio,,0.6.0,0.6.5,2,TOO_YOUNG,,,,,,,,
uqlm:0.6.0:code/lcb_grader.py:main:bb23751dc4ca2df7,uqlm,cvs-health/uqlm,train,code/lcb_grader.py,main,silent-fallback,0.6.0,0.6.5,2,TOO_YOUNG,,,,,,,,
uqlm:0.6.0:code/lcb_grader.py:main:d686e4ec1ddf04fb,uqlm,cvs-health/uqlm,train,code/lcb_grader.py,main,silent-fallback,0.6.0,0.6.5,2,TOO_YOUNG,,,,,,,,
uqlm:0.6.0:code/lcb_grader.py:make_function:4354dc6a583a0da0,uqlm,cvs-health/uqlm,train,code/lcb_grader.py,make_function,,0.6.0,0.6.5,2,TOO_YOUNG,,,,,,,,
uqlm:0.6.0:code/lcb_grader.py:run_test:bb1d5ee79af1cc09,uqlm,cvs-health/uqlm,train,code/lcb_grader.py,run_test,,0.6.0,0.6.5,2,TOO_YOUNG,,,,,,,,
uqlm:0.6.0:code/lcb_grader.py:run_test:d9c8147788fc8de7,uqlm,cvs-health/uqlm,train,code/lcb_grader.py,run_test,,0.6.0,0.6.5,2,TOO_YOUNG,,,,,,,,
uqlm:0.6.5:utils/async_utils.py:run_sync:27ce7161404d1f40,uqlm,cvs-health/uqlm,train,utils/async_utils.py,run_sync,,0.6.5,0.6.5,1,TOO_YOUNG,,,,,,,,
uqlm:0.5.7:utils/response_generator.py:ResponseGenerator.ainvoke_with_top_logprobs:b82f95336367597a,uqlm,cvs-health/uqlm,train,utils/response_generator.py,ResponseGenerator.ainvoke_with_top_logprobs,no-action,0.5.7,0.6.5,3,TOO_YOUNG,,,,,,,,
uqlm:0.5.7:utils/response_generator.py:ResponseGenerator.ainvoke_with_top_logprobs:cab1ccc4d404cb8d,uqlm,cvs-health/uqlm,train,utils/response_generator.py,ResponseGenerator.ainvoke_with_top_logprobs,no-action,0.5.7,0.6.5,3,TOO_YOUNG,,,,,,,,
uqlm:0.6.0:white_box/top_logprobs.py:TopLogprobsScorer._probability_margin:f6d1def28e8461f9,uqlm,cvs-health/uqlm,train,white_box/top_logprobs.py,TopLogprobsScorer._probability_margin,,0.6.0,0.6.5,2,TOO_YOUNG,,,,,,,,
uqlm:0.1.0:black_box/bleurt.py:BLEURTScorer._download_and_unzip:0b231abb462532cf,uqlm,cvs-health/uqlm,train,black_box/bleurt.py,BLEURTScorer._download_and_unzip,,0.1.0,0.1.5,2,VANISHED,,,,,,,,
uqlm:0.1.0:black_box/bleurt.py:BLEURTScorer._download_and_unzip:7b9f98a81b117493,uqlm,cvs-health/uqlm,train,black_box/bleurt.py,BLEURTScorer._download_and_unzip,silent-fallback,0.1.0,0.1.5,2,VANISHED,,,,,,,,
uqlm:0.3.1:scorers/baseclass/uncertainty.py:UncertaintyQuantifier._display_generation_header:6ad3ca63050aac86,uqlm,cvs-health/uqlm,train,scorers/baseclass/uncertainty.py,UncertaintyQuantifier._display_generation_header,no-action,0.3.1,0.3.1,1,VANISHED,,,,,,,,
uqlm:0.4.4:scorers/baseclass/uncertainty.py:UncertaintyQuantifier._display_generation_header:354a8d416cde13ea,uqlm,cvs-health/uqlm,train,scorers/baseclass/uncertainty.py,UncertaintyQuantifier._display_generation_header,no-action,0.4.4,0.4.4,1,VANISHED,,,,,,,,
uqlm:0.4.4:utils/response_generator.py:ResponseGenerator.agenerate_with_top_logprobs:6e6f05f8aa91b223,uqlm,cvs-health/uqlm,train,utils/response_generator.py,ResponseGenerator.agenerate_with_top_logprobs,no-action,0.4.4,0.5.3,2,VANISHED,,,,,,,,
uqlm:0.4.4:utils/response_generator.py:ResponseGenerator.agenerate_with_top_logprobs:7b9a6b3667805095,uqlm,cvs-health/uqlm,train,utils/response_generator.py,ResponseGenerator.agenerate_with_top_logprobs,no-action,0.4.4,0.5.3,2,VANISHED,,,,,,,,
uqlm:0.4.4:white_box/top_logprobs.py:TopLogprobsScorer._probability_margin:31bc637f4ddf711e,uqlm,cvs-health/uqlm,train,white_box/top_logprobs.py,TopLogprobsScorer._probability_margin,,0.4.4,0.5.7,3,VANISHED,,,,,,,,
